source_repo,source_path,source_sha256,destination_path,action,owner,validation_gate,notes
repo_a,.env.example,50d9b661e93c73302e0812e45fdf2219206154494a87c1196268dbb15ad1f21c,imported_from_a/.env.example,informative,Integration Architect,P0-G0,Reference evidence only
repo_a,.gitattributes,7a7d1c03c0a63b5d1f644aa3717fdd3a25f8eeb5cf8e0446f5183625366115fa,imported_from_a/.gitattributes,informative,Integration Architect,P0-G0,Reference evidence only
repo_a,.gitignore,84d0bd6654b8dd15ce0fb19cc68a39073c3f4b852d6cb471ae641326d95636b8,imported_from_a/.gitignore,informative,Integration Architect,P0-G0,Reference evidence only
repo_a,BUILDER_1_BUILDER_2_INTEGRATION_CONTRACT.md,7a6bb6054f80c068a60b8973e135022ea68abce9757d865c8bd7d15e0fc55ad1,imported_from_a/BUILDER_1_BUILDER_2_INTEGRATION_CONTRACT.md,informative,Integration Architect,P0-G0,Reference evidence only
repo_a,BUILDER_2_HANDOFF.md,1d7e7309d23350b0cda12b91cadacbc6d9c3dcf735e895034d158cfc2759b459,imported_from_a/BUILDER_2_HANDOFF.md,informative,Integration Architect,P0-G0,Reference evidence only
repo_a,DAY_1_BUILDER_1_DEVELOPMENT_OVERVIEW.md,6698427767063b10dc10aba00f20edcdc71bfa72f35d0e276d28d3decbce8f15,imported_from_a/DAY_1_BUILDER_1_DEVELOPMENT_OVERVIEW.md,informative,Integration Architect,P0-G0,Reference evidence only
repo_a,DAY_2_BUILDER_1_DEVELOPMENT_OVERVIEW.md,babe922b27b8c34d5d416f24a7e9227ba6412b2f1e17327e6a1678784240ff58,imported_from_a/DAY_2_BUILDER_1_DEVELOPMENT_OVERVIEW.md,informative,Integration Architect,P0-G0,Reference evidence only
repo_a,DAY_3_REAL_DATA_FOUNDATION.md,3e5f52999333edca0c06a654397eb15de7b719c36fc74944574cb489ff19657a,imported_from_a/DAY_3_REAL_DATA_FOUNDATION.md,informative,Integration Architect,P0-G0,Reference evidence only
repo_a,DAY_4_HISTORICAL_VERIFICATION_AND_LABELS.md,235e77c42a4776beb9bbaacec09c09d16cd166870565b36ac24aa88bbbb801f2,imported_from_a/DAY_4_HISTORICAL_VERIFICATION_AND_LABELS.md,informative,Integration Architect,P0-G0,Reference evidence only
repo_a,DAY_5_FEATURE_ENGINEERING_AND_BASELINE_ML.md,9e34b2b07f5195c8ff1bf387733605bba135ad107e30ca3fa91bf10d6d274d6a,imported_from_a/DAY_5_FEATURE_ENGINEERING_AND_BASELINE_ML.md,informative,Integration Architect,P0-G0,Reference evidence only
repo_a,DAY_6_LIVE_MODEL_SERVING_AND_PREDICTION.md,09a3ff05a8944b279d5efbe245aef0902ebf2b50c3251d461de104b963bac1c7,imported_from_a/DAY_6_LIVE_MODEL_SERVING_AND_PREDICTION.md,informative,Integration Architect,P0-G0,Reference evidence only
repo_a,DEVELOPER_COMMANDS.md,8df12b823f1ffff20e379d0446d86530769f01b898c81bae0f08d1f81395b656,imported_from_a/DEVELOPER_COMMANDS.md,informative,Integration Architect,P0-G0,Reference evidence only
repo_a,LICENSE,df8a907ebf1900929983cef179382e12fdd6b1a7293c3928adaadc0cb2f70bfa,imported_from_a/LICENSE,informative,Integration Architect,P0-G0,Reference evidence only
repo_a,pyproject.toml,4c7d10c5e97c608c24ceb751640e98e776d6a6c17d01bfbf35712a59e325dc64,imported_from_a/pyproject.toml,informative,Integration Architect,P0-G0,Reference evidence only
repo_a,pytest.ini,577ef0b0cd50783067d13214381dd6315295cad5b0885dc05b1229f096a4d17c,imported_from_a/pytest.ini,informative,Integration Architect,P0-G0,Reference evidence only
repo_a,README.md,b50d52704ec1745bf3f10ae7215a6c7ebc0eec22a7e7e34163d80824b8faaf48,imported_from_a/README.md,informative,Integration Architect,P0-G0,Reference evidence only
repo_a,requirements.txt,a0681cd70480964adf0693fcad192d70af8e7b5c632f4b640b2191bc1255f96f,imported_from_a/requirements.txt,informative,Integration Architect,P0-G0,Reference evidence only
repo_a,vercel.json,259e971551ccb952e6144fff714b067174afa6245b8222b0ffb0136b1366f697,imported_from_a/vercel.json,informative,Integration Architect,P0-G0,Reference evidence only
repo_a,Audits/VEYRA_BUILDER2_ADVANCED_FEATURE_AUDIT.md,b818b10117a0ca0d58220d1c67add5f995e57bb3983f3da20aaf73dd956c9d37,imported_from_a/Audits/VEYRA_BUILDER2_ADVANCED_FEATURE_AUDIT.md,informative,Integration Architect,P0-G0,Reference evidence only
repo_a,Audits/VEYRA_COMPLETE_PROJECT_AUDIT.md,afee4ef5f9b494f83345aee7eb88349cf9362f0cbc65b8c2ce49d9aaab889bf9,imported_from_a/Audits/VEYRA_COMPLETE_PROJECT_AUDIT.md,informative,Integration Architect,P0-G0,Reference evidence only
repo_a,Audits/VEYRA_CURRENT_PROBLEM_REVERIFICATION.md,2bfc28e85607fa4fed0ce3468868e328b04d705b9b7bae0656bb70246379af7b,imported_from_a/Audits/VEYRA_CURRENT_PROBLEM_REVERIFICATION.md,informative,Integration Architect,P0-G0,Reference evidence only
repo_a,Audits/VEYRA_DAY21_V3_ARTIFACT_REVERIFICATION.md,34e7388e7c58fd0d524477fe979cc7fc20b9b6dce5040f3a837a43221e7d2e75,imported_from_a/Audits/VEYRA_DAY21_V3_ARTIFACT_REVERIFICATION.md,informative,Integration Architect,P0-G0,Reference evidence only
repo_a,Audits/VEYRA_Day_1_to_Day_25_Master_Overview.md,77d33ad8a3413cf60a7a12c0278dd9624013cac759249b8960bb80f0802fb93a,imported_from_a/Audits/VEYRA_Day_1_to_Day_25_Master_Overview.md,informative,Integration Architect,P0-G0,Reference evidence only
repo_a,Audits/VEYRA_Internal_Judging_Technical_Preparation.md,0bc1ca7edaac9e801993b08f01a61982ea7d00857dea25fb7131de7fe01baee9,imported_from_a/Audits/VEYRA_Internal_Judging_Technical_Preparation.md,informative,Integration Architect,P0-G0,Reference evidence only
repo_a,Audits/VEYRA_MODEL_ARTIFACT_RECOVERY_AUDIT.md,29fe99867ca8f4a84de49a7ce149b950ba104ca2f6a8e15e1c2ab4e600d375d1,imported_from_a/Audits/VEYRA_MODEL_ARTIFACT_RECOVERY_AUDIT.md,informative,Integration Architect,P0-G0,Reference evidence only
repo_a,Audits/VEYRA_V3_COMPATIBILITY_AND_INTEGRATION_DESIGN.md,703948a10d1383150cee6e53c052d1996d5c49895488b547c7188fef36e1b0ae,imported_from_a/Audits/VEYRA_V3_COMPATIBILITY_AND_INTEGRATION_DESIGN.md,informative,Integration Architect,P0-G0,Reference evidence only
repo_a,Audits/VEYRA_V3_RETRAINING_READINESS_AUDIT.md,68e88e0a0c5d55341872e6aa8b2dc5e2073d8c942fe2a825b0754b6f11868c12,imported_from_a/Audits/VEYRA_V3_RETRAINING_READINESS_AUDIT.md,informative,Integration Architect,P0-G0,Reference evidence only
repo_a,Audits/VEYRA_V4_DATASET_RECOVERY_AUDIT.md,af11a8d8baeeda0f111d17eb6ba8243dd3663baf776b0794cfb890405043a736,imported_from_a/Audits/VEYRA_V4_DATASET_RECOVERY_AUDIT.md,informative,Integration Architect,P0-G0,Reference evidence only
repo_a,Audits/VEYRA_V4_EXTERNAL_DATASET_RECOVERY.md,4c7c5f85a84044e55366ef6b7ab8e9191f22b7c0971d1c5288cc2af19f15428b,imported_from_a/Audits/VEYRA_V4_EXTERNAL_DATASET_RECOVERY.md,informative,Integration Architect,P0-G0,Reference evidence only
repo_a,Audits/VEYRA_V4_SCIENTIFIC_FOUNDATION.md,82d4bbb6d7ff2193088603c3d4343dedf4b7a47acea370287447438dbb399900,imported_from_a/Audits/VEYRA_V4_SCIENTIFIC_FOUNDATION.md,informative,Integration Architect,P0-G0,Reference evidence only
repo_a,backend/app/main.py,4c7b649ec8933e41aabf2cce6a779a75a1bd2a8fb81320ae499723a979059fd0,imported_from_a/backend/app/main.py,informative,Integration Architect,P0-G0,Reference evidence only
repo_a,backend/app/__init__.py,f127dafea6aa5ee73e604fe31306a52cc2a7d2a05896f9c7bab56ab64aba5d17,imported_from_a/backend/app/__init__.py,informative,Integration Architect,P0-G0,Reference evidence only
repo_a,backend/app/adapters/fixture_second_provider_adapter.py,f06ce0f3e097c7ef5b6c33ca1057f19a9ad497ba02576968d1d1bf33558d8fda,imported_from_a/backend/app/adapters/fixture_second_provider_adapter.py,informative,Integration Architect,P0-G0,Reference evidence only
repo_a,backend/app/adapters/openmeteo_adapter.py,1b9ab4fcbe908255af44b24f3eb37b1918cad274a7f0dd78add5c5249db73c42,imported_from_a/backend/app/adapters/openmeteo_adapter.py,informative,Integration Architect,P0-G0,Reference evidence only
repo_a,backend/app/adapters/provider_adapter.py,e8e1ffb947ab69434259ca947fa97acfe15a932055ccc6d36bd8fba7033e4793,imported_from_a/backend/app/adapters/provider_adapter.py,informative,Integration Architect,P0-G0,Reference evidence only
repo_a,backend/app/adapters/provider_registry.py,50b82565e8fba42d3804dc459c58da25eea2fed5bbdf7ba6336c921e0c2b8744,imported_from_a/backend/app/adapters/provider_registry.py,informative,Integration Architect,P0-G0,Reference evidence only
repo_a,backend/app/adapters/__init__.py,39827bf13d097335bd46873d72fc18826377abbee400418f0b74754b9ceda218,imported_from_a/backend/app/adapters/__init__.py,informative,Integration Architect,P0-G0,Reference evidence only
repo_a,backend/app/adapters/__pycache__/fixture_second_provider_adapter.cpython-310.pyc,f5c0750ed976b9bb112ccbf5514508fcc961bca3d8a2d2d94c81c15abcdd141c,imported_from_a/backend/app/adapters/__pycache__/fixture_second_provider_adapter.cpython-310.pyc,informative,Integration Architect,P0-G0,Reference evidence only
repo_a,backend/app/adapters/__pycache__/openmeteo_adapter.cpython-310.pyc,73b8bbb8de5828e73eb8995bcd3cee771b7e6dd96243695ac4685ae6704b9134,imported_from_a/backend/app/adapters/__pycache__/openmeteo_adapter.cpython-310.pyc,informative,Integration Architect,P0-G0,Reference evidence only
repo_a,backend/app/adapters/__pycache__/provider_adapter.cpython-310.pyc,88659d0456f8a64bf8f54119515e3cc01d0d7b3fc7c14da258342702adf5685d,imported_from_a/backend/app/adapters/__pycache__/provider_adapter.cpython-310.pyc,informative,Integration Architect,P0-G0,Reference evidence only
repo_a,backend/app/adapters/__pycache__/provider_registry.cpython-310.pyc,61a2e3ff51993ac7002b71bb1056fa54592cfff809d1818a321f064e68dd9adc,imported_from_a/backend/app/adapters/__pycache__/provider_registry.cpython-310.pyc,informative,Integration Architect,P0-G0,Reference evidence only
repo_a,backend/app/adapters/__pycache__/__init__.cpython-310.pyc,0f1d8f6ae09ddca1856d28581d95840e7acecd1f0785bafd9b7abc41103cc825,imported_from_a/backend/app/adapters/__pycache__/__init__.cpython-310.pyc,informative,Integration Architect,P0-G0,Reference evidence only
repo_a,backend/app/agents/forecast_bust_agent.py,a70685a8a64e2380006456b028e3c857af8371450675e4d103e19300907fa966,imported_from_a/backend/app/agents/forecast_bust_agent.py,informative,Integration Architect,P0-G0,Reference evidence only
repo_a,backend/app/agents/__init__.py,73015c2724cb23e9794b722934ab822586adfdf27c722422c78607f57377da73,imported_from_a/backend/app/agents/__init__.py,informative,Integration Architect,P0-G0,Reference evidence only
repo_a,backend/app/agents/__pycache__/forecast_bust_agent.cpython-310.pyc,695f5cde83071921527862d86e6c1a245ac932bf1f67603db2d11dc876a9987c,imported_from_a/backend/app/agents/__pycache__/forecast_bust_agent.cpython-310.pyc,informative,Integration Architect,P0-G0,Reference evidence only
repo_a,backend/app/agents/__pycache__/__init__.cpython-310.pyc,6f80571944de2226ab1eb269d89ec8be28a0db761f40bf7e66a5674e3d6eb273,imported_from_a/backend/app/agents/__pycache__/__init__.cpython-310.pyc,informative,Integration Architect,P0-G0,Reference evidence only
repo_a,backend/app/api/__init__.py,5b96d03591b3d982cc5f1d610bd7bf78a85b7ff18d155632dcc0b70fb82e8147,imported_from_a/backend/app/api/__init__.py,informative,Integration Architect,P0-G0,Reference evidence only
repo_a,backend/app/api/v1/router.py,d1b08954265700bf9279fe8f395167314f5df170908a3db50eff0a0cc34ced9e,imported_from_a/backend/app/api/v1/router.py,informative,Integration Architect,P0-G0,Reference evidence only
repo_a,backend/app/api/v1/__init__.py,d95242051fa9e62524e4f8a762905d0833f81d71c1ef8e37b1d9e46aa39a6c57,imported_from_a/backend/app/api/v1/__init__.py,informative,Integration Architect,P0-G0,Reference evidence only
repo_a,backend/app/api/v1/endpoints/certification.py,5167154e0973923bce4099e4fb9499f21abc8916c6d82b488220584d7789afda,imported_from_a/backend/app/api/v1/endpoints/certification.py,informative,Integration Architect,P0-G0,Reference evidence only
repo_a,backend/app/api/v1/endpoints/dashboard.py,d0730fbc53c711f878cf989a01f977683ce3d73072af279678bea303c03a697e,imported_from_a/backend/app/api/v1/endpoints/dashboard.py,informative,Integration Architect,P0-G0,Reference evidence only
repo_a,backend/app/api/v1/endpoints/disagreement.py,3f2c90f285f15e624e76de512cb1f6ec77e87711a58eb956e28724d2cd8b9a99,imported_from_a/backend/app/api/v1/endpoints/disagreement.py,informative,Integration Architect,P0-G0,Reference evidence only
repo_a,backend/app/api/v1/endpoints/evaluation.py,e117bb0b80a177cb965b316cc0fce4e2836b9cc30ad829041afa8899eddc14d6,imported_from_a/backend/app/api/v1/endpoints/evaluation.py,informative,Integration Architect,P0-G0,Reference evidence only
repo_a,backend/app/api/v1/endpoints/health.py,3ac822944d51ef0810084b6b5a3500cc6ab19bbc0527af53d62be4e429321c49,imported_from_a/backend/app/api/v1/endpoints/health.py,informative,Integration Architect,P0-G0,Reference evidence only
repo_a,backend/app/api/v1/endpoints/metrics.py,18aec0ebd87cbf60e2328c5bc253ce083a8e7fb32a82442b8be0262f7c85c5af,imported_from_a/backend/app/api/v1/endpoints/metrics.py,informative,Integration Architect,P0-G0,Reference evidence only
repo_a,backend/app/api/v1/endpoints/multi_location.py,fcd3f4b9cf4bc038bb08c0182b8383d1aa1a259ebce052f73d4f09b73949dbef,imported_from_a/backend/app/api/v1/endpoints/multi_location.py,informative,Integration Architect,P0-G0,Reference evidence only
repo_a,backend/app/api/v1/endpoints/ood.py,bb60d1f7fa9cbbe64f2d3f554cf7943f0a5bee9fde4d9400211ad7891224adc2,imported_from_a/backend/app/api/v1/endpoints/ood.py,informative,Integration Architect,P0-G0,Reference evidence only
repo_a,backend/app/api/v1/endpoints/predict.py,7daa6550fb4cf196e524f341809883c4a28cba591482549dbeeb06f19bc6342f,imported_from_a/backend/app/api/v1/endpoints/predict.py,informative,Integration Architect,P0-G0,Reference evidence only
repo_a,backend/app/api/v1/endpoints/provider_disagreement.py,14321d976d873f75ad8394f66be5f1536b14d2cec1205100073313cb1e7ff52f,imported_from_a/backend/app/api/v1/endpoints/provider_disagreement.py,informative,Integration Architect,P0-G0,Reference evidence only
repo_a,backend/app/api/v1/endpoints/revision.py,277057de27eacea6db4e10afc7bb046aab632b1c95b15d7bed896b65f2d8e5c0,imported_from_a/backend/app/api/v1/endpoints/revision.py,informative,Integration Architect,P0-G0,Reference evidence only
repo_a,backend/app/api/v1/endpoints/spatial.py,08a025e64348cbd2a8397c64a89c6940ddc706a6337a26fff15ef6df22b91790,imported_from_a/backend/app/api/v1/endpoints/spatial.py,informative,Integration Architect,P0-G0,Reference evidence only
repo_a,backend/app/api/v1/endpoints/__init__.py,bcce303afd73944ed542c336a3efb890215b481c4408018a5c1df368b203c4a6,imported_from_a/backend/app/api/v1/endpoints/__init__.py,informative,Integration Architect,P0-G0,Reference evidence only
repo_a,backend/app/api/v1/endpoints/__pycache__/certification.cpython-310.pyc,6edcfec755a52e6e43176bbeab29fd1123c10b34b04879722c4824ac894a82ea,imported_from_a/backend/app/api/v1/endpoints/__pycache__/certification.cpython-310.pyc,informative,Integration Architect,P0-G0,Reference evidence only
repo_a,backend/app/api/v1/endpoints/__pycache__/dashboard.cpython-310.pyc,ae656c16e10c0e6a9d87da0c7f191b6ec53a35f352abac71c5b25534e6752466,imported_from_a/backend/app/api/v1/endpoints/__pycache__/dashboard.cpython-310.pyc,informative,Integration Architect,P0-G0,Reference evidence only
repo_a,backend/app/api/v1/endpoints/__pycache__/disagreement.cpython-310.pyc,83976c415a7225e0146023474c12ec04ca1930e5507d7dc868bfd6d17ecb88dc,imported_from_a/backend/app/api/v1/endpoints/__pycache__/disagreement.cpython-310.pyc,informative,Integration Architect,P0-G0,Reference evidence only
repo_a,backend/app/api/v1/endpoints/__pycache__/evaluation.cpython-310.pyc,8adebeb57613a6edab51aeb62e2f6d2977ca271040b0a8e6860782890e28cab8,imported_from_a/backend/app/api/v1/endpoints/__pycache__/evaluation.cpython-310.pyc,informative,Integration Architect,P0-G0,Reference evidence only
repo_a,backend/app/api/v1/endpoints/__pycache__/health.cpython-310.pyc,d1ea49a2f54c724cfd3b89aeef8e78e50a14d4b58bd91711f84a3b56fe6460db,imported_from_a/backend/app/api/v1/endpoints/__pycache__/health.cpython-310.pyc,informative,Integration Architect,P0-G0,Reference evidence only
repo_a,backend/app/api/v1/endpoints/__pycache__/metrics.cpython-310.pyc,c89db9d872c73802f63d298b9cc30fff192b2b7499f0ff53eca1d42dceb9f9a3,imported_from_a/backend/app/api/v1/endpoints/__pycache__/metrics.cpython-310.pyc,informative,Integration Architect,P0-G0,Reference evidence only
repo_a,backend/app/api/v1/endpoints/__pycache__/multi_location.cpython-310.pyc,f60014f8b0f7c96eb40ebba0e19ba60f51eec9f531fc030663a5c5abae07b973,imported_from_a/backend/app/api/v1/endpoints/__pycache__/multi_location.cpython-310.pyc,informative,Integration Architect,P0-G0,Reference evidence only
repo_a,backend/app/api/v1/endpoints/__pycache__/ood.cpython-310.pyc,07ed4d7acfb04ae30e24da4a24d9f0e009f62c981f77b5357186426f0d04921f,imported_from_a/backend/app/api/v1/endpoints/__pycache__/ood.cpython-310.pyc,informative,Integration Architect,P0-G0,Reference evidence only
repo_a,backend/app/api/v1/endpoints/__pycache__/predict.cpython-310.pyc,950c2a675a24ce957381258181ea910038957c0025a49f66fda3e9f8688587f5,imported_from_a/backend/app/api/v1/endpoints/__pycache__/predict.cpython-310.pyc,informative,Integration Architect,P0-G0,Reference evidence only
repo_a,backend/app/api/v1/endpoints/__pycache__/provider_disagreement.cpython-310.pyc,a34a9e8bd8e403ec17537b64fe50dd1245b5e1dd71a235d8b8d866e03f73b5c3,imported_from_a/backend/app/api/v1/endpoints/__pycache__/provider_disagreement.cpython-310.pyc,informative,Integration Architect,P0-G0,Reference evidence only
repo_a,backend/app/api/v1/endpoints/__pycache__/revision.cpython-310.pyc,2a4225961dd44660058750a64e844bd962a910be644a9d58ca778b680a452e08,imported_from_a/backend/app/api/v1/endpoints/__pycache__/revision.cpython-310.pyc,informative,Integration Architect,P0-G0,Reference evidence only
repo_a,backend/app/api/v1/endpoints/__pycache__/spatial.cpython-310.pyc,059fc4e4388a84cafd04ae45df9ccd9de6b94ea762c4d25920027be979b59224,imported_from_a/backend/app/api/v1/endpoints/__pycache__/spatial.cpython-310.pyc,informative,Integration Architect,P0-G0,Reference evidence only
repo_a,backend/app/api/v1/endpoints/__pycache__/__init__.cpython-310.pyc,8a3f331fd98534cb67db13bb5af3ad48b499fc8c2727b455eff49ced9f0b7d56,imported_from_a/backend/app/api/v1/endpoints/__pycache__/__init__.cpython-310.pyc,informative,Integration Architect,P0-G0,Reference evidence only
repo_a,backend/app/api/v1/__pycache__/router.cpython-310.pyc,a720075415c5e6f6e4d9df4b20da4a3a8ad43865a58c2be2c3aced1236d44e59,imported_from_a/backend/app/api/v1/__pycache__/router.cpython-310.pyc,informative,Integration Architect,P0-G0,Reference evidence only
repo_a,backend/app/api/v1/__pycache__/__init__.cpython-310.pyc,3b5828d0e9e1c441056a63141ac45b79f91a304d15a23388a0b503cb5d2f91a2,imported_from_a/backend/app/api/v1/__pycache__/__init__.cpython-310.pyc,informative,Integration Architect,P0-G0,Reference evidence only
repo_a,backend/app/api/__pycache__/__init__.cpython-310.pyc,4e58e7da243cb2d5a5970bdf3cd8b5176d5964e39d51f310a5e78782a134040d,imported_from_a/backend/app/api/__pycache__/__init__.cpython-310.pyc,informative,Integration Architect,P0-G0,Reference evidence only
repo_a,backend/app/builder2/calibrator.py,d65424858a9a6045a44ad9054c37875aeaf6b40c3bb04e68997f5ad17418cbaf,imported_from_a/backend/app/builder2/calibrator.py,informative,Integration Architect,P0-G0,Reference evidence only
repo_a,backend/app/builder2/explainer.py,61b8d92ed864473624e4192c1952a266a28ed6a60bc304b85c6d5834c643e1f2,imported_from_a/backend/app/builder2/explainer.py,informative,Integration Architect,P0-G0,Reference evidence only
repo_a,backend/app/builder2/feature_adapter.py,4e4efa84b028b219686b639de6ac38472497ca8e5e2cd016a2199dd757c8596e,imported_from_a/backend/app/builder2/feature_adapter.py,informative,Integration Architect,P0-G0,Reference evidence only
repo_a,backend/app/builder2/feature_pipeline.py,cf111a2d20f602c7b6225bfe4920d7238f6d19661b8382e2a7ce1720696ab161,imported_from_a/backend/app/builder2/feature_pipeline.py,informative,Integration Architect,P0-G0,Reference evidence only
repo_a,backend/app/builder2/instability_feature_pipeline.py,09303fad5b0496bdd662ef814207300c6bf8ac7fa5f37f1379f7112566bcb9c0,imported_from_a/backend/app/builder2/instability_feature_pipeline.py,informative,Integration Architect,P0-G0,Reference evidence only
repo_a,backend/app/builder2/instability_fingerprint.py,0bb36e2f61fee57328393954eb888d7ddb2694b1592b2daaf1ad99b7c40752f2,imported_from_a/backend/app/builder2/instability_fingerprint.py,informative,Integration Architect,P0-G0,Reference evidence only
repo_a,backend/app/builder2/label_engine.py,b0dc30269f4ef674bc70f7035a0346e7eee9666aecba9b423e72197e27f89ba2,imported_from_a/backend/app/builder2/label_engine.py,informative,Integration Architect,P0-G0,Reference evidence only
repo_a,backend/app/builder2/location_service.py,9d96cfc1007b8150f27e9d9110fe2d90cbe29278e2966f19242f6ac819911613,imported_from_a/backend/app/builder2/location_service.py,informative,Integration Architect,P0-G0,Reference evidence only
repo_a,backend/app/builder2/model_adapter.py,c04f07f63fd01011f1d49c3f282bccfd8dcb3fb77b7c9503b919275135b1d382,imported_from_a/backend/app/builder2/model_adapter.py,informative,Integration Architect,P0-G0,Reference evidence only
repo_a,backend/app/builder2/model_service.py,a002f3d1da481a100d56245cad46b36eea37b4645086eb42f4aaa336140ca0e3,imported_from_a/backend/app/builder2/model_service.py,informative,Integration Architect,P0-G0,Reference evidence only
repo_a,backend/app/builder2/schemas.py,740f7494520ed2b5abf9cd0b86bae8bc0e58ed0ab354f187a29c82de0ac064c2,imported_from_a/backend/app/builder2/schemas.py,informative,Integration Architect,P0-G0,Reference evidence only
repo_a,backend/app/builder2/tree_classifier.py,e9874b1556ca393b675ab38222236309cb7b2c7d5036ce1a6f25e5c4824ddbcb,imported_from_a/backend/app/builder2/tree_classifier.py,informative,Integration Architect,P0-G0,Reference evidence only
repo_a,backend/app/builder2/v3_feature_adapter.py,85262515ba1bc23024ddae8489fcee24d1b3b3ebb97ffc0502a46ee83d196d30,imported_from_a/backend/app/builder2/v3_feature_adapter.py,informative,Integration Architect,P0-G0,Reference evidence only
repo_a,backend/app/builder2/v3_feature_pipeline.py,c20177199d08fde3e9166dc5c9adddf32cafb4d6b82049a7d06044828d53cc26,imported_from_a/backend/app/builder2/v3_feature_pipeline.py,informative,Integration Architect,P0-G0,Reference evidence only
repo_a,backend/app/builder2/v3_model_adapter.py,2acf3f51fffffdbda0d86ab9c23960f57e583705aa78eb90acb5a8ed300bbf3f,imported_from_a/backend/app/builder2/v3_model_adapter.py,informative,Integration Architect,P0-G0,Reference evidence only
repo_a,backend/app/builder2/weather_adapter.py,e89d22ade8dbae9e98aec4ee2488f6a84882fb41d94b0acb728c689662dbd866,imported_from_a/backend/app/builder2/weather_adapter.py,informative,Integration Architect,P0-G0,Reference evidence only
repo_a,backend/app/builder2/__init__.py,247c88bb170ba752fcfa4a8e5c4b94d500b311dcd618499d4e7eb0384082ec55,imported_from_a/backend/app/builder2/__init__.py,informative,Integration Architect,P0-G0,Reference evidence only
repo_a,backend/app/builder2/__pycache__/calibrator.cpython-310.pyc,781adbfc264baa055106a5eaab024362aa1063f1fff335caef07ad43c48c6015,imported_from_a/backend/app/builder2/__pycache__/calibrator.cpython-310.pyc,informative,Integration Architect,P0-G0,Reference evidence only
repo_a,backend/app/builder2/__pycache__/explainer.cpython-310.pyc,6b9c6b1cdd46cfddf5e928d208f6da9fe9a4766508f16302dfc69c3c2002b1a4,imported_from_a/backend/app/builder2/__pycache__/explainer.cpython-310.pyc,informative,Integration Architect,P0-G0,Reference evidence only
repo_a,backend/app/builder2/__pycache__/feature_adapter.cpython-310.pyc,6f28038cb3a58bc31d06f99933d84df690c13fbcd78c27a2c5c7b24caf8f076b,imported_from_a/backend/app/builder2/__pycache__/feature_adapter.cpython-310.pyc,informative,Integration Architect,P0-G0,Reference evidence only
repo_a,backend/app/builder2/__pycache__/feature_pipeline.cpython-310.pyc,8282870b349025f2dd61afbb81b39964d9c4e00f3c4a230518bfe5c2903e2370,imported_from_a/backend/app/builder2/__pycache__/feature_pipeline.cpython-310.pyc,informative,Integration Architect,P0-G0,Reference evidence only
repo_a,backend/app/builder2/__pycache__/instability_fingerprint.cpython-310.pyc,d9736abb17ae7bdc2353a0991c30781906b57afeba93e65be2daa6e796e05445,imported_from_a/backend/app/builder2/__pycache__/instability_fingerprint.cpython-310.pyc,informative,Integration Architect,P0-G0,Reference evidence only
repo_a,backend/app/builder2/__pycache__/label_engine.cpython-310.pyc,a397e1d88ee7e8c63bfa65c0a1c8c97a2bc2510c6f59791c716dacd544b1ee7f,imported_from_a/backend/app/builder2/__pycache__/label_engine.cpython-310.pyc,informative,Integration Architect,P0-G0,Reference evidence only
repo_a,backend/app/builder2/__pycache__/model_adapter.cpython-310.pyc,95d353311a4413d982be4139a3455b75cc8bf6c64ea4bc0c7d022380e8d6d9a0,imported_from_a/backend/app/builder2/__pycache__/model_adapter.cpython-310.pyc,informative,Integration Architect,P0-G0,Reference evidence only
repo_a,backend/app/builder2/__pycache__/model_service.cpython-310.pyc,9d0896e5acef9bcfc243741357dcc75c0d073e36f4420e0cd4c5c9aca023ddcd,imported_from_a/backend/app/builder2/__pycache__/model_service.cpython-310.pyc,informative,Integration Architect,P0-G0,Reference evidence only
repo_a,backend/app/builder2/__pycache__/schemas.cpython-310.pyc,0ff1333be1ddd1b9304a661dc79909254bce919d6bfdaea04a28703ba9d0adf5,imported_from_a/backend/app/builder2/__pycache__/schemas.cpython-310.pyc,informative,Integration Architect,P0-G0,Reference evidence only
repo_a,backend/app/builder2/__pycache__/tree_classifier.cpython-310.pyc,fb3ec5f1bec8f477cc8e647556881f2ccf45b70023184ad38e9eedc3a512eeed,imported_from_a/backend/app/builder2/__pycache__/tree_classifier.cpython-310.pyc,informative,Integration Architect,P0-G0,Reference evidence only
repo_a,backend/app/builder2/__pycache__/v3_feature_adapter.cpython-310.pyc,0d3c9ee86016a22d8a533be3a94f7cdf266b39508a6e17528168eded98ecd349,imported_from_a/backend/app/builder2/__pycache__/v3_feature_adapter.cpython-310.pyc,informative,Integration Architect,P0-G0,Reference evidence only
repo_a,backend/app/builder2/__pycache__/v3_feature_pipeline.cpython-310.pyc,ff849abb098a187c8595ca96832d7e19fe7565c976afc65e30bb3a3d3ff4ad39,imported_from_a/backend/app/builder2/__pycache__/v3_feature_pipeline.cpython-310.pyc,informative,Integration Architect,P0-G0,Reference evidence only
repo_a,backend/app/builder2/__pycache__/v3_model_adapter.cpython-310.pyc,0c2714e683b9c08e9573280c669afd87d048a43547d16a7b370f60ee4588408b,imported_from_a/backend/app/builder2/__pycache__/v3_model_adapter.cpython-310.pyc,informative,Integration Architect,P0-G0,Reference evidence only
repo_a,backend/app/builder2/__pycache__/weather_adapter.cpython-310.pyc,357caf88da03e3681856a124e8dcfe98ecc500646adc679bc6802b4582825244,imported_from_a/backend/app/builder2/__pycache__/weather_adapter.cpython-310.pyc,informative,Integration Architect,P0-G0,Reference evidence only
repo_a,backend/app/builder2/__pycache__/__init__.cpython-310.pyc,14b71d5b32d8498209d2c6219839f5e0a4f1efd2920cdf59b2f5d01523bdc7dc,imported_from_a/backend/app/builder2/__pycache__/__init__.cpython-310.pyc,informative,Integration Architect,P0-G0,Reference evidence only
repo_a,backend/app/core/cache.py,56af96c9898961018f6cef772ebd23a576526bb4d4de0ca75cbd2bc3a9282cf9,imported_from_a/backend/app/core/cache.py,informative,Integration Architect,P0-G0,Reference evidence only
repo_a,backend/app/core/certification_policy.py,4ebb8da7ece27180a1414ee7b9d4819c74b3c9c28110ab79fc57550652643930,imported_from_a/backend/app/core/certification_policy.py,adapt,Integration Architect,P1-G0,Scientific boundary - certification disclaimer
repo_a,backend/app/core/config.py,64519dac92e34a75a2f816704cb10f99d809518b580a8b7540e02b61de341631,imported_from_a/backend/app/core/config.py,informative,Integration Architect,P0-G0,Reference evidence only
repo_a,backend/app/core/error_handlers.py,7b37e48c1fb0a4b5fd16adcf942c550cfc794fef6d02114c3cc48d28e01a03ea,imported_from_a/backend/app/core/error_handlers.py,informative,Integration Architect,P0-G0,Reference evidence only
repo_a,backend/app/core/golden_replay_matrix.py,996cce7aade01449e65bca538a608bcb6bc51eee0dc6ea4a0fdde23447adf59c,imported_from_a/backend/app/core/golden_replay_matrix.py,informative,Integration Architect,P0-G0,Reference evidence only
repo_a,backend/app/core/http_retry.py,71e4d993332146a868286478a6f28adad704b24e853d6edf8d608c2bc6bc0202,imported_from_a/backend/app/core/http_retry.py,informative,Integration Architect,P0-G0,Reference evidence only
repo_a,backend/app/core/live_smoke.py,940295b1f177078e5d03c24fd0d1a404dd171e7c2b46c2b19806b97052f956b3,imported_from_a/backend/app/core/live_smoke.py,informative,Integration Architect,P0-G0,Reference evidence only
repo_a,backend/app/core/metrics.py,818b5fa07f150e321812e6217143e15de8fa43665e321c94d8f425e33956d1b0,imported_from_a/backend/app/core/metrics.py,informative,Integration Architect,P0-G0,Reference evidence only
repo_a,backend/app/core/middleware.py,fc837213b8a8c6903b04518169bbe96835ed6c868311674010c0578f320a48b5,imported_from_a/backend/app/core/middleware.py,informative,Integration Architect,P0-G0,Reference evidence only
repo_a,backend/app/core/model_determinism.py,867b405e381fd06ac861a9f1a54da242964673f1379063b2cdf6c1272716188d,imported_from_a/backend/app/core/model_determinism.py,informative,Integration Architect,P0-G0,Reference evidence only
repo_a,backend/app/core/ood_policy.py,8781dda687faf1820d15a4e4b789e81e1ecad222a55f8169c2d56eb369de55db,imported_from_a/backend/app/core/ood_policy.py,adapt,Integration Architect,P4-G6,OOD abstention policy patterns
repo_a,backend/app/core/rate_limiter.py,6d9661430d32ba44057f556b7c54a2a7abf24c8b982e39391e3968392d82e032,imported_from_a/backend/app/core/rate_limiter.py,informative,Integration Architect,P0-G0,Reference evidence only
repo_a,backend/app/core/release_manifest.json,dd339df0df66d40fce7e050d530cec2ef2882028ca335e669958e4706a55e3aa,imported_from_a/backend/app/core/release_manifest.json,informative,Integration Architect,P0-G0,Reference evidence only
repo_a,backend/app/core/release_manifest.py,a36a423cbf53e04061f8d8cc9b940a524bcd9f3d3b277cd2fe16f397e1d8ee89,imported_from_a/backend/app/core/release_manifest.py,informative,Integration Architect,P0-G0,Reference evidence only
repo_a,backend/app/core/replay_harness.py,229cd67bc4e3e39303eee15cf48dcd2d92aecd9962778a03ad6363216be8a5f9,imported_from_a/backend/app/core/replay_harness.py,adapt,Integration Architect,P5-G7,Replay harness patterns
repo_a,backend/app/core/revision_store.py,fac15c7bba558fe56ad8bdfb1782ccab487cca918710099219809528d9daf4c4,imported_from_a/backend/app/core/revision_store.py,informative,Integration Architect,P0-G0,Reference evidence only
repo_a,backend/app/core/runtime_compat.py,9b5387ca47920cdfc18eeed95c29d33c13bd3690c64e28145bc175533ee37cee,imported_from_a/backend/app/core/runtime_compat.py,informative,Integration Architect,P0-G0,Reference evidence only
repo_a,backend/app/core/time_contract.py,d49a25cccf24d372d9c1c51e582467428eb974d6cb8822cbed9a84b1075adade,imported_from_a/backend/app/core/time_contract.py,adapt,Integration Architect,P4-G4,Selective safety graft - UTC enforcement
repo_a,backend/app/core/__init__.py,3eb58774cbf95a45ee7f2168dce55ae413d27a2e3f073ad59ece0d2263f718b6,imported_from_a/backend/app/core/__init__.py,informative,Integration Architect,P0-G0,Reference evidence only
repo_a,backend/app/core/__pycache__/cache.cpython-310.pyc,fec260d67542c3af66f2a841edb72102ae0727267230340f922cf52e05456152,imported_from_a/backend/app/core/__pycache__/cache.cpython-310.pyc,informative,Integration Architect,P0-G0,Reference evidence only
repo_a,backend/app/core/__pycache__/certification_policy.cpython-310.pyc,e5e94300519caa2b467e5720bc9ba6d427b85dc25564637250b5db6c85843916,imported_from_a/backend/app/core/__pycache__/certification_policy.cpython-310.pyc,informative,Integration Architect,P0-G0,Reference evidence only
repo_a,backend/app/core/__pycache__/config.cpython-310.pyc,81f53ccbb82276494657ec9315ebc6a7da4f28db88c4013e12e6b53548c5b3d9,imported_from_a/backend/app/core/__pycache__/config.cpython-310.pyc,informative,Integration Architect,P0-G0,Reference evidence only
repo_a,backend/app/core/__pycache__/error_handlers.cpython-310.pyc,8067aef8e9601d27578c3ac2e0baea1108f1c69cc2488483324d27e000b33a42,imported_from_a/backend/app/core/__pycache__/error_handlers.cpython-310.pyc,informative,Integration Architect,P0-G0,Reference evidence only
repo_a,backend/app/core/__pycache__/golden_replay_matrix.cpython-310.pyc,60949aa76981a47e07c2692633250a8c4625ec692a22459d333b3d21ad6cc624,imported_from_a/backend/app/core/__pycache__/golden_replay_matrix.cpython-310.pyc,informative,Integration Architect,P0-G0,Reference evidence only
repo_a,backend/app/core/__pycache__/http_retry.cpython-310.pyc,60db88aa2f31c882951cdcbe574436ae0e1641fe641882e12712fba631d227b9,imported_from_a/backend/app/core/__pycache__/http_retry.cpython-310.pyc,informative,Integration Architect,P0-G0,Reference evidence only
repo_a,backend/app/core/__pycache__/live_smoke.cpython-310.pyc,e8bdad5c46954aae5b3c7948700647c5f0b1ad3cc47403cb72171adccce022d9,imported_from_a/backend/app/core/__pycache__/live_smoke.cpython-310.pyc,informative,Integration Architect,P0-G0,Reference evidence only
repo_a,backend/app/core/__pycache__/metrics.cpython-310.pyc,64c25d00eeb509209526bbb6a1eb3cb63b7a59d4335ac17a188fd07ca7f41714,imported_from_a/backend/app/core/__pycache__/metrics.cpython-310.pyc,informative,Integration Architect,P0-G0,Reference evidence only
repo_a,backend/app/core/__pycache__/middleware.cpython-310.pyc,be97a5c56d791be3a30da337509d2c81bf95e5552daec666828480c835444cab,imported_from_a/backend/app/core/__pycache__/middleware.cpython-310.pyc,informative,Integration Architect,P0-G0,Reference evidence only
repo_a,backend/app/core/__pycache__/model_determinism.cpython-310.pyc,7d6f0f64f79572c41e4c3019e06a15955dd3cf5cafac3896af6343783a3a1b26,imported_from_a/backend/app/core/__pycache__/model_determinism.cpython-310.pyc,informative,Integration Architect,P0-G0,Reference evidence only
repo_a,backend/app/core/__pycache__/ood_policy.cpython-310.pyc,d5b5b368f2e154c62a1f962e9c75336e762ef752f59eb577859c9a79682c189e,imported_from_a/backend/app/core/__pycache__/ood_policy.cpython-310.pyc,informative,Integration Architect,P0-G0,Reference evidence only
repo_a,backend/app/core/__pycache__/rate_limiter.cpython-310.pyc,2c6a21c05f934dac4432573b8b5af27d336cc6e0e01a05487f90bdca1ae00733,imported_from_a/backend/app/core/__pycache__/rate_limiter.cpython-310.pyc,informative,Integration Architect,P0-G0,Reference evidence only
repo_a,backend/app/core/__pycache__/release_manifest.cpython-310.pyc,92d2b1d7bb96d706a7197a52ac51fd581b75f203d2b0aae935c629af411abc96,imported_from_a/backend/app/core/__pycache__/release_manifest.cpython-310.pyc,informative,Integration Architect,P0-G0,Reference evidence only
repo_a,backend/app/core/__pycache__/replay_harness.cpython-310.pyc,d20fa17db49cceaccb73ce8853d07957ce86a230d8d3aeae8b38cf9d13a4fa5c,imported_from_a/backend/app/core/__pycache__/replay_harness.cpython-310.pyc,informative,Integration Architect,P0-G0,Reference evidence only
repo_a,backend/app/core/__pycache__/revision_store.cpython-310.pyc,66bf0acdc9042cac5d0469622ae0a3f58e96b3768eb44074b96838d5d8aadad1,imported_from_a/backend/app/core/__pycache__/revision_store.cpython-310.pyc,informative,Integration Architect,P0-G0,Reference evidence only
repo_a,backend/app/core/__pycache__/runtime_compat.cpython-310.pyc,2d0bdb95a4ae65923aaca8f081f3de90c56c92f6b10ebf0064d4ff59131600d9,imported_from_a/backend/app/core/__pycache__/runtime_compat.cpython-310.pyc,informative,Integration Architect,P0-G0,Reference evidence only
repo_a,backend/app/core/__pycache__/time_contract.cpython-310.pyc,6605a8dbedac2cd280348bc2d8579bd1e619217258b0dacc317246086ded5cca,imported_from_a/backend/app/core/__pycache__/time_contract.cpython-310.pyc,informative,Integration Architect,P0-G0,Reference evidence only
repo_a,backend/app/core/__pycache__/__init__.cpython-310.pyc,4796b5bd8ba39a2d008262004ff5d056a69115271662f1847f0aa2db8ba00cb1,imported_from_a/backend/app/core/__pycache__/__init__.cpython-310.pyc,informative,Integration Architect,P0-G0,Reference evidence only
repo_a,backend/app/data/alignment.py,65a4881050a4dfe55f7279b342dd131668db1949852b2254198f2f120e80f763,imported_from_a/backend/app/data/alignment.py,informative,Integration Architect,P0-G0,Reference evidence only
repo_a,backend/app/data/bust_labeling.py,edfd3f77c2fc796e51b70c8fa3da64c2a7042c3b4fc9e7da5092fe4d52a26eca,imported_from_a/backend/app/data/bust_labeling.py,informative,Integration Architect,P0-G0,Reference evidence only
repo_a,backend/app/data/historical_pathway.py,f380ac614dd43275ef74f2e6aa4f9ec0c12847f817a90029edecc143a2f11a01,imported_from_a/backend/app/data/historical_pathway.py,informative,Integration Architect,P0-G0,Reference evidence only
repo_a,backend/app/data/historical_qc.py,fee30c0d5cab796782b384cd6c045272ac1efae61917ef288e90fb490af8e681,imported_from_a/backend/app/data/historical_qc.py,informative,Integration Architect,P0-G0,Reference evidence only
repo_a,backend/app/data/qc.py,1d32ca804f4cce2995ca942cfa9f0e7770571de6c6c59bc624510392417be4d5,imported_from_a/backend/app/data/qc.py,informative,Integration Architect,P0-G0,Reference evidence only
repo_a,backend/app/data/training_dataset.py,4fb26c809e10914e242909c634a9dba0e9a93e69519ba32ea2daaac10ca6fa1a,imported_from_a/backend/app/data/training_dataset.py,informative,Integration Architect,P0-G0,Reference evidence only
repo_a,backend/app/data/unit_conversion.py,4c75da5869f4721c7184c1d2e443a80ffd4f6bff122dcdac458eac3a47761a62,imported_from_a/backend/app/data/unit_conversion.py,informative,Integration Architect,P0-G0,Reference evidence only
repo_a,backend/app/data/__init__.py,7e8a47524ac62ec37ef138186a2807a65d20e5ba03e56b8ee0a5932132bed0dd,imported_from_a/backend/app/data/__init__.py,informative,Integration Architect,P0-G0,Reference evidence only
repo_a,backend/app/data/__pycache__/alignment.cpython-310.pyc,b32e3712e1c6ef9659b2e291270130c51d97545414d17d31ec9d66996b69a9b8,imported_from_a/backend/app/data/__pycache__/alignment.cpython-310.pyc,informative,Integration Architect,P0-G0,Reference evidence only
repo_a,backend/app/data/__pycache__/bust_labeling.cpython-310.pyc,bd4d542403a0e3b8db34da08a41101fc72196baff0827a4a12bbcfdb5ef4a45f,imported_from_a/backend/app/data/__pycache__/bust_labeling.cpython-310.pyc,informative,Integration Architect,P0-G0,Reference evidence only
repo_a,backend/app/data/__pycache__/historical_pathway.cpython-310.pyc,2c12e71ead9b7f7bb76ac5ee72dda78b638b28f7d057e788f9aa8fc2c648946a,imported_from_a/backend/app/data/__pycache__/historical_pathway.cpython-310.pyc,informative,Integration Architect,P0-G0,Reference evidence only
repo_a,backend/app/data/__pycache__/historical_qc.cpython-310.pyc,fd77f5b01977b43bb478e0bcd4ae6e42a4c83c0d6a990b0eab4fbe31a6a77479,imported_from_a/backend/app/data/__pycache__/historical_qc.cpython-310.pyc,informative,Integration Architect,P0-G0,Reference evidence only
repo_a,backend/app/data/__pycache__/qc.cpython-310.pyc,432f19b57fc2292cc6e41b5823c24dbda9fe84f1dcb45813ff87931ff0466b4b,imported_from_a/backend/app/data/__pycache__/qc.cpython-310.pyc,informative,Integration Architect,P0-G0,Reference evidence only
repo_a,backend/app/data/__pycache__/training_dataset.cpython-310.pyc,812e84e3f7149987733f394ab5d5fd61f3ae5d3c9c5dddabe95d84f96e25403e,imported_from_a/backend/app/data/__pycache__/training_dataset.cpython-310.pyc,informative,Integration Architect,P0-G0,Reference evidence only
repo_a,backend/app/data/__pycache__/unit_conversion.cpython-310.pyc,1e5e59d2e81d5158fcae76b8385acee8b6bb886df063316823734f1d1d81a750,imported_from_a/backend/app/data/__pycache__/unit_conversion.cpython-310.pyc,informative,Integration Architect,P0-G0,Reference evidence only
repo_a,backend/app/data/__pycache__/__init__.cpython-310.pyc,92420c2fcccbdead53e50c29e9c280473012bffddb5a92027eb3d5f21e6ace38,imported_from_a/backend/app/data/__pycache__/__init__.cpython-310.pyc,informative,Integration Architect,P0-G0,Reference evidence only
repo_a,backend/app/ml/artifacts.py,d78fbce63785f2866ef4ee97de2b3701ab4a2ffd4787af30528f73d43193c291,imported_from_a/backend/app/ml/artifacts.py,informative,Integration Architect,P0-G0,Reference evidence only
repo_a,backend/app/ml/baseline_model.py,b0d04b1040e06ba5b5be24249e27d14b6937e3786526df37d9f0581f71920d3f,imported_from_a/backend/app/ml/baseline_model.py,informative,Integration Architect,P0-G0,Reference evidence only
repo_a,backend/app/ml/evaluation.py,5ecc5d36ce133159b48b0480a120e4c0714026960d2d3c5850eac8f8b49a70a3,imported_from_a/backend/app/ml/evaluation.py,informative,Integration Architect,P0-G0,Reference evidence only
repo_a,backend/app/ml/features.py,f963fe4c9a97fdbbae484846d73f4f5c2a74478312f6fd54009f540844bd2d61,imported_from_a/backend/app/ml/features.py,informative,Integration Architect,P0-G0,Reference evidence only
repo_a,backend/app/ml/splitting.py,7f22da29f7ceb86ef93241fd6b48281f9c312c723c3413c78daeb41d9189b98f,imported_from_a/backend/app/ml/splitting.py,informative,Integration Architect,P0-G0,Reference evidence only
repo_a,backend/app/ml/__init__.py,87b92a069ce78f767920cd4bf410357e455fbba9e9bc28727080cddb0f12da66,imported_from_a/backend/app/ml/__init__.py,informative,Integration Architect,P0-G0,Reference evidence only
repo_a,backend/app/ml/__pycache__/artifacts.cpython-310.pyc,dd7435afd48f76766c1545ac2b0e6f139e62734113b84e8d321619b566ba436f,imported_from_a/backend/app/ml/__pycache__/artifacts.cpython-310.pyc,informative,Integration Architect,P0-G0,Reference evidence only
repo_a,backend/app/ml/__pycache__/baseline_model.cpython-310.pyc,7c7d668b93890919badd46efbafbc03b62b3f1152a2f86c2dc6e3b4617ebc071,imported_from_a/backend/app/ml/__pycache__/baseline_model.cpython-310.pyc,informative,Integration Architect,P0-G0,Reference evidence only
repo_a,backend/app/ml/__pycache__/evaluation.cpython-310.pyc,888213310f4d54b972d3d5f01f13a63cc70215932449e4ce75e3edb23f338897,imported_from_a/backend/app/ml/__pycache__/evaluation.cpython-310.pyc,informative,Integration Architect,P0-G0,Reference evidence only
repo_a,backend/app/ml/__pycache__/features.cpython-310.pyc,e090c3dff1eeed51a15b382b190b3c5ae06bce072704f88ec68dbfa517c3b9db,imported_from_a/backend/app/ml/__pycache__/features.cpython-310.pyc,informative,Integration Architect,P0-G0,Reference evidence only
repo_a,backend/app/ml/__pycache__/splitting.cpython-310.pyc,043a5f4e4fa11f619ba0f6aa583970d842333a5495d402b898528666b3cf7366,imported_from_a/backend/app/ml/__pycache__/splitting.cpython-310.pyc,informative,Integration Architect,P0-G0,Reference evidence only
repo_a,backend/app/ml/__pycache__/__init__.cpython-310.pyc,8c1cea7f8a4cae2a612dc56be05e45990784eedb4082359f9613a3dc6b57d771,imported_from_a/backend/app/ml/__pycache__/__init__.cpython-310.pyc,informative,Integration Architect,P0-G0,Reference evidence only
repo_a,backend/app/safety/abstention.py,9633d7a3a68c791f788402490c8be50d66069995ee730a9d12f0c16aee4d927b,imported_from_a/backend/app/safety/abstention.py,informative,Integration Architect,P0-G0,Reference evidence only
repo_a,backend/app/safety/__init__.py,cd42f25d4151c5c33fe1a09c17e481758cb6c5aecd67a626242f7f6b993dfa94,imported_from_a/backend/app/safety/__init__.py,informative,Integration Architect,P0-G0,Reference evidence only
repo_a,backend/app/safety/__pycache__/abstention.cpython-310.pyc,26e9bc8109abcd55266e26a7ac6f0a13939e2b49a08c8255fca4e20eb96075fa,imported_from_a/backend/app/safety/__pycache__/abstention.cpython-310.pyc,informative,Integration Architect,P0-G0,Reference evidence only
repo_a,backend/app/safety/__pycache__/__init__.cpython-310.pyc,c7d981d224690d6183274fc909f635a7711ec9a7582f56082b6b0b46e85bcfea,imported_from_a/backend/app/safety/__pycache__/__init__.cpython-310.pyc,informative,Integration Architect,P0-G0,Reference evidence only
repo_a,backend/app/schemas/certification.py,a0def95853dfd65fba7be2fc1963110cc002702915f2089f6dd553782f7bdbd2,imported_from_a/backend/app/schemas/certification.py,informative,Integration Architect,P0-G0,Reference evidence only
repo_a,backend/app/schemas/dashboard.py,ae9259ece0be58b564b9f07e3440c0083e7c60d61217f774d78d34fab9afd6bb,imported_from_a/backend/app/schemas/dashboard.py,informative,Integration Architect,P0-G0,Reference evidence only
repo_a,backend/app/schemas/disagreement.py,89ed8605c4998520fc61c1901baa3f1fbdc92962e16b42a965299a4816b08dfd,imported_from_a/backend/app/schemas/disagreement.py,informative,Integration Architect,P0-G0,Reference evidence only
repo_a,backend/app/schemas/evaluation.py,35eae8d587289f30de0be06c48da58bac9d2fdf364a66cc1258e88a358537ee6,imported_from_a/backend/app/schemas/evaluation.py,informative,Integration Architect,P0-G0,Reference evidence only
repo_a,backend/app/schemas/explainability.py,e8fe34640be4245ebef0c9a704705d3135d6a956a242437e3a4b366e487f49a0,imported_from_a/backend/app/schemas/explainability.py,informative,Integration Architect,P0-G0,Reference evidence only
repo_a,backend/app/schemas/health.py,b2d5224a43bb76a679020e130a138c4884e0c72d005a740cb1776c80a3f4f05a,imported_from_a/backend/app/schemas/health.py,informative,Integration Architect,P0-G0,Reference evidence only
repo_a,backend/app/schemas/historical.py,59ddb2396a5253183f2f36cbc1e26edc9b8a62353b7179560ab43d90a489f019,imported_from_a/backend/app/schemas/historical.py,informative,Integration Architect,P0-G0,Reference evidence only
repo_a,backend/app/schemas/location.py,cad82afb5b19668ae8190a280867051740f12565f1c36010eb7925342873b39c,imported_from_a/backend/app/schemas/location.py,informative,Integration Architect,P0-G0,Reference evidence only
repo_a,backend/app/schemas/model_integration.py,713e2f9ecf42150bc53a38fa26ae0a7d3772ea477ce248b59ab4724df3978622,imported_from_a/backend/app/schemas/model_integration.py,informative,Integration Architect,P0-G0,Reference evidence only
repo_a,backend/app/schemas/multi_location.py,119440aeae6aa6377db42d14ff937af65f1cc8b55792072b5b97a0e28e6fcadb,imported_from_a/backend/app/schemas/multi_location.py,informative,Integration Architect,P0-G0,Reference evidence only
repo_a,backend/app/schemas/ood.py,decc630efec4ec05e0bace8f8f952522caa962c6a71eb58703e6880329fb0b4e,imported_from_a/backend/app/schemas/ood.py,informative,Integration Architect,P0-G0,Reference evidence only
repo_a,backend/app/schemas/prediction.py,89c6c06489748d0fda08fa6da1181cd5d4483c834a5239f1fc86235086e1bdab,imported_from_a/backend/app/schemas/prediction.py,informative,Integration Architect,P0-G0,Reference evidence only
repo_a,backend/app/schemas/provenance.py,0b8d2bd571862870bc28ef076852e15adc3f89635ceda26c41d503cfc0f9a155,imported_from_a/backend/app/schemas/provenance.py,informative,Integration Architect,P0-G0,Reference evidence only
repo_a,backend/app/schemas/provider_disagreement.py,70c9bf394c45a66ce48abafd284a1933f47b0c6d1520d8285779de49c2c18da6,imported_from_a/backend/app/schemas/provider_disagreement.py,informative,Integration Architect,P0-G0,Reference evidence only
repo_a,backend/app/schemas/reference.py,282e18c4c6b5dab37631a3beeebf78ac642923bb36e2e7df5efc75b3f57fb6d9,imported_from_a/backend/app/schemas/reference.py,informative,Integration Architect,P0-G0,Reference evidence only
repo_a,backend/app/schemas/revision.py,7d035e828725220fb85a81d322b660cb3bd5215d44fa4a5873cf117c931ace4f,imported_from_a/backend/app/schemas/revision.py,informative,Integration Architect,P0-G0,Reference evidence only
repo_a,backend/app/schemas/spatial.py,210b90fcf97b220b6473c2e08c47312990c2cbaf3716ae821d06762fa613e4be,imported_from_a/backend/app/schemas/spatial.py,informative,Integration Architect,P0-G0,Reference evidence only
repo_a,backend/app/schemas/weather.py,93d40723a451b01bac660f766971170ff799fe79a222d9772c2be63e5fba2628,imported_from_a/backend/app/schemas/weather.py,informative,Integration Architect,P0-G0,Reference evidence only
repo_a,backend/app/schemas/__init__.py,398102cd73786b4ae90cb28656eb64ca0d2b2941d71a1166930d06932340b705,imported_from_a/backend/app/schemas/__init__.py,informative,Integration Architect,P0-G0,Reference evidence only
repo_a,backend/app/schemas/__pycache__/certification.cpython-310.pyc,57716fa9bb8998d20dbe6a7a03d7dcd0bc95e0e094716cedef713044e08afab2,imported_from_a/backend/app/schemas/__pycache__/certification.cpython-310.pyc,informative,Integration Architect,P0-G0,Reference evidence only
repo_a,backend/app/schemas/__pycache__/dashboard.cpython-310.pyc,2abb0243ec2c355f9ba71bd6402534eab2a589b819f394ad061b03bcfbcd257b,imported_from_a/backend/app/schemas/__pycache__/dashboard.cpython-310.pyc,informative,Integration Architect,P0-G0,Reference evidence only
repo_a,backend/app/schemas/__pycache__/disagreement.cpython-310.pyc,6e33ee909796d2fc462f3a627f8142d93f9b3e37bcf22cd8d435192763132971,imported_from_a/backend/app/schemas/__pycache__/disagreement.cpython-310.pyc,informative,Integration Architect,P0-G0,Reference evidence only
repo_a,backend/app/schemas/__pycache__/evaluation.cpython-310.pyc,2f87da94bf5d7427fb6d92d45542de15e01928a479ccdbf1099650b9105703e6,imported_from_a/backend/app/schemas/__pycache__/evaluation.cpython-310.pyc,informative,Integration Architect,P0-G0,Reference evidence only
repo_a,backend/app/schemas/__pycache__/explainability.cpython-310.pyc,56069c5749b4180650ecd9203a5a5b7df5645787989579f6ceec6d22b9fd4704,imported_from_a/backend/app/schemas/__pycache__/explainability.cpython-310.pyc,informative,Integration Architect,P0-G0,Reference evidence only
repo_a,backend/app/schemas/__pycache__/health.cpython-310.pyc,d7b3e88c1bb5d5156f0f360010ebcab2ee65633f22a5c426551d4a45da3e37b8,imported_from_a/backend/app/schemas/__pycache__/health.cpython-310.pyc,informative,Integration Architect,P0-G0,Reference evidence only
repo_a,backend/app/schemas/__pycache__/historical.cpython-310.pyc,0337627f8f2f460d455daefdccb3cf33c176640869241b424308156ab373c4d7,imported_from_a/backend/app/schemas/__pycache__/historical.cpython-310.pyc,informative,Integration Architect,P0-G0,Reference evidence only
repo_a,backend/app/schemas/__pycache__/location.cpython-310.pyc,7eed14dcdd986367cdb72ca8cf1a7e4dd498ff3c37dde4c76724baa1f482849d,imported_from_a/backend/app/schemas/__pycache__/location.cpython-310.pyc,informative,Integration Architect,P0-G0,Reference evidence only
repo_a,backend/app/schemas/__pycache__/model_integration.cpython-310.pyc,9a7d4ae90924f451653a81e4ecaf20cb58ace963884df670d0f31ae978b1a27f,imported_from_a/backend/app/schemas/__pycache__/model_integration.cpython-310.pyc,informative,Integration Architect,P0-G0,Reference evidence only
repo_a,backend/app/schemas/__pycache__/multi_location.cpython-310.pyc,5e5581bab1ae8a0ab1fbb79692928f2f27973d03c614da1f61a10fa067948a58,imported_from_a/backend/app/schemas/__pycache__/multi_location.cpython-310.pyc,informative,Integration Architect,P0-G0,Reference evidence only
repo_a,backend/app/schemas/__pycache__/ood.cpython-310.pyc,b517029e24edc288ea8643294b864018379c75c6c7271757123c5a46e08690a9,imported_from_a/backend/app/schemas/__pycache__/ood.cpython-310.pyc,informative,Integration Architect,P0-G0,Reference evidence only
repo_a,backend/app/schemas/__pycache__/prediction.cpython-310.pyc,2b7c1369c139115d6ca33516dbf8f3617cc19f99f48bc6624768932f22b67c4d,imported_from_a/backend/app/schemas/__pycache__/prediction.cpython-310.pyc,informative,Integration Architect,P0-G0,Reference evidence only
repo_a,backend/app/schemas/__pycache__/provenance.cpython-310.pyc,14f557b0aa727a387aae151966ae4b5ae62b7a79fd8b979290562bf5ca244180,imported_from_a/backend/app/schemas/__pycache__/provenance.cpython-310.pyc,informative,Integration Architect,P0-G0,Reference evidence only
repo_a,backend/app/schemas/__pycache__/provider_disagreement.cpython-310.pyc,8375f2447f73a2f260b2be80541f403687125a700c4d781d0dcf3b2447e6bf65,imported_from_a/backend/app/schemas/__pycache__/provider_disagreement.cpython-310.pyc,informative,Integration Architect,P0-G0,Reference evidence only
repo_a,backend/app/schemas/__pycache__/reference.cpython-310.pyc,1fe4841924f305cce39d9a2487d423f7150d11f9099242f3785307ce154413d3,imported_from_a/backend/app/schemas/__pycache__/reference.cpython-310.pyc,informative,Integration Architect,P0-G0,Reference evidence only
repo_a,backend/app/schemas/__pycache__/revision.cpython-310.pyc,9349e533db14dd11b7efc7033f8c8608b9e9873b0e6f219eede1c000df5193b8,imported_from_a/backend/app/schemas/__pycache__/revision.cpython-310.pyc,informative,Integration Architect,P0-G0,Reference evidence only
repo_a,backend/app/schemas/__pycache__/spatial.cpython-310.pyc,f6d27958b9b6ab642dc3c3a75a726c5dbd7c4a5a1d0c4942349ca69c72e190b7,imported_from_a/backend/app/schemas/__pycache__/spatial.cpython-310.pyc,informative,Integration Architect,P0-G0,Reference evidence only
repo_a,backend/app/schemas/__pycache__/weather.cpython-310.pyc,0c6304ce93992dd0010bd1da312f999623ebbac14d04ee585e2eb3baf16114e2,imported_from_a/backend/app/schemas/__pycache__/weather.cpython-310.pyc,informative,Integration Architect,P0-G0,Reference evidence only
repo_a,backend/app/schemas/__pycache__/__init__.cpython-310.pyc,0936d6e24b8503c26a09f6b52498a7d39965fbf922b4f2114dd47ea84c67b32c,imported_from_a/backend/app/schemas/__pycache__/__init__.cpython-310.pyc,informative,Integration Architect,P0-G0,Reference evidence only
repo_a,backend/app/services/base.py,00f01d4fa9d60e97e9192ea7fb0949e69945968cf8b9c88991fccb0b1882730b,imported_from_a/backend/app/services/base.py,informative,Integration Architect,P0-G0,Reference evidence only
repo_a,backend/app/services/dashboard_service.py,d2b9352c08be979a43d0083e43da1714e0238641bb51e758fbe3ea0dfda9e78f,imported_from_a/backend/app/services/dashboard_service.py,informative,Integration Architect,P0-G0,Reference evidence only
repo_a,backend/app/services/disagreement_service.py,e8f21f69f61c0d29b6f7a09e760e04011eb4c63e66860c41bb8aa2f44da64ae1,imported_from_a/backend/app/services/disagreement_service.py,informative,Integration Architect,P0-G0,Reference evidence only
repo_a,backend/app/services/evaluation_service.py,b07da52dfa4c97f52a84fd84edc68e4f8adfcb1cafdc095eef38dbaed6814108,imported_from_a/backend/app/services/evaluation_service.py,informative,Integration Architect,P0-G0,Reference evidence only
repo_a,backend/app/services/explainability_service.py,aae8dc890f2cb20735b3ba605cafee552d994e96ff4d9b8fde7f60409ba0c067,imported_from_a/backend/app/services/explainability_service.py,informative,Integration Architect,P0-G0,Reference evidence only
repo_a,backend/app/services/feature_service.py,384768107bff6385912ca5011716528a1a321523be81275e151fb0da31f616d5,imported_from_a/backend/app/services/feature_service.py,informative,Integration Architect,P0-G0,Reference evidence only
repo_a,backend/app/services/historical_service.py,7e2aa0ce6593772f8575321c78adc6ccea7d22fcbae248fdd4214b77a78d2a61,imported_from_a/backend/app/services/historical_service.py,informative,Integration Architect,P0-G0,Reference evidence only
repo_a,backend/app/services/location_service.py,118caefd6fabd1726af714fa4e7255da9aacf0f1b67e45f01da8738821ebbba6,imported_from_a/backend/app/services/location_service.py,informative,Integration Architect,P0-G0,Reference evidence only
repo_a,backend/app/services/model_integration_service.py,be8890c13391a3b0f5b3b89e3fb69c2a4dd5aa7bc1e09753f9beac64deb4f4d7,imported_from_a/backend/app/services/model_integration_service.py,informative,Integration Architect,P0-G0,Reference evidence only
repo_a,backend/app/services/model_service.py,fbb74dc2994513eed1fd4e7d4a5be800e55ec3a98dec89b390ce636a36449a62,imported_from_a/backend/app/services/model_service.py,informative,Integration Architect,P0-G0,Reference evidence only
repo_a,backend/app/services/multi_location_service.py,01cc0bafc7b267db3cb28d7e8ad8a666902740ac2e207ce016d1634f690fb279,imported_from_a/backend/app/services/multi_location_service.py,informative,Integration Architect,P0-G0,Reference evidence only
repo_a,backend/app/services/openmeteo_service.py,ef28a8d2357793885a002f40c0a77b507e99ccff5b943a168358df5c8cf33851,imported_from_a/backend/app/services/openmeteo_service.py,informative,Integration Architect,P0-G0,Reference evidence only
repo_a,backend/app/services/provider_disagreement_service.py,3d50ee8858d6925e81472b95c7bf70ebc89b099a30e6dc46be3bcc8b18eea937,imported_from_a/backend/app/services/provider_disagreement_service.py,informative,Integration Architect,P0-G0,Reference evidence only
repo_a,backend/app/services/reference_service.py,1dd2ebc9f5da4fcd2bc2897a2e117fc3ef0825ea39644a70aa5dab9f616a8d5b,imported_from_a/backend/app/services/reference_service.py,informative,Integration Architect,P0-G0,Reference evidence only
repo_a,backend/app/services/revision_service.py,b2b926ea2c2b56f143ce30d4464b19519360c385fa4b2355f39374ffb1533392,imported_from_a/backend/app/services/revision_service.py,adapt,Integration Architect,P5-G7,Revision service patterns
repo_a,backend/app/services/spatial_service.py,d4ff19296783a1090200397d005c2f34a8d574a8e441cff02d260183133bba82,imported_from_a/backend/app/services/spatial_service.py,informative,Integration Architect,P0-G0,Reference evidence only
repo_a,backend/app/services/weather_service.py,78ca165168f1d359810f836c4129413f403d45e49f9b9c27d07a7dbef689b8ab,imported_from_a/backend/app/services/weather_service.py,informative,Integration Architect,P0-G0,Reference evidence only
repo_a,backend/app/services/__init__.py,2a2ee120a5ff426bd05e7f76a2d19348e2111c3a629e7205e8baba8bdf21ed0d,imported_from_a/backend/app/services/__init__.py,informative,Integration Architect,P0-G0,Reference evidence only
repo_a,backend/app/services/__pycache__/base.cpython-310.pyc,fb2ccbac79dacf82c86694960bb0100ade1c60def9a902448db16c0e482b3c07,imported_from_a/backend/app/services/__pycache__/base.cpython-310.pyc,informative,Integration Architect,P0-G0,Reference evidence only
repo_a,backend/app/services/__pycache__/dashboard_service.cpython-310.pyc,323d74ea37c217390ca440ccbf5c9207e81decb9609e48288ca41b2b0dda674a,imported_from_a/backend/app/services/__pycache__/dashboard_service.cpython-310.pyc,informative,Integration Architect,P0-G0,Reference evidence only
repo_a,backend/app/services/__pycache__/disagreement_service.cpython-310.pyc,ef8207a6aecfb9a63e8a2e3d2030a0ad41f6b88295fbdd5e026bb832e0c8af2d,imported_from_a/backend/app/services/__pycache__/disagreement_service.cpython-310.pyc,informative,Integration Architect,P0-G0,Reference evidence only
repo_a,backend/app/services/__pycache__/evaluation_service.cpython-310.pyc,0d9d73af30d00c60756f973715165cef6e5642c23c2e3d24a1054c26ea0b8ca2,imported_from_a/backend/app/services/__pycache__/evaluation_service.cpython-310.pyc,informative,Integration Architect,P0-G0,Reference evidence only
repo_a,backend/app/services/__pycache__/explainability_service.cpython-310.pyc,e4efd5c997e00d13a752e9120a4c098fd82b768c1e7aabb3ec4201ef1a8cc24f,imported_from_a/backend/app/services/__pycache__/explainability_service.cpython-310.pyc,informative,Integration Architect,P0-G0,Reference evidence only
repo_a,backend/app/services/__pycache__/feature_service.cpython-310.pyc,81684ade771c3841cb7dd2e524065d0b83b300eeda9730acf11930c84d78d31c,imported_from_a/backend/app/services/__pycache__/feature_service.cpython-310.pyc,informative,Integration Architect,P0-G0,Reference evidence only
repo_a,backend/app/services/__pycache__/historical_service.cpython-310.pyc,095a6f8d48490301bb71fbc78356db1b93c8561544f22b2266b428bd799db112,imported_from_a/backend/app/services/__pycache__/historical_service.cpython-310.pyc,informative,Integration Architect,P0-G0,Reference evidence only
repo_a,backend/app/services/__pycache__/location_service.cpython-310.pyc,557f2cd4c65c0513eb26cdc079f334c46647936a92f3eb5bcd94119d25d5aee3,imported_from_a/backend/app/services/__pycache__/location_service.cpython-310.pyc,informative,Integration Architect,P0-G0,Reference evidence only
repo_a,backend/app/services/__pycache__/model_integration_service.cpython-310.pyc,cdc6e46f7ac3137fd89e32d87724c240047cbdbc1fdde9e19981693bb98a27ff,imported_from_a/backend/app/services/__pycache__/model_integration_service.cpython-310.pyc,informative,Integration Architect,P0-G0,Reference evidence only
repo_a,backend/app/services/__pycache__/model_service.cpython-310.pyc,d46a0631229216e786f70c1b755a78ed2832043e752aee60875e65280e8ad462,imported_from_a/backend/app/services/__pycache__/model_service.cpython-310.pyc,informative,Integration Architect,P0-G0,Reference evidence only
repo_a,backend/app/services/__pycache__/multi_location_service.cpython-310.pyc,b74b5d9dc03d7fa400cc409eacd1a484b21095ccf752322a9aee2d4854a52bd4,imported_from_a/backend/app/services/__pycache__/multi_location_service.cpython-310.pyc,informative,Integration Architect,P0-G0,Reference evidence only
repo_a,backend/app/services/__pycache__/openmeteo_service.cpython-310.pyc,c486fb99745f8664dfbbf6c094746c729af3c34337de84e500e1c4ecd6c41d36,imported_from_a/backend/app/services/__pycache__/openmeteo_service.cpython-310.pyc,informative,Integration Architect,P0-G0,Reference evidence only
repo_a,backend/app/services/__pycache__/provider_disagreement_service.cpython-310.pyc,11da8260883290318237670142bffa31b7b6bf4acffb5ff903ec1afabb324437,imported_from_a/backend/app/services/__pycache__/provider_disagreement_service.cpython-310.pyc,informative,Integration Architect,P0-G0,Reference evidence only
repo_a,backend/app/services/__pycache__/reference_service.cpython-310.pyc,9ab0276389fcd1b2a417d75272dd01feea3203315fd0da03ea109ec5e3aa7756,imported_from_a/backend/app/services/__pycache__/reference_service.cpython-310.pyc,informative,Integration Architect,P0-G0,Reference evidence only
repo_a,backend/app/services/__pycache__/revision_service.cpython-310.pyc,ef7b76422aabd17bf33edfc1c53448955a7d3ed940e9d0f070136bb8c7f47d6a,imported_from_a/backend/app/services/__pycache__/revision_service.cpython-310.pyc,informative,Integration Architect,P0-G0,Reference evidence only
repo_a,backend/app/services/__pycache__/spatial_service.cpython-310.pyc,a75a1509c53de9d8797b76fd303635d18a51d64f44a12f0c8faf45b1d9121273,imported_from_a/backend/app/services/__pycache__/spatial_service.cpython-310.pyc,informative,Integration Architect,P0-G0,Reference evidence only
repo_a,backend/app/services/__pycache__/weather_service.cpython-310.pyc,50b2678b876936716e79476b68f14ebefc58b6e039f9c8ae3798b8592ea76aaf,imported_from_a/backend/app/services/__pycache__/weather_service.cpython-310.pyc,informative,Integration Architect,P0-G0,Reference evidence only
repo_a,backend/app/services/__pycache__/__init__.cpython-310.pyc,d219a650797b67c14dd6386c3572e42188635272600e2998a9bc80646fa84651,imported_from_a/backend/app/services/__pycache__/__init__.cpython-310.pyc,informative,Integration Architect,P0-G0,Reference evidence only
repo_a,backend/app/__pycache__/main.cpython-310.pyc,2c046860e4bee1bc98ab75a3e62a4e77e00a47bb749f093a7a70992e45c8eacc,imported_from_a/backend/app/__pycache__/main.cpython-310.pyc,informative,Integration Architect,P0-G0,Reference evidence only
repo_a,backend/app/__pycache__/__init__.cpython-310.pyc,0f5b49df6ed9b280e8875e5e9441bf839c9366f7f9db05dd58788eb1585859fe,imported_from_a/backend/app/__pycache__/__init__.cpython-310.pyc,informative,Integration Architect,P0-G0,Reference evidence only
repo_a,backend/tests/conftest.py,29d4d9eb561d26a20b4c5581e4f4438ecdba337e01dfb8dcc7041041b576723b,imported_from_a/backend/tests/conftest.py,informative,Integration Architect,P0-G0,Reference evidence only
repo_a,backend/tests/test_agent.py,7ea375f96f614d5a2036d6facd8bceaf3ecfb392cb6b450cc26a84473a795d3a,imported_from_a/backend/tests/test_agent.py,informative,Integration Architect,P0-G0,Reference evidence only
repo_a,backend/tests/test_builder2_integration.py,70337231ebd2935231abbde9e1f4aa9e156697bdf127eaef098bb86ad8a668cd,imported_from_a/backend/tests/test_builder2_integration.py,informative,Integration Architect,P0-G0,Reference evidence only
repo_a,backend/tests/test_bust_labeling.py,35b4fff60ccf33b53dae46feb9b61196d36a1ecf88a4cad19b7fabfef79af7f2,imported_from_a/backend/tests/test_bust_labeling.py,informative,Integration Architect,P0-G0,Reference evidence only
repo_a,backend/tests/test_day21_post_merge_repairs.py,dbe23592b6f620b088cb0b779143a4b2ea1662cbb2e9c96607b10f3802787a93,imported_from_a/backend/tests/test_day21_post_merge_repairs.py,informative,Integration Architect,P0-G0,Reference evidence only
repo_a,backend/tests/test_day21_repairs.py,eaa1eb8a07c0f717e8f9ab067af1b4fa3f274ed5cf877fe31146f425991d76ca,imported_from_a/backend/tests/test_day21_repairs.py,informative,Integration Architect,P0-G0,Reference evidence only
repo_a,backend/tests/test_day24_probabilistic_intelligence.py,c4cca4c9f7374406564e480116d4b3ed85966d25da3316b12df08355a56c1562,imported_from_a/backend/tests/test_day24_probabilistic_intelligence.py,informative,Integration Architect,P0-G0,Reference evidence only
repo_a,backend/tests/test_day25_dashboard_intelligence.py,86df7f112b4c2069c6b25f50520ef30fab24be8d143a3677562c14ed50a25b6c,imported_from_a/backend/tests/test_day25_dashboard_intelligence.py,informative,Integration Architect,P0-G0,Reference evidence only
repo_a,backend/tests/test_day33_ood_model_determinism.py,36a6087ad7195950be291af6e6753ba811f3e0756efbd4196e31c0e47dd80536,imported_from_a/backend/tests/test_day33_ood_model_determinism.py,informative,Integration Architect,P0-G0,Reference evidence only
repo_a,backend/tests/test_day34_time_contract_revision_store.py,8a8b713b89cf35b61c36b5b4205b4678a3a37056fc7be735969f59a035b4312d,imported_from_a/backend/tests/test_day34_time_contract_revision_store.py,informative,Integration Architect,P0-G0,Reference evidence only
repo_a,backend/tests/test_day35_independent_replay_release_manifest.py,8bc50863e72a802531a9f6c94c7faa37478824d9e2011426987d07ae094264b4,imported_from_a/backend/tests/test_day35_independent_replay_release_manifest.py,informative,Integration Architect,P0-G0,Reference evidence only
repo_a,backend/tests/test_day36_dashboard_parity_explanation_coherence.py,6795cb8f1b5aeb69b17b24e5d1d0d0df67362adf5a1d14a12a8e5da742fbe80b,imported_from_a/backend/tests/test_day36_dashboard_parity_explanation_coherence.py,informative,Integration Architect,P0-G0,Reference evidence only
repo_a,backend/tests/test_day37_provider_adapters.py,04e12ec28a3d8d6639be827dc4ff9fe856d8fad5f0e9f981cda490ca2b73065b,imported_from_a/backend/tests/test_day37_provider_adapters.py,informative,Integration Architect,P0-G0,Reference evidence only
repo_a,backend/tests/test_day38_cross_provider_disagreement.py,6ce97e3ee9d372d4df67abbcd1910c74c4f6cb7073a589cdc9aaad64b15d1c04,imported_from_a/backend/tests/test_day38_cross_provider_disagreement.py,informative,Integration Architect,P0-G0,Reference evidence only
repo_a,backend/tests/test_deployment_readiness.py,e8dd833dab4344a51e9bac77bd902c419109a837678c29ae157339cac633b4a3,imported_from_a/backend/tests/test_deployment_readiness.py,informative,Integration Architect,P0-G0,Reference evidence only
repo_a,backend/tests/test_disagreement_intelligence.py,51c03ecdede2aa951beedccba33ec2511202f01582225316bb5e9ef29ab105d6,imported_from_a/backend/tests/test_disagreement_intelligence.py,informative,Integration Architect,P0-G0,Reference evidence only
repo_a,backend/tests/test_dynamic_location.py,a078e9884814a3fcbfc5983cfbe438b82718a905ac06e92a85924fed5c75c867,imported_from_a/backend/tests/test_dynamic_location.py,informative,Integration Architect,P0-G0,Reference evidence only
repo_a,backend/tests/test_evaluation_integration.py,f7d3168d5713f39e8e7aa5faefbfd34f6db3162035ade9d2c3c3b2d8aeb9d473,imported_from_a/backend/tests/test_evaluation_integration.py,informative,Integration Architect,P0-G0,Reference evidence only
repo_a,backend/tests/test_explainability_integration.py,c0566df0a6fb5734147596111a48c048ee710adf3f4a79916f7a841e87b956cd,imported_from_a/backend/tests/test_explainability_integration.py,informative,Integration Architect,P0-G0,Reference evidence only
repo_a,backend/tests/test_final_cross_phase_integration.py,b02773b178ef88d5a78168cd579d60b2a0566bc34f61ed6fb9a3416bbfd16ed5,imported_from_a/backend/tests/test_final_cross_phase_integration.py,informative,Integration Architect,P0-G0,Reference evidence only
repo_a,backend/tests/test_final_readiness.py,98674ee57b6e508988034d46ded1cee6b63f5e60c010f3c16fc24450ef7a27b2,imported_from_a/backend/tests/test_final_readiness.py,informative,Integration Architect,P0-G0,Reference evidence only
repo_a,backend/tests/test_forecast_cache_and_dedup.py,ef039869e8a092d17d6edc3fa2f85e848e93442fc5306dd3fa64780aab28ad33,imported_from_a/backend/tests/test_forecast_cache_and_dedup.py,informative,Integration Architect,P0-G0,Reference evidence only
repo_a,backend/tests/test_health.py,d15bb22d60e14b42e8687f235ff2bbd940aac84acf723104ed86b81a6902bba3,imported_from_a/backend/tests/test_health.py,informative,Integration Architect,P0-G0,Reference evidence only
repo_a,backend/tests/test_historical_alignment.py,6b72ae4c40d155f45298d8b4556207447ccc0bde93541c725d29c9ed23677ffc,imported_from_a/backend/tests/test_historical_alignment.py,informative,Integration Architect,P0-G0,Reference evidence only
repo_a,backend/tests/test_historical_dataset.py,615858a81e98857109673a668c3db76b1da1a9beb608865ea10df32001a9acdb,imported_from_a/backend/tests/test_historical_dataset.py,informative,Integration Architect,P0-G0,Reference evidence only
repo_a,backend/tests/test_historical_infrastructure.py,ed8c68968fff54534742fb7d2fc06914e41f7e787947287cb7df9e26be8575a4,imported_from_a/backend/tests/test_historical_infrastructure.py,informative,Integration Architect,P0-G0,Reference evidence only
repo_a,backend/tests/test_horizon_contract.py,8198cb169c2adc86a7697df51dbf3b6ab0aab56cf75bbdef5024376c4ac25f4c,imported_from_a/backend/tests/test_horizon_contract.py,informative,Integration Architect,P0-G0,Reference evidence only
repo_a,backend/tests/test_live_serving.py,edc81779e0d7c2e7318794801128bbaaa3b44259e5d81e3633b2d2bd89a24d31,imported_from_a/backend/tests/test_live_serving.py,informative,Integration Architect,P0-G0,Reference evidence only
repo_a,backend/tests/test_ml_features.py,add340ddbf8b976b22acd357a3cc50bde7d1cd3a4681be669f6a9daa6d90e2ff,imported_from_a/backend/tests/test_ml_features.py,informative,Integration Architect,P0-G0,Reference evidence only
repo_a,backend/tests/test_ml_model_and_eval.py,28a5827c3d02b23a50f837e1fb5f387a3c2cd61d468b57582d37246c7f5a0820,imported_from_a/backend/tests/test_ml_model_and_eval.py,informative,Integration Architect,P0-G0,Reference evidence only
repo_a,backend/tests/test_ml_splitting.py,b0f5813ce07b711904c57414b7bd4bc7cf119082841451a395eac6ec479a07b1,imported_from_a/backend/tests/test_ml_splitting.py,informative,Integration Architect,P0-G0,Reference evidence only
repo_a,backend/tests/test_model_integration.py,67e4aa1089b762d4ddb614016ed665b46105e52e53ae064b45ee480ae665494c,imported_from_a/backend/tests/test_model_integration.py,informative,Integration Architect,P0-G0,Reference evidence only
repo_a,backend/tests/test_multi_location.py,7a10b9e516b2b7d11aaed17d0782c21483b1efe1000df1dfc5b888c9141acc08,imported_from_a/backend/tests/test_multi_location.py,informative,Integration Architect,P0-G0,Reference evidence only
repo_a,backend/tests/test_observability.py,2215cefc69f55b4b975a013b2ea32d0423ba13f31802f032b8b1874a8b3fcce6,imported_from_a/backend/tests/test_observability.py,informative,Integration Architect,P0-G0,Reference evidence only
repo_a,backend/tests/test_predict.py,70eb382b4d5616d28b5597558097ad31d15a8ad5901899312dee2234beabaa92,imported_from_a/backend/tests/test_predict.py,informative,Integration Architect,P0-G0,Reference evidence only
repo_a,backend/tests/test_production_hardening.py,2d35e779f6add5e11851f940d7d710a85ba47ddc78c0c778c9ed9a5555d4efd5,imported_from_a/backend/tests/test_production_hardening.py,informative,Integration Architect,P0-G0,Reference evidence only
repo_a,backend/tests/test_qc.py,ed3573c2d27789621863242ff469fbaeca3905d51c22a1b2d73dfc454b05420e,imported_from_a/backend/tests/test_qc.py,informative,Integration Architect,P0-G0,Reference evidence only
repo_a,backend/tests/test_revision_intelligence.py,c4e6ec8d8c6857fec49d1e48f157765a227d363daf9385c8300fdc1c1f40b8b8,imported_from_a/backend/tests/test_revision_intelligence.py,informative,Integration Architect,P0-G0,Reference evidence only
repo_a,backend/tests/test_schemas.py,9342dde2206498c31801649bdacb85e5f0aa35ca102403d3dd51050a4db1f925,imported_from_a/backend/tests/test_schemas.py,informative,Integration Architect,P0-G0,Reference evidence only
repo_a,backend/tests/test_scientific_certification.py,01a555009965933d6dcf9c4ca2cfb3c620d7b8e20068f10c5114cc70adac7e6b,imported_from_a/backend/tests/test_scientific_certification.py,informative,Integration Architect,P0-G0,Reference evidence only
repo_a,backend/tests/test_services.py,82c8ac0390d92685285319257e583dd3bb6a654642475da93d2f07e69f5e5f3c,imported_from_a/backend/tests/test_services.py,informative,Integration Architect,P0-G0,Reference evidence only
repo_a,backend/tests/test_spatial_reliability.py,31e7031b2baccb57ff1c03fc6eb53bb0e4a5007e45d652d75a16540e406a5d90,imported_from_a/backend/tests/test_spatial_reliability.py,informative,Integration Architect,P0-G0,Reference evidence only
repo_a,backend/tests/test_unit_conversion.py,890a6a80c71fe633d492d3e3b3b6ec9e2afe8639dc8aaf45196c8f6f8aec7676,imported_from_a/backend/tests/test_unit_conversion.py,informative,Integration Architect,P0-G0,Reference evidence only
repo_a,backend/tests/test_v3_artifact_integrity.py,28d9f0b65cf7dec6710f6dca6c0211946c495f12b354742588d23cc4f707b774,imported_from_a/backend/tests/test_v3_artifact_integrity.py,informative,Integration Architect,P0-G0,Reference evidence only
repo_a,backend/tests/test_v3_calibration.py,fb468a8d103c9b701237d56374a193ef17aafc778dc6622a48f0a1af8db3b2a4,imported_from_a/backend/tests/test_v3_calibration.py,informative,Integration Architect,P0-G0,Reference evidence only
repo_a,backend/tests/test_v3_ensemble_contract.py,fad7b819ef7c7cde48f5629bd6c2b552e78f2ce580ca834adc39b930a1774764,imported_from_a/backend/tests/test_v3_ensemble_contract.py,informative,Integration Architect,P0-G0,Reference evidence only
repo_a,backend/tests/test_v3_failure_safety.py,8dcd2e869ce5606c14302b9a96f27549afb91bf409b7a81f36127cdd661fe9e4,imported_from_a/backend/tests/test_v3_failure_safety.py,informative,Integration Architect,P0-G0,Reference evidence only
repo_a,backend/tests/test_v3_feature_contract.py,ebdb07305aede823cbc7f4a80679097b1da78825091228e0b2633f1d54c0c0e7,imported_from_a/backend/tests/test_v3_feature_contract.py,informative,Integration Architect,P0-G0,Reference evidence only
repo_a,backend/tests/test_v3_reference_parity.py,ec7308b0870e4aac52763e18bd51946c04516aaafffdf7c68bb932b313a24555,imported_from_a/backend/tests/test_v3_reference_parity.py,informative,Integration Architect,P0-G0,Reference evidence only
repo_a,backend/tests/test_v3_unit_contract.py,db27fdb152060f5fc0d93a4193da882cc6551d446fc65b21bbbcb4112419d0c6,imported_from_a/backend/tests/test_v3_unit_contract.py,informative,Integration Architect,P0-G0,Reference evidence only
repo_a,backend/tests/test_vercel_entrypoint.py,6707adc95b40744b99a469f90b65f1d174dc060e11183b8ddee67ae63792acfb,imported_from_a/backend/tests/test_vercel_entrypoint.py,informative,Integration Architect,P0-G0,Reference evidence only
repo_a,backend/tests/test_weather_ingestion.py,58e24eb84c6cacd7ef6364e5fae12b2dead8d186cf5745a2c676105f80c3a57e,imported_from_a/backend/tests/test_weather_ingestion.py,informative,Integration Architect,P0-G0,Reference evidence only
repo_a,backend/tests/__init__.py,e2fb67507f0eccf6602bcfe3ea6e0af317674648b97918e6ae9144458162a976,imported_from_a/backend/tests/__init__.py,informative,Integration Architect,P0-G0,Reference evidence only
repo_a,backend/tests/__pycache__/conftest.cpython-310-pytest-9.1.1.pyc,6b4d73d4073a51978d58ded42779b92aab5ec650ccf35d88a53051c586c3579c,imported_from_a/backend/tests/__pycache__/conftest.cpython-310-pytest-9.1.1.pyc,informative,Integration Architect,P0-G0,Reference evidence only
repo_a,backend/tests/__pycache__/test_agent.cpython-310-pytest-9.1.1.pyc,f2f36c3411d4f75ebbe2d0ebfb0938d9de9ca1f0672559b94b3a51b937cf705c,imported_from_a/backend/tests/__pycache__/test_agent.cpython-310-pytest-9.1.1.pyc,informative,Integration Architect,P0-G0,Reference evidence only
repo_a,backend/tests/__pycache__/test_builder2_integration.cpython-310-pytest-9.1.1.pyc,3d46048809a0c3a4adc3a6c0f5b8a5300f7f194fc7f8e5fe7f1bc8d030158828,imported_from_a/backend/tests/__pycache__/test_builder2_integration.cpython-310-pytest-9.1.1.pyc,informative,Integration Architect,P0-G0,Reference evidence only
repo_a,backend/tests/__pycache__/test_bust_labeling.cpython-310-pytest-9.1.1.pyc,8001224cadb4fc2f5a9b35f88783104d4fbbaf754b3d3cf2f771fc9b94cefa69,imported_from_a/backend/tests/__pycache__/test_bust_labeling.cpython-310-pytest-9.1.1.pyc,informative,Integration Architect,P0-G0,Reference evidence only
repo_a,backend/tests/__pycache__/test_day21_post_merge_repairs.cpython-310-pytest-9.1.1.pyc,40cd24f36097bae666f8328e170c0bb4aac565701f248b97a2e376c69157083e,imported_from_a/backend/tests/__pycache__/test_day21_post_merge_repairs.cpython-310-pytest-9.1.1.pyc,informative,Integration Architect,P0-G0,Reference evidence only
repo_a,backend/tests/__pycache__/test_day21_repairs.cpython-310-pytest-9.1.1.pyc,aa7b64bda690e6878e8aca9175720ea3c6ff76abdbeeaeedae4210dc928d696c,imported_from_a/backend/tests/__pycache__/test_day21_repairs.cpython-310-pytest-9.1.1.pyc,informative,Integration Architect,P0-G0,Reference evidence only
repo_a,backend/tests/__pycache__/test_day24_probabilistic_intelligence.cpython-310-pytest-9.1.1.pyc,4af9d88e83e747469b65da81951ae4101add8f6f993035b21ebdc81d62281453,imported_from_a/backend/tests/__pycache__/test_day24_probabilistic_intelligence.cpython-310-pytest-9.1.1.pyc,informative,Integration Architect,P0-G0,Reference evidence only
repo_a,backend/tests/__pycache__/test_day25_dashboard_intelligence.cpython-310-pytest-9.1.1.pyc,42834cea57084a89c81f58e4a9665de5944a9e75a7458ac9817fd55abc8b324d,imported_from_a/backend/tests/__pycache__/test_day25_dashboard_intelligence.cpython-310-pytest-9.1.1.pyc,informative,Integration Architect,P0-G0,Reference evidence only
repo_a,backend/tests/__pycache__/test_day33_ood_model_determinism.cpython-310-pytest-9.1.1.pyc,724bfacf62af71b1a5d103968fc8cf63fabb1c778eebf0b60de4f59d0c4d1585,imported_from_a/backend/tests/__pycache__/test_day33_ood_model_determinism.cpython-310-pytest-9.1.1.pyc,informative,Integration Architect,P0-G0,Reference evidence only
repo_a,backend/tests/__pycache__/test_day34_time_contract_revision_store.cpython-310-pytest-9.1.1.pyc,69e54c967749ba54cbc197b04bb1e665fe5aeff202e883c3ee86f28f1500cfeb,imported_from_a/backend/tests/__pycache__/test_day34_time_contract_revision_store.cpython-310-pytest-9.1.1.pyc,informative,Integration Architect,P0-G0,Reference evidence only
repo_a,backend/tests/__pycache__/test_day35_independent_replay_release_manifest.cpython-310-pytest-9.1.1.pyc,f86fc4511fd5077c56f711bf5793044fc1127229a5c3fcda601a93d8be75cb78,imported_from_a/backend/tests/__pycache__/test_day35_independent_replay_release_manifest.cpython-310-pytest-9.1.1.pyc,informative,Integration Architect,P0-G0,Reference evidence only
repo_a,backend/tests/__pycache__/test_day36_dashboard_parity_explanation_coherence.cpython-310-pytest-9.1.1.pyc,ad92387664a53dda9069bde928575f92e559cd12417e0f40b6a3993609f2214f,imported_from_a/backend/tests/__pycache__/test_day36_dashboard_parity_explanation_coherence.cpython-310-pytest-9.1.1.pyc,informative,Integration Architect,P0-G0,Reference evidence only
repo_a,backend/tests/__pycache__/test_day37_provider_adapters.cpython-310-pytest-9.1.1.pyc,69cfaf1b4eeb72058125e64378f7fa9d1dda7cd98e911183de140a0c5573fbf0,imported_from_a/backend/tests/__pycache__/test_day37_provider_adapters.cpython-310-pytest-9.1.1.pyc,informative,Integration Architect,P0-G0,Reference evidence only
repo_a,backend/tests/__pycache__/test_day38_cross_provider_disagreement.cpython-310-pytest-9.1.1.pyc,6747de343714bc0e2d1e47fcf42ff44f1d3c0552834351682df51014354fa89d,imported_from_a/backend/tests/__pycache__/test_day38_cross_provider_disagreement.cpython-310-pytest-9.1.1.pyc,informative,Integration Architect,P0-G0,Reference evidence only
repo_a,backend/tests/__pycache__/test_deployment_readiness.cpython-310-pytest-9.1.1.pyc,69e61a880dfd8dda70d8e925317c5a5153f3769e1707f1a2f68e2669f7ad9325,imported_from_a/backend/tests/__pycache__/test_deployment_readiness.cpython-310-pytest-9.1.1.pyc,informative,Integration Architect,P0-G0,Reference evidence only
repo_a,backend/tests/__pycache__/test_disagreement_intelligence.cpython-310-pytest-9.1.1.pyc,5a626cd05ba9bb5cbc0e66336abf0d0f4f0c37b5012b2099642add601200783e,imported_from_a/backend/tests/__pycache__/test_disagreement_intelligence.cpython-310-pytest-9.1.1.pyc,informative,Integration Architect,P0-G0,Reference evidence only
repo_a,backend/tests/__pycache__/test_dynamic_location.cpython-310-pytest-9.1.1.pyc,1903db22c56f8d95ff1d464944d4b475aa70f4a48205cbd13ac59c7a4de13163,imported_from_a/backend/tests/__pycache__/test_dynamic_location.cpython-310-pytest-9.1.1.pyc,informative,Integration Architect,P0-G0,Reference evidence only
repo_a,backend/tests/__pycache__/test_evaluation_integration.cpython-310-pytest-9.1.1.pyc,8f5f5f7add8597e77bb0bda63fb88bbad029b2136bf2ef643adbf6dd2543fde2,imported_from_a/backend/tests/__pycache__/test_evaluation_integration.cpython-310-pytest-9.1.1.pyc,informative,Integration Architect,P0-G0,Reference evidence only
repo_a,backend/tests/__pycache__/test_explainability_integration.cpython-310-pytest-9.1.1.pyc,fddb55948123d1600fb77b0780584c581d809491dde1c956662f4c2a0adeb07e,imported_from_a/backend/tests/__pycache__/test_explainability_integration.cpython-310-pytest-9.1.1.pyc,informative,Integration Architect,P0-G0,Reference evidence only
repo_a,backend/tests/__pycache__/test_final_cross_phase_integration.cpython-310-pytest-9.1.1.pyc,c6ee0db64b822fd8aadd1c50a7d1d5a54b12d490ed373faed8c4b2884100101e,imported_from_a/backend/tests/__pycache__/test_final_cross_phase_integration.cpython-310-pytest-9.1.1.pyc,informative,Integration Architect,P0-G0,Reference evidence only
repo_a,backend/tests/__pycache__/test_final_readiness.cpython-310-pytest-9.1.1.pyc,f6552d9514128c42ed7804ee78bb3d20b3f20fffaa02706d8a88106d734c959a,imported_from_a/backend/tests/__pycache__/test_final_readiness.cpython-310-pytest-9.1.1.pyc,informative,Integration Architect,P0-G0,Reference evidence only
repo_a,backend/tests/__pycache__/test_forecast_cache_and_dedup.cpython-310-pytest-9.1.1.pyc,9f8f38190057c5154347da2c1e2b50a9841fab9db0e8101e061275b9490a74c8,imported_from_a/backend/tests/__pycache__/test_forecast_cache_and_dedup.cpython-310-pytest-9.1.1.pyc,informative,Integration Architect,P0-G0,Reference evidence only
repo_a,backend/tests/__pycache__/test_health.cpython-310-pytest-9.1.1.pyc,de6b54873c5afa22b6b5cc56ce077a21eb056736d44171c7de317bc6a8cf4048,imported_from_a/backend/tests/__pycache__/test_health.cpython-310-pytest-9.1.1.pyc,informative,Integration Architect,P0-G0,Reference evidence only
repo_a,backend/tests/__pycache__/test_historical_alignment.cpython-310-pytest-9.1.1.pyc,69059f3709ba3b82219d1cb63a084a9216b69fb6043088a8456924b813b72f19,imported_from_a/backend/tests/__pycache__/test_historical_alignment.cpython-310-pytest-9.1.1.pyc,informative,Integration Architect,P0-G0,Reference evidence only
repo_a,backend/tests/__pycache__/test_historical_dataset.cpython-310-pytest-9.1.1.pyc,ddd12110dcc91f16ac2ae7d89898bbe487475c5daa089d055a964681c6dffce1,imported_from_a/backend/tests/__pycache__/test_historical_dataset.cpython-310-pytest-9.1.1.pyc,informative,Integration Architect,P0-G0,Reference evidence only
repo_a,backend/tests/__pycache__/test_historical_infrastructure.cpython-310-pytest-9.1.1.pyc,a33b93657613bb0b0550ffd1ce156ab7ed74529470c29491a932868befa64ea6,imported_from_a/backend/tests/__pycache__/test_historical_infrastructure.cpython-310-pytest-9.1.1.pyc,informative,Integration Architect,P0-G0,Reference evidence only
repo_a,backend/tests/__pycache__/test_horizon_contract.cpython-310-pytest-9.1.1.pyc,b2a5bb613eb83a3229331a2bb4dd287e047af8b25fb909054f6b3435507a549e,imported_from_a/backend/tests/__pycache__/test_horizon_contract.cpython-310-pytest-9.1.1.pyc,informative,Integration Architect,P0-G0,Reference evidence only
repo_a,backend/tests/__pycache__/test_live_serving.cpython-310-pytest-9.1.1.pyc,16d8345c12d6f020dd4849336cf457e9f6d3dba09eef05b1690c8b0ac564a98d,imported_from_a/backend/tests/__pycache__/test_live_serving.cpython-310-pytest-9.1.1.pyc,informative,Integration Architect,P0-G0,Reference evidence only
repo_a,backend/tests/__pycache__/test_ml_features.cpython-310-pytest-9.1.1.pyc,f2bb15e35a2f98dada6a3fd38326538f31d9629060ed96b5d7487faae5f7c767,imported_from_a/backend/tests/__pycache__/test_ml_features.cpython-310-pytest-9.1.1.pyc,informative,Integration Architect,P0-G0,Reference evidence only
repo_a,backend/tests/__pycache__/test_ml_model_and_eval.cpython-310-pytest-9.1.1.pyc,e0a9f02b17ce25f0fc8c01e95407b0ae55f8ca715ba1e6a407d3967f57bfe470,imported_from_a/backend/tests/__pycache__/test_ml_model_and_eval.cpython-310-pytest-9.1.1.pyc,informative,Integration Architect,P0-G0,Reference evidence only
repo_a,backend/tests/__pycache__/test_ml_splitting.cpython-310-pytest-9.1.1.pyc,c3622519fb87200580134501df822b92d38347b066f0b2d03513c15e73137dee,imported_from_a/backend/tests/__pycache__/test_ml_splitting.cpython-310-pytest-9.1.1.pyc,informative,Integration Architect,P0-G0,Reference evidence only
repo_a,backend/tests/__pycache__/test_model_integration.cpython-310-pytest-9.1.1.pyc,466dd9a76c1b37c96b1c5e696b1b87af1c871a8f59c57b6d802143f8a4472ec5,imported_from_a/backend/tests/__pycache__/test_model_integration.cpython-310-pytest-9.1.1.pyc,informative,Integration Architect,P0-G0,Reference evidence only
repo_a,backend/tests/__pycache__/test_multi_location.cpython-310-pytest-9.1.1.pyc,112a0f7e9e5d0ef5d70887c1f592a8b436048e27a31d0bb5e407ad38f87f08ae,imported_from_a/backend/tests/__pycache__/test_multi_location.cpython-310-pytest-9.1.1.pyc,informative,Integration Architect,P0-G0,Reference evidence only
repo_a,backend/tests/__pycache__/test_observability.cpython-310-pytest-9.1.1.pyc,132b3615e66274c8261a71749a5a18fcc5139571aee67e24c0e7f1615be4d1c9,imported_from_a/backend/tests/__pycache__/test_observability.cpython-310-pytest-9.1.1.pyc,informative,Integration Architect,P0-G0,Reference evidence only
repo_a,backend/tests/__pycache__/test_predict.cpython-310-pytest-9.1.1.pyc,5f0a446e221eca765bb3f82b2daeab84859f533774149a8b8d9f6f95040b5cb0,imported_from_a/backend/tests/__pycache__/test_predict.cpython-310-pytest-9.1.1.pyc,informative,Integration Architect,P0-G0,Reference evidence only
repo_a,backend/tests/__pycache__/test_production_hardening.cpython-310-pytest-9.1.1.pyc,a70aa0353b4a080e0bef0c01990f4aac48d8eab4e62f3b99c45f5828e0e580af,imported_from_a/backend/tests/__pycache__/test_production_hardening.cpython-310-pytest-9.1.1.pyc,informative,Integration Architect,P0-G0,Reference evidence only
repo_a,backend/tests/__pycache__/test_qc.cpython-310-pytest-9.1.1.pyc,fd2d94582ba9b77a36383602b7fe682abac8569e6678dfb3f309ef2fcfcc8a37,imported_from_a/backend/tests/__pycache__/test_qc.cpython-310-pytest-9.1.1.pyc,informative,Integration Architect,P0-G0,Reference evidence only
repo_a,backend/tests/__pycache__/test_revision_intelligence.cpython-310-pytest-9.1.1.pyc,afdc86e62e7a69e775068fefc94ebc5d671a21a5c429fe82a0ffdf7f07700006,imported_from_a/backend/tests/__pycache__/test_revision_intelligence.cpython-310-pytest-9.1.1.pyc,informative,Integration Architect,P0-G0,Reference evidence only
repo_a,backend/tests/__pycache__/test_schemas.cpython-310-pytest-9.1.1.pyc,8b863c4c6c78dbe2b512a35971f58cfb9e99320de1c44f282faa6e8b48bfd1d1,imported_from_a/backend/tests/__pycache__/test_schemas.cpython-310-pytest-9.1.1.pyc,informative,Integration Architect,P0-G0,Reference evidence only
repo_a,backend/tests/__pycache__/test_scientific_certification.cpython-310-pytest-9.1.1.pyc,5586b5031376116e86a67da1950a35ae23aac08f9102cd9b39da8d04159ec040,imported_from_a/backend/tests/__pycache__/test_scientific_certification.cpython-310-pytest-9.1.1.pyc,informative,Integration Architect,P0-G0,Reference evidence only
repo_a,backend/tests/__pycache__/test_services.cpython-310-pytest-9.1.1.pyc,d757540d678878f350367bda02354d37da356c2b322754bd711f47ec1ec0999e,imported_from_a/backend/tests/__pycache__/test_services.cpython-310-pytest-9.1.1.pyc,informative,Integration Architect,P0-G0,Reference evidence only
repo_a,backend/tests/__pycache__/test_spatial_reliability.cpython-310-pytest-9.1.1.pyc,7e8bd94ec21c94126065080a2bce45e4f8ff2f5a70b24f0a412c3ba692efda5d,imported_from_a/backend/tests/__pycache__/test_spatial_reliability.cpython-310-pytest-9.1.1.pyc,informative,Integration Architect,P0-G0,Reference evidence only
repo_a,backend/tests/__pycache__/test_unit_conversion.cpython-310-pytest-9.1.1.pyc,2f115d5ecdf0d803b71ff5e233108bac9b40040888fcfa60d53049823f0674da,imported_from_a/backend/tests/__pycache__/test_unit_conversion.cpython-310-pytest-9.1.1.pyc,informative,Integration Architect,P0-G0,Reference evidence only
repo_a,backend/tests/__pycache__/test_v3_artifact_integrity.cpython-310-pytest-9.1.1.pyc,51812d35d6a27ef769c9e14afcadfd0e0b4f5200e04eedfadb05122e3025ab2f,imported_from_a/backend/tests/__pycache__/test_v3_artifact_integrity.cpython-310-pytest-9.1.1.pyc,informative,Integration Architect,P0-G0,Reference evidence only
repo_a,backend/tests/__pycache__/test_v3_calibration.cpython-310-pytest-9.1.1.pyc,4d7d27e5eef7f56a07b60c0ec55365693eac385b2f38b30bd6cd54c1eb3cf310,imported_from_a/backend/tests/__pycache__/test_v3_calibration.cpython-310-pytest-9.1.1.pyc,informative,Integration Architect,P0-G0,Reference evidence only
repo_a,backend/tests/__pycache__/test_v3_ensemble_contract.cpython-310-pytest-9.1.1.pyc,faa3490e829cc2e81f68d4075d700929d2abec63e7067001784a824d679e9b31,imported_from_a/backend/tests/__pycache__/test_v3_ensemble_contract.cpython-310-pytest-9.1.1.pyc,informative,Integration Architect,P0-G0,Reference evidence only
repo_a,backend/tests/__pycache__/test_v3_failure_safety.cpython-310-pytest-9.1.1.pyc,7d3bf886dfd0c7d0ae92876df1ac9ecd238a9b4d5f2f503fef2ec1f0b3845679,imported_from_a/backend/tests/__pycache__/test_v3_failure_safety.cpython-310-pytest-9.1.1.pyc,informative,Integration Architect,P0-G0,Reference evidence only
repo_a,backend/tests/__pycache__/test_v3_feature_contract.cpython-310-pytest-9.1.1.pyc,ef2cdd66282e104308d3ce218a998ba31c587dc4e95599598619eedc2e8103a7,imported_from_a/backend/tests/__pycache__/test_v3_feature_contract.cpython-310-pytest-9.1.1.pyc,informative,Integration Architect,P0-G0,Reference evidence only
repo_a,backend/tests/__pycache__/test_v3_reference_parity.cpython-310-pytest-9.1.1.pyc,7baffca5fd9ae8a3abfaee1665bde70c13059b9a659befcd34873beb409f9897,imported_from_a/backend/tests/__pycache__/test_v3_reference_parity.cpython-310-pytest-9.1.1.pyc,informative,Integration Architect,P0-G0,Reference evidence only
repo_a,backend/tests/__pycache__/test_v3_unit_contract.cpython-310-pytest-9.1.1.pyc,51d6c12c8ef28d82c05c8286bb3d4ffe56da1a3e14ce38b07c6c36a6a1f6ea07,imported_from_a/backend/tests/__pycache__/test_v3_unit_contract.cpython-310-pytest-9.1.1.pyc,informative,Integration Architect,P0-G0,Reference evidence only
repo_a,backend/tests/__pycache__/test_vercel_entrypoint.cpython-310-pytest-9.1.1.pyc,01f303f140d2b54a36384c78a55704c52604996fbd7ed7b32147f07b4f8cb83a,imported_from_a/backend/tests/__pycache__/test_vercel_entrypoint.cpython-310-pytest-9.1.1.pyc,informative,Integration Architect,P0-G0,Reference evidence only
repo_a,backend/tests/__pycache__/test_weather_ingestion.cpython-310-pytest-9.1.1.pyc,76795f99650e9e89ca1c55e9bcd19bd6d1af2dd9c20137ec0f0ce68ce67d6672,imported_from_a/backend/tests/__pycache__/test_weather_ingestion.cpython-310-pytest-9.1.1.pyc,informative,Integration Architect,P0-G0,Reference evidence only
repo_a,backend/tests/__pycache__/__init__.cpython-310.pyc,0b417b1a3f97f97ebc449eee7858784d30f00b506f1b3e8c99eb8a16d3cee3a2,imported_from_a/backend/tests/__pycache__/__init__.cpython-310.pyc,informative,Integration Architect,P0-G0,Reference evidence only
repo_a,Builder-2/.gitattributes,d8fb0de4792538f93822b2c0d235604921299d5e54a3d6ec7a6cb34536e8bf1e,REJECTED,reject,Integration Architect,P0-G0,Duplicate application tree
repo_a,Builder-2/.gitignore,a0ab56a8e2559ec9c42d2e20e05aba2d7dc51f246b99fc5ded0d7f304272cd4c,REJECTED,reject,Integration Architect,P0-G0,Duplicate application tree
repo_a,Builder-2/BUILDER_1_BUILDER_2_INTEGRATION_CONTRACT.md,7a6bb6054f80c068a60b8973e135022ea68abce9757d865c8bd7d15e0fc55ad1,REJECTED,reject,Integration Architect,P0-G0,Duplicate application tree
repo_a,Builder-2/BUILDER_2_HANDOFF.md,1d7e7309d23350b0cda12b91cadacbc6d9c3dcf735e895034d158cfc2759b459,REJECTED,reject,Integration Architect,P0-G0,Duplicate application tree
repo_a,Builder-2/DAY_1_BUILDER_1_DEVELOPMENT_OVERVIEW.md,6698427767063b10dc10aba00f20edcdc71bfa72f35d0e276d28d3decbce8f15,REJECTED,reject,Integration Architect,P0-G0,Duplicate application tree
repo_a,Builder-2/DAY_2_BUILDER_1_DEVELOPMENT_OVERVIEW.md,babe922b27b8c34d5d416f24a7e9227ba6412b2f1e17327e6a1678784240ff58,REJECTED,reject,Integration Architect,P0-G0,Duplicate application tree
repo_a,Builder-2/DAY_3_REAL_DATA_FOUNDATION.md,3e5f52999333edca0c06a654397eb15de7b719c36fc74944574cb489ff19657a,REJECTED,reject,Integration Architect,P0-G0,Duplicate application tree
repo_a,Builder-2/DAY_4_HISTORICAL_VERIFICATION_AND_LABELS.md,235e77c42a4776beb9bbaacec09c09d16cd166870565b36ac24aa88bbbb801f2,REJECTED,reject,Integration Architect,P0-G0,Duplicate application tree
repo_a,Builder-2/DAY_5_FEATURE_ENGINEERING_AND_BASELINE_ML.md,9e34b2b07f5195c8ff1bf387733605bba135ad107e30ca3fa91bf10d6d274d6a,REJECTED,reject,Integration Architect,P0-G0,Duplicate application tree
repo_a,Builder-2/DAY_6_LIVE_MODEL_SERVING_AND_PREDICTION.md,09a3ff05a8944b279d5efbe245aef0902ebf2b50c3251d461de104b963bac1c7,REJECTED,reject,Integration Architect,P0-G0,Duplicate application tree
repo_a,Builder-2/DEVELOPER_COMMANDS.md,8a57ff1ecbf7756e093a02584389b16a9039da90da4b65f8ad2b0d9b02da10a5,REJECTED,reject,Integration Architect,P0-G0,Duplicate application tree
repo_a,Builder-2/LICENSE,df8a907ebf1900929983cef179382e12fdd6b1a7293c3928adaadc0cb2f70bfa,REJECTED,reject,Integration Architect,P0-G0,Duplicate application tree
repo_a,Builder-2/pytest.ini,577ef0b0cd50783067d13214381dd6315295cad5b0885dc05b1229f096a4d17c,REJECTED,reject,Integration Architect,P0-G0,Duplicate application tree
repo_a,Builder-2/README.md,4673e6bed6151141d980d09e66d0e8a875707892a79aa242e601f9f3e309b2a7,REJECTED,reject,Integration Architect,P0-G0,Duplicate application tree
repo_a,Builder-2/requirements.txt,a0681cd70480964adf0693fcad192d70af8e7b5c632f4b640b2191bc1255f96f,REJECTED,reject,Integration Architect,P0-G0,Duplicate application tree
repo_a,Builder-2/backend/app/main.py,f1bb1121efc710083cb09dc4ea5e18993a55ba3790672fddbfa6da39ccc25ebc,REJECTED,reject,Integration Architect,P0-G0,Duplicate application tree
repo_a,Builder-2/backend/app/__init__.py,f127dafea6aa5ee73e604fe31306a52cc2a7d2a05896f9c7bab56ab64aba5d17,REJECTED,reject,Integration Architect,P0-G0,Duplicate application tree
repo_a,Builder-2/backend/app/agents/forecast_bust_agent.py,b70015b100cb1347ac82c2670cbc79ce785af43ec23b06359e3d3128445e392a,REJECTED,reject,Integration Architect,P0-G0,Duplicate application tree
repo_a,Builder-2/backend/app/agents/__init__.py,73015c2724cb23e9794b722934ab822586adfdf27c722422c78607f57377da73,REJECTED,reject,Integration Architect,P0-G0,Duplicate application tree
repo_a,Builder-2/backend/app/api/__init__.py,5b96d03591b3d982cc5f1d610bd7bf78a85b7ff18d155632dcc0b70fb82e8147,REJECTED,reject,Integration Architect,P0-G0,Duplicate application tree
repo_a,Builder-2/backend/app/api/v1/router.py,b29a715c871786ccbae11148577f9e9eacbe44170037e69c04332b3298543f55,REJECTED,reject,Integration Architect,P0-G0,Duplicate application tree
repo_a,Builder-2/backend/app/api/v1/__init__.py,d95242051fa9e62524e4f8a762905d0833f81d71c1ef8e37b1d9e46aa39a6c57,REJECTED,reject,Integration Architect,P0-G0,Duplicate application tree
repo_a,Builder-2/backend/app/api/v1/endpoints/health.py,3ac822944d51ef0810084b6b5a3500cc6ab19bbc0527af53d62be4e429321c49,REJECTED,reject,Integration Architect,P0-G0,Duplicate application tree
repo_a,Builder-2/backend/app/api/v1/endpoints/predict.py,cd0b06a55f34842dfc43b2efce86409064a06326d71953ba86984af506c670fc,REJECTED,reject,Integration Architect,P0-G0,Duplicate application tree
repo_a,Builder-2/backend/app/api/v1/endpoints/__init__.py,bcce303afd73944ed542c336a3efb890215b481c4408018a5c1df368b203c4a6,REJECTED,reject,Integration Architect,P0-G0,Duplicate application tree
repo_a,Builder-2/backend/app/builder2/calibrator.py,d65424858a9a6045a44ad9054c37875aeaf6b40c3bb04e68997f5ad17418cbaf,REJECTED,reject,Integration Architect,P0-G0,Duplicate application tree
repo_a,Builder-2/backend/app/builder2/explainer.py,544261e08a7b798715a54aef7fbdfc3f42348f27ee49256b3e3c6cbe56a9200c,REJECTED,reject,Integration Architect,P0-G0,Duplicate application tree
repo_a,Builder-2/backend/app/builder2/feature_adapter.py,9f5e7288792dea5a65851ab4b0804fbe79db0a20208a48af949cf37d7a55f465,REJECTED,reject,Integration Architect,P0-G0,Duplicate application tree
repo_a,Builder-2/backend/app/builder2/feature_pipeline.py,cf111a2d20f602c7b6225bfe4920d7238f6d19661b8382e2a7ce1720696ab161,REJECTED,reject,Integration Architect,P0-G0,Duplicate application tree
repo_a,Builder-2/backend/app/builder2/instability_feature_pipeline.py,09303fad5b0496bdd662ef814207300c6bf8ac7fa5f37f1379f7112566bcb9c0,REJECTED,reject,Integration Architect,P0-G0,Duplicate application tree
repo_a,Builder-2/backend/app/builder2/instability_fingerprint.py,0bb36e2f61fee57328393954eb888d7ddb2694b1592b2daaf1ad99b7c40752f2,REJECTED,reject,Integration Architect,P0-G0,Duplicate application tree
repo_a,Builder-2/backend/app/builder2/label_engine.py,b0dc30269f4ef674bc70f7035a0346e7eee9666aecba9b423e72197e27f89ba2,REJECTED,reject,Integration Architect,P0-G0,Duplicate application tree
repo_a,Builder-2/backend/app/builder2/location_service.py,38bb747e2256bb3bcbca8b5e4fb4f283d0bbcec1c5474c0767b2b2d493fe7815,REJECTED,reject,Integration Architect,P0-G0,Duplicate application tree
repo_a,Builder-2/backend/app/builder2/model_adapter.py,bbde831a93b22de675dbca0291e68bb6112be5e9fa6594cdf60839f47ae26e50,REJECTED,reject,Integration Architect,P0-G0,Duplicate application tree
repo_a,Builder-2/backend/app/builder2/model_service.py,4830d906d7cede0c437088fd2145cae37c8b9eb9820bce7c9c4d408154619cc2,REJECTED,reject,Integration Architect,P0-G0,Duplicate application tree
repo_a,Builder-2/backend/app/builder2/schemas.py,740f7494520ed2b5abf9cd0b86bae8bc0e58ed0ab354f187a29c82de0ac064c2,REJECTED,reject,Integration Architect,P0-G0,Duplicate application tree
repo_a,Builder-2/backend/app/builder2/tree_classifier.py,98fec6966c3cc08fe6e5af811236b9d864e84ec3a07ac6565e967cc0e837dbc6,REJECTED,reject,Integration Architect,P0-G0,Duplicate application tree
repo_a,Builder-2/backend/app/builder2/weather_adapter.py,fa328b1bee6014fb993898e538453cabadcbdaf7a923754f0ccfbfc9bae75364,REJECTED,reject,Integration Architect,P0-G0,Duplicate application tree
repo_a,Builder-2/backend/app/builder2/__init__.py,71d2f6bd7fb51a589f4b402c9a5a346f288bcc5e808a3e055abf37db794455be,REJECTED,reject,Integration Architect,P0-G0,Duplicate application tree
repo_a,Builder-2/backend/app/core/config.py,087bd9a671820c43b2b12382e8b022b1306729d84a137f0a3f3280bbfaf6e886,REJECTED,reject,Integration Architect,P0-G0,Duplicate application tree
repo_a,Builder-2/backend/app/core/__init__.py,8bd3e7f2c8788b0e8a42dacf7e78ab55777485ca236806bd4b8dfb33402db295,REJECTED,reject,Integration Architect,P0-G0,Duplicate application tree
repo_a,Builder-2/backend/app/data/alignment.py,65a4881050a4dfe55f7279b342dd131668db1949852b2254198f2f120e80f763,REJECTED,reject,Integration Architect,P0-G0,Duplicate application tree
repo_a,Builder-2/backend/app/data/bust_labeling.py,edfd3f77c2fc796e51b70c8fa3da64c2a7042c3b4fc9e7da5092fe4d52a26eca,REJECTED,reject,Integration Architect,P0-G0,Duplicate application tree
repo_a,Builder-2/backend/app/data/historical_pathway.py,f380ac614dd43275ef74f2e6aa4f9ec0c12847f817a90029edecc143a2f11a01,REJECTED,reject,Integration Architect,P0-G0,Duplicate application tree
repo_a,Builder-2/backend/app/data/qc.py,7ce34860b6425f560d69c145e4ecf3a22d021743410fc310e4e2b7b82ee7ecff,REJECTED,reject,Integration Architect,P0-G0,Duplicate application tree
repo_a,Builder-2/backend/app/data/training_dataset.py,4fb26c809e10914e242909c634a9dba0e9a93e69519ba32ea2daaac10ca6fa1a,REJECTED,reject,Integration Architect,P0-G0,Duplicate application tree
repo_a,Builder-2/backend/app/data/unit_conversion.py,4c75da5869f4721c7184c1d2e443a80ffd4f6bff122dcdac458eac3a47761a62,REJECTED,reject,Integration Architect,P0-G0,Duplicate application tree
repo_a,Builder-2/backend/app/data/__init__.py,653a2edce6e21b50cb996d464ce6cf2e7dc10f5b0955b929c7d4723abe0adfe4,REJECTED,reject,Integration Architect,P0-G0,Duplicate application tree
repo_a,Builder-2/backend/app/ml/artifacts.py,5732e20fbd5045d1a48b13e5d9a149254f374bf9b03e34c996caa5e812ae0a7c,REJECTED,reject,Integration Architect,P0-G0,Duplicate application tree
repo_a,Builder-2/backend/app/ml/baseline_model.py,b0d04b1040e06ba5b5be24249e27d14b6937e3786526df37d9f0581f71920d3f,REJECTED,reject,Integration Architect,P0-G0,Duplicate application tree
repo_a,Builder-2/backend/app/ml/evaluation.py,5ecc5d36ce133159b48b0480a120e4c0714026960d2d3c5850eac8f8b49a70a3,REJECTED,reject,Integration Architect,P0-G0,Duplicate application tree
repo_a,Builder-2/backend/app/ml/features.py,f963fe4c9a97fdbbae484846d73f4f5c2a74478312f6fd54009f540844bd2d61,REJECTED,reject,Integration Architect,P0-G0,Duplicate application tree
repo_a,Builder-2/backend/app/ml/splitting.py,7f22da29f7ceb86ef93241fd6b48281f9c312c723c3413c78daeb41d9189b98f,REJECTED,reject,Integration Architect,P0-G0,Duplicate application tree
repo_a,Builder-2/backend/app/ml/__init__.py,87b92a069ce78f767920cd4bf410357e455fbba9e9bc28727080cddb0f12da66,REJECTED,reject,Integration Architect,P0-G0,Duplicate application tree
repo_a,Builder-2/backend/app/safety/abstention.py,62da7e7f15b4b959e1eede78cabee5ffadc98e00af2ac1cb3b8c7cf678a49e4d,REJECTED,reject,Integration Architect,P0-G0,Duplicate application tree
repo_a,Builder-2/backend/app/safety/__init__.py,cd42f25d4151c5c33fe1a09c17e481758cb6c5aecd67a626242f7f6b993dfa94,REJECTED,reject,Integration Architect,P0-G0,Duplicate application tree
repo_a,Builder-2/backend/app/schemas/health.py,b2d5224a43bb76a679020e130a138c4884e0c72d005a740cb1776c80a3f4f05a,REJECTED,reject,Integration Architect,P0-G0,Duplicate application tree
repo_a,Builder-2/backend/app/schemas/prediction.py,878b90272f2ca5c8525bcbb0b710bd6e49f7c51cc757467da52ebac6f14f1402,REJECTED,reject,Integration Architect,P0-G0,Duplicate application tree
repo_a,Builder-2/backend/app/schemas/reference.py,282e18c4c6b5dab37631a3beeebf78ac642923bb36e2e7df5efc75b3f57fb6d9,REJECTED,reject,Integration Architect,P0-G0,Duplicate application tree
repo_a,Builder-2/backend/app/schemas/weather.py,54d7bc84e1fb86f3175a153e57c953c9dd5997c1e5cef6f6abc064c124777729,REJECTED,reject,Integration Architect,P0-G0,Duplicate application tree
repo_a,Builder-2/backend/app/schemas/__init__.py,6e6fe84d99fad0b51b0323d8d06bb5d369df988e7fb0b8927f402e1ae13959de,REJECTED,reject,Integration Architect,P0-G0,Duplicate application tree
repo_a,Builder-2/backend/app/services/base.py,00f01d4fa9d60e97e9192ea7fb0949e69945968cf8b9c88991fccb0b1882730b,REJECTED,reject,Integration Architect,P0-G0,Duplicate application tree
repo_a,Builder-2/backend/app/services/feature_service.py,384768107bff6385912ca5011716528a1a321523be81275e151fb0da31f616d5,REJECTED,reject,Integration Architect,P0-G0,Duplicate application tree
repo_a,Builder-2/backend/app/services/model_service.py,fbb74dc2994513eed1fd4e7d4a5be800e55ec3a98dec89b390ce636a36449a62,REJECTED,reject,Integration Architect,P0-G0,Duplicate application tree
repo_a,Builder-2/backend/app/services/openmeteo_service.py,150b03498c58ff873a9ad177bcef02abb8b7b4be8fa6efeff2706bcc36630180,REJECTED,reject,Integration Architect,P0-G0,Duplicate application tree
repo_a,Builder-2/backend/app/services/reference_service.py,185192ebbae5c2c68f9511a63ead2bed695572914af576455ea73e608025f761,REJECTED,reject,Integration Architect,P0-G0,Duplicate application tree
repo_a,Builder-2/backend/app/services/weather_service.py,78ca165168f1d359810f836c4129413f403d45e49f9b9c27d07a7dbef689b8ab,REJECTED,reject,Integration Architect,P0-G0,Duplicate application tree
repo_a,Builder-2/backend/app/services/__init__.py,3f4b5179d29d8090b1bcd1aa880e91132e04e006d9cabcf25e984a253239e281,REJECTED,reject,Integration Architect,P0-G0,Duplicate application tree
repo_a,Builder-2/backend/tests/conftest.py,c24614d90ad43b5b00aad2c21e210a79448034bdcbfb95606e01c0beb1851f5a,REJECTED,reject,Integration Architect,P0-G0,Duplicate application tree
repo_a,Builder-2/backend/tests/test_agent.py,3535038139ef311fa64a9228e0ca6a78a78559da1d52e7652e7d376c81f916d5,REJECTED,reject,Integration Architect,P0-G0,Duplicate application tree
repo_a,Builder-2/backend/tests/test_builder2_integration.py,70337231ebd2935231abbde9e1f4aa9e156697bdf127eaef098bb86ad8a668cd,REJECTED,reject,Integration Architect,P0-G0,Duplicate application tree
repo_a,Builder-2/backend/tests/test_bust_labeling.py,35b4fff60ccf33b53dae46feb9b61196d36a1ecf88a4cad19b7fabfef79af7f2,REJECTED,reject,Integration Architect,P0-G0,Duplicate application tree
repo_a,Builder-2/backend/tests/test_final_readiness.py,9c22372ec7a33a028465c4300b2d9e848491df0f20dabf41bd2a89d4579c8174,REJECTED,reject,Integration Architect,P0-G0,Duplicate application tree
repo_a,Builder-2/backend/tests/test_health.py,d15bb22d60e14b42e8687f235ff2bbd940aac84acf723104ed86b81a6902bba3,REJECTED,reject,Integration Architect,P0-G0,Duplicate application tree
repo_a,Builder-2/backend/tests/test_historical_alignment.py,6b72ae4c40d155f45298d8b4556207447ccc0bde93541c725d29c9ed23677ffc,REJECTED,reject,Integration Architect,P0-G0,Duplicate application tree
repo_a,Builder-2/backend/tests/test_historical_dataset.py,615858a81e98857109673a668c3db76b1da1a9beb608865ea10df32001a9acdb,REJECTED,reject,Integration Architect,P0-G0,Duplicate application tree
repo_a,Builder-2/backend/tests/test_live_serving.py,edc81779e0d7c2e7318794801128bbaaa3b44259e5d81e3633b2d2bd89a24d31,REJECTED,reject,Integration Architect,P0-G0,Duplicate application tree
repo_a,Builder-2/backend/tests/test_ml_features.py,add340ddbf8b976b22acd357a3cc50bde7d1cd3a4681be669f6a9daa6d90e2ff,REJECTED,reject,Integration Architect,P0-G0,Duplicate application tree
repo_a,Builder-2/backend/tests/test_ml_model_and_eval.py,28a5827c3d02b23a50f837e1fb5f387a3c2cd61d468b57582d37246c7f5a0820,REJECTED,reject,Integration Architect,P0-G0,Duplicate application tree
repo_a,Builder-2/backend/tests/test_ml_splitting.py,b0f5813ce07b711904c57414b7bd4bc7cf119082841451a395eac6ec479a07b1,REJECTED,reject,Integration Architect,P0-G0,Duplicate application tree
repo_a,Builder-2/backend/tests/test_predict.py,04eb52a5219c2660ced1650d169316cff7856a1e0393a916a4f1111d9b00dd30,REJECTED,reject,Integration Architect,P0-G0,Duplicate application tree
repo_a,Builder-2/backend/tests/test_qc.py,ed3573c2d27789621863242ff469fbaeca3905d51c22a1b2d73dfc454b05420e,REJECTED,reject,Integration Architect,P0-G0,Duplicate application tree
repo_a,Builder-2/backend/tests/test_schemas.py,9342dde2206498c31801649bdacb85e5f0aa35ca102403d3dd51050a4db1f925,REJECTED,reject,Integration Architect,P0-G0,Duplicate application tree
repo_a,Builder-2/backend/tests/test_services.py,82c8ac0390d92685285319257e583dd3bb6a654642475da93d2f07e69f5e5f3c,REJECTED,reject,Integration Architect,P0-G0,Duplicate application tree
repo_a,Builder-2/backend/tests/test_unit_conversion.py,890a6a80c71fe633d492d3e3b3b6ec9e2afe8639dc8aaf45196c8f6f8aec7676,REJECTED,reject,Integration Architect,P0-G0,Duplicate application tree
repo_a,Builder-2/backend/tests/test_weather_ingestion.py,1d580f5d60f5c7d569ddf3f0455bc61948013678a087a811fa38de0bbe458503,REJECTED,reject,Integration Architect,P0-G0,Duplicate application tree
repo_a,Builder-2/backend/tests/__init__.py,e2fb67507f0eccf6602bcfe3ea6e0af317674648b97918e6ae9144458162a976,REJECTED,reject,Integration Architect,P0-G0,Duplicate application tree
repo_a,Builder-2/data/historical/.gitkeep,baee4b1126cae23cb240be2335eb61d2f34a3c7045ff6627292a9e1ff59adbad,REJECTED,reject,Integration Architect,P0-G0,Duplicate application tree
repo_a,Builder-2/data/processed/.gitkeep,8a813ff9bbb9020738870ef49e1b924c33ffd20d0a83e5bc606b99d5c761ce31,REJECTED,reject,Integration Architect,P0-G0,Duplicate application tree
repo_a,Builder-2/data/raw/.gitkeep,cfcc139a81e1cf724326d7ba69bfb5ff463cb7f32ba8abaeace8a70a0599a050,REJECTED,reject,Integration Architect,P0-G0,Duplicate application tree
repo_a,Builder-2/data/training/.gitkeep,c119de19a71317ff4b005d4f8027d45c721ef39681d2d7afac9f4e0da6c56f19,REJECTED,reject,Integration Architect,P0-G0,Duplicate application tree
repo_a,Builder-2/models/.gitkeep,4c7df2174b08eeb8504447bfa64573e6effab36f4036e5d25d43b016d0f13d5c,REJECTED,reject,Integration Architect,P0-G0,Duplicate application tree
repo_a,Builder-2/scripts/smoke_test_builder2.py,ab2e3375654d9aad0a3abd29b525cd55aa763a1872ca0bf794eceba5c21bf344,REJECTED,reject,Integration Architect,P0-G0,Duplicate application tree
repo_a,Builder-2/scripts/smoke_test_final.py,9a911d8b2de23766ee2aba02a51a3ed1755699475fcd2c4f52e71676764c9630,REJECTED,reject,Integration Architect,P0-G0,Duplicate application tree
repo_a,Builder-2/scripts/smoke_test_historical.py,1f0fd80eea9e9c0af3ae9faa19223e76297ae2509077204279098f8e3a2dbacb,REJECTED,reject,Integration Architect,P0-G0,Duplicate application tree
repo_a,Builder-2/scripts/smoke_test_ml.py,d07850e0108e3502ccb833ed532f3d296d4a59290ba5e026f2c851f18f4c927b,REJECTED,reject,Integration Architect,P0-G0,Duplicate application tree
repo_a,Builder-2/scripts/smoke_test_serving.py,6df1e190f776969fe51fa2eef2f382884e6d5741dd9fae492f178d10924b15d7,REJECTED,reject,Integration Architect,P0-G0,Duplicate application tree
repo_a,Builder-2/scripts/smoke_test_weather.py,0d6c58821f29fd0361dbaee999bf5852aec4c87f018eac2d4132857ba1b11cfd,REJECTED,reject,Integration Architect,P0-G0,Duplicate application tree
repo_a,Builder-2/scripts/train_builder2_model.py,2b8de6c94339b432543b139d5d2c308d8707bc17264747fe915ba14b4e2bc6b8,REJECTED,reject,Integration Architect,P0-G0,Duplicate application tree
repo_a,Builder-2/scripts/verify_live_http_api.py,768195ed0fabd106146bb948cd6bf84d27210deda26f774820346c8e813b45c1,REJECTED,reject,Integration Architect,P0-G0,Duplicate application tree
repo_a,data/revision_store.db,1dbfc6de31a842475376f720ebb75e13783c3ba9d3540ddb37f711467f8cc23e,imported_from_a/data/revision_store.db,informative,Integration Architect,P0-G0,Reference evidence only
repo_a,data/historical/.gitkeep,baee4b1126cae23cb240be2335eb61d2f34a3c7045ff6627292a9e1ff59adbad,imported_from_a/data/historical/.gitkeep,informative,Integration Architect,P0-G0,Reference evidence only
repo_a,data/processed/.gitkeep,8a813ff9bbb9020738870ef49e1b924c33ffd20d0a83e5bc606b99d5c761ce31,imported_from_a/data/processed/.gitkeep,informative,Integration Architect,P0-G0,Reference evidence only
repo_a,data/raw/.gitkeep,cfcc139a81e1cf724326d7ba69bfb5ff463cb7f32ba8abaeace8a70a0599a050,imported_from_a/data/raw/.gitkeep,informative,Integration Architect,P0-G0,Reference evidence only
repo_a,data/training/.gitkeep,c119de19a71317ff4b005d4f8027d45c721ef39681d2d7afac9f4e0da6c56f19,imported_from_a/data/training/.gitkeep,informative,Integration Architect,P0-G0,Reference evidence only
repo_a,docs/HORIZON_REQUEST_CONTRACT.md,64acc492bdba51cbbf2a833e71e6559d1be45c3ba7288fbed27ada2f50774ed8,imported_from_a/docs/HORIZON_REQUEST_CONTRACT.md,informative,Integration Architect,P0-G0,Reference evidence only
repo_a,docs/phase-1/BUILDER_1.md,092db6e47a33a9641f93b1c8bdb5bc07f51a041bdf310b3741e3ac915e01afe6,imported_from_a/docs/phase-1/BUILDER_1.md,informative,Integration Architect,P0-G0,Reference evidence only
repo_a,docs/phase-1/BUILDER_2.md,cd675db23549a209c17dde0524027cdae6b7da58925367f6f2495f6dfcac96c8,imported_from_a/docs/phase-1/BUILDER_2.md,informative,Integration Architect,P0-G0,Reference evidence only
repo_a,docs/phase-1/MERGE.md,5e367707dfd4a3cba8103c9f361c78a0953304bd762d7576d8d6ecbe59a727f4,imported_from_a/docs/phase-1/MERGE.md,informative,Integration Architect,P0-G0,Reference evidence only
repo_a,docs/phase-2/PHASE_2_DAY_8.md,40a7a9b42fdff2562c047e01fb05c952bd726ba25d51a410960660dc63fd91ba,imported_from_a/docs/phase-2/PHASE_2_DAY_8.md,informative,Integration Architect,P0-G0,Reference evidence only
repo_a,docs/phase-2/PHASE_2_DAY_9.md,fae32d79f97268d7f3dee79914ff36a6bc39687868103813768efc372f1b6ea6,imported_from_a/docs/phase-2/PHASE_2_DAY_9.md,informative,Integration Architect,P0-G0,Reference evidence only
repo_a,frontend/index.html,a46d658adfdbbbe17f19a3787c9fef280a1439e46a7ea598e94056c3346c8e84,imported_from_a/frontend/index.html,informative,Integration Architect,P0-G0,Reference evidence only
repo_a,frontend/package-lock.json,cf46d618326eadb5366f6135a102b87d11aaa7575f7f8ec010dc22bd76064512,imported_from_a/frontend/package-lock.json,informative,Integration Architect,P0-G0,Reference evidence only
repo_a,frontend/package.json,bb8447de5415a96553e4546542edbd8669d137fcde6101153a06d9b53e93f1ef,imported_from_a/frontend/package.json,informative,Integration Architect,P0-G0,Reference evidence only
repo_a,frontend/tsconfig.json,ba766f6b2e67661e74ef260ee7adec78dd7e2b1f3e90bf1d03d01f364732a9ce,imported_from_a/frontend/tsconfig.json,informative,Integration Architect,P0-G0,Reference evidence only
repo_a,frontend/vite.config.ts,1a56a14ec49e63f1e15405b72f27de572dc4fcb0395762a9089c5d3d63811991,imported_from_a/frontend/vite.config.ts,informative,Integration Architect,P0-G0,Reference evidence only
repo_a,frontend/src/App.tsx,a4e3fd99da2b5fd9acf11d5b8a02cd566400578f5b1185307ef32d81551e75f2,imported_from_a/frontend/src/App.tsx,informative,Integration Architect,P0-G0,Reference evidence only
repo_a,frontend/src/main.tsx,c0af2a18d2d6459b4addbd7957f8f32997bd3cca84c17b91fa420ac8f38803a4,imported_from_a/frontend/src/main.tsx,informative,Integration Architect,P0-G0,Reference evidence only
repo_a,frontend/src/vite-env.d.ts,424faf9241dd699dda995b367ed36665732da1e6ec1f33b2fd40394488ecac92,imported_from_a/frontend/src/vite-env.d.ts,informative,Integration Architect,P0-G0,Reference evidence only
repo_a,frontend/src/api/client.ts,97deae2b2edbbfded197c19c503efd9d2a6104bdff89d92d29dca21e6f7c024d,imported_from_a/frontend/src/api/client.ts,informative,Integration Architect,P0-G0,Reference evidence only
repo_a,frontend/src/api/types.ts,500db46b0bae425d10833e98179fd3bd6a145967058c64970569971c077834a6,imported_from_a/frontend/src/api/types.ts,informative,Integration Architect,P0-G0,Reference evidence only
repo_a,frontend/src/components/AbstentionResult.tsx,d3121b93ac11a84381aea95cb4e786b2b06ab13d33e690e75bf9da5c50020947,imported_from_a/frontend/src/components/AbstentionResult.tsx,informative,Integration Architect,P0-G0,Reference evidence only
repo_a,frontend/src/components/AgencyBanner.tsx,0bbb5625c6e1b89d601d3026b6825dca43d291f03e438b1f7ea94c720fb21684,imported_from_a/frontend/src/components/AgencyBanner.tsx,informative,Integration Architect,P0-G0,Reference evidence only
repo_a,frontend/src/components/BatchPanel.tsx,7b1f01721497962894a7de71eaec70280f4709530396f39d7e114b38a58423db,imported_from_a/frontend/src/components/BatchPanel.tsx,informative,Integration Architect,P0-G0,Reference evidence only
repo_a,frontend/src/components/CrossProviderDisagreementPanel.tsx,62d3ae214e6cda27fbce42294a5ee3863842494f47d40a4b96fc49ef9ccb2e2d,imported_from_a/frontend/src/components/CrossProviderDisagreementPanel.tsx,informative,Integration Architect,P0-G0,Reference evidence only
repo_a,frontend/src/components/ErrorView.tsx,f18208e7e0f07b14994f792252b0db8d15a3241006b016cd9b55226e98460995,imported_from_a/frontend/src/components/ErrorView.tsx,informative,Integration Architect,P0-G0,Reference evidence only
repo_a,frontend/src/components/ExplainabilityView.tsx,bb42d81e7489d7d0cf25d1e5876938f48a346a9598ee59a8ddf39de7af1bda6c,imported_from_a/frontend/src/components/ExplainabilityView.tsx,informative,Integration Architect,P0-G0,Reference evidence only
repo_a,frontend/src/components/Footer.tsx,17604cfda4fe67c988a90212fa5f195d39c3ed5b67ecdea7df04e2e826a6bde2,imported_from_a/frontend/src/components/Footer.tsx,informative,Integration Architect,P0-G0,Reference evidence only
repo_a,frontend/src/components/ForecastDisagreementPanel.tsx,71d1bfb41708b013f8e2bbfe90341f3acd56295ab2ef4374023f07211c0bf7cf,imported_from_a/frontend/src/components/ForecastDisagreementPanel.tsx,informative,Integration Architect,P0-G0,Reference evidence only
repo_a,frontend/src/components/ForecastForm.tsx,234e698376976c97b9c579ab0e9e6790f7aa9c7101c9278da053b4d3ea508de4,imported_from_a/frontend/src/components/ForecastForm.tsx,informative,Integration Architect,P0-G0,Reference evidence only
repo_a,frontend/src/components/ForecastMap.tsx,d647fab0995634e70880e6320b53e875cd71c6a51800d8f7a152002be2f8659e,imported_from_a/frontend/src/components/ForecastMap.tsx,informative,Integration Architect,P0-G0,Reference evidence only
repo_a,frontend/src/components/ForecastRevisionPanel.tsx,0a1f84bdf0554ac720b3b250458f38380e4c800fc3951e7ed8b1f04f612a0eb5,imported_from_a/frontend/src/components/ForecastRevisionPanel.tsx,informative,Integration Architect,P0-G0,Reference evidence only
repo_a,frontend/src/components/ForecastRiskTimeline.tsx,5ee51f4186591460190767c7474faf8c3ec1ea303a6aabae0c83015099c36b9a,imported_from_a/frontend/src/components/ForecastRiskTimeline.tsx,informative,Integration Architect,P0-G0,Reference evidence only
repo_a,frontend/src/components/Header.tsx,36818e8e1a2a03b5fc7bc575e5906bbb4adff8eae0fa30a462ceaa3c0a50b34d,imported_from_a/frontend/src/components/Header.tsx,informative,Integration Architect,P0-G0,Reference evidence only
repo_a,frontend/src/components/HorizonRiskDetails.tsx,590224b8ad07cd031b474f3298a8985770c677dae81484bfe381345fe2554fc7,imported_from_a/frontend/src/components/HorizonRiskDetails.tsx,informative,Integration Architect,P0-G0,Reference evidence only
repo_a,frontend/src/components/LocationForm.tsx,81f8d1bf97809047a58a1700c3825502ec3496b09852039e7ee4ea26280a3bd7,imported_from_a/frontend/src/components/LocationForm.tsx,informative,Integration Architect,P0-G0,Reference evidence only
repo_a,frontend/src/components/ModelCatalog.tsx,194d7a6fe73db304187068718bca76eb5624678e92654713d0d7e8e00575cd1e,imported_from_a/frontend/src/components/ModelCatalog.tsx,informative,Integration Architect,P0-G0,Reference evidence only
repo_a,frontend/src/components/ModelEvaluationView.tsx,6452e1d508d551a97bbdff72d90d7fe24dd5a0df104e61b1d50b266103088572,imported_from_a/frontend/src/components/ModelEvaluationView.tsx,informative,Integration Architect,P0-G0,Reference evidence only
repo_a,frontend/src/components/MultiLocationPanel.tsx,09ec03a2e855e72c9a43bff15a8c8c1c09e881b73dcdc320646407df09698ab8,imported_from_a/frontend/src/components/MultiLocationPanel.tsx,informative,Integration Architect,P0-G0,Reference evidence only
repo_a,frontend/src/components/Navigation.tsx,7330038cbb54be0131445072405b6a19ebf77d60ea0d76055aaf24ecb2207b63,imported_from_a/frontend/src/components/Navigation.tsx,informative,Integration Architect,P0-G0,Reference evidence only
repo_a,frontend/src/components/PredictionResult.tsx,b64a7e38c0922764a3600d041672d736b8a55672996ab3cc331bfd20d80a645a,imported_from_a/frontend/src/components/PredictionResult.tsx,informative,Integration Architect,P0-G0,Reference evidence only
repo_a,frontend/src/components/SpatialReliabilityPanel.tsx,45ad579f8ff7124a8f8b08df0d757dba8b109e19df43895be5e54d4f8ac673de,imported_from_a/frontend/src/components/SpatialReliabilityPanel.tsx,informative,Integration Architect,P0-G0,Reference evidence only
repo_a,frontend/src/components/TimelineChart.tsx,ce15cf0b49c7ce7fcc048a2c14aeee28f33f6dbfd5c0f0839d32c01f0a534b95,imported_from_a/frontend/src/components/TimelineChart.tsx,informative,Integration Architect,P0-G0,Reference evidence only
repo_a,frontend/src/components/VerificationPanel.tsx,34911fc996d50dfc0c0597efa0395b446a05e281f7384116b0007fb33269dd21,imported_from_a/frontend/src/components/VerificationPanel.tsx,informative,Integration Architect,P0-G0,Reference evidence only
repo_a,frontend/src/data/locations.ts,aa8680e75dfcf173e76797f7c4e2a4e88a526d81476e7a2d355e1157a020eec3,imported_from_a/frontend/src/data/locations.ts,informative,Integration Architect,P0-G0,Reference evidence only
repo_a,frontend/src/styles/index.css,6c0d7a1050ff34a165f37356c7b154cb093dddcf6b1b2f0bee4f67c5f598d890,imported_from_a/frontend/src/styles/index.css,informative,Integration Architect,P0-G0,Reference evidence only
repo_a,frontend/src/test/Dashboard.test.tsx,9d7e52451663b3e47eab4c80d50474b8ca7c0335f43a130c603d2a7cac7fd4fa,imported_from_a/frontend/src/test/Dashboard.test.tsx,informative,Integration Architect,P0-G0,Reference evidence only
repo_a,frontend/src/test/Day24ProbabilisticIntelligence.test.tsx,ebd21a202327463c61d2eb4627e0dee812e3cadc545fcd1537c5c11e26fa0107,imported_from_a/frontend/src/test/Day24ProbabilisticIntelligence.test.tsx,informative,Integration Architect,P0-G0,Reference evidence only
repo_a,frontend/src/test/ForecastDisagreement.test.tsx,67222f7daf70695ed118695f9c5639bbfb0fce519fb10613052229bbc2d27c09,imported_from_a/frontend/src/test/ForecastDisagreement.test.tsx,informative,Integration Architect,P0-G0,Reference evidence only
repo_a,frontend/src/test/ForecastRevision.test.tsx,0d1ab96cb81a86f28119835e6e002948f2f79ae97f1345675ad10358a992a716,imported_from_a/frontend/src/test/ForecastRevision.test.tsx,informative,Integration Architect,P0-G0,Reference evidence only
repo_a,frontend/src/test/MultiLocation.test.tsx,d36143598697250de9817c46e8c7af578d41a40896df194dd003d0ad75ae2363,imported_from_a/frontend/src/test/MultiLocation.test.tsx,informative,Integration Architect,P0-G0,Reference evidence only
repo_a,frontend/src/test/ParityVerification.test.tsx,0cebae27ce0ddeef3fdf2a9885f9db32331cbe8efc6e0b936883ca1c8d48ba17,imported_from_a/frontend/src/test/ParityVerification.test.tsx,informative,Integration Architect,P0-G0,Reference evidence only
repo_a,frontend/src/test/RiskTimeline.test.tsx,a0495419db8defe6a3817582f99da0ddbf815e1b97fa967a35e67c5f059d4205,imported_from_a/frontend/src/test/RiskTimeline.test.tsx,informative,Integration Architect,P0-G0,Reference evidence only
repo_a,frontend/src/test/ScientificCertification.test.tsx,d54e9b663049f49f089b3f63b86ad2d6a91139c1e225fb7a1760a56f9904e132,imported_from_a/frontend/src/test/ScientificCertification.test.tsx,informative,Integration Architect,P0-G0,Reference evidence only
repo_a,frontend/src/test/setup.ts,d24a0998f988845a027715399178db333a86cf93667d8254e631db3b3e86e79f,imported_from_a/frontend/src/test/setup.ts,informative,Integration Architect,P0-G0,Reference evidence only
repo_a,frontend/src/test/SpatialReliability.test.tsx,686c77f32b4b92dbff4b3be6906794f94bc6386dfa5c790b3d15fa196d0e4271,imported_from_a/frontend/src/test/SpatialReliability.test.tsx,informative,Integration Architect,P0-G0,Reference evidence only
repo_a,Frontend-Original/.env.example,a3d67e73d9fccdab58bc77be4a05eb6b35ffa9528f8167044f478868b59fdef1,REJECTED,reject,Integration Architect,P0-G0,Historical duplicate frontend
repo_a,Frontend-Original/index.html,cd55ea67038144766f52b20112cb317d94eb4082c6536a8865b92b3696765049,REJECTED,reject,Integration Architect,P0-G0,Historical duplicate frontend
repo_a,Frontend-Original/package-lock.json,77870ae4dbd29665614dd67971da97f0ef816970b4206280023746fa59a61ea8,REJECTED,reject,Integration Architect,P0-G0,Historical duplicate frontend
repo_a,Frontend-Original/package.json,73a3c36ded3e6518fe62e073d1fc6dcd39aa29b009248c71b6bfefe1f2487fae,REJECTED,reject,Integration Architect,P0-G0,Historical duplicate frontend
repo_a,Frontend-Original/vite.config.js,ded5561a123f6b42dd53b703ef4e72e0c45271f3857e8a28bb499b37d0b776de,REJECTED,reject,Integration Architect,P0-G0,Historical duplicate frontend
repo_a,Frontend-Original/src/App.jsx,51a4cd4cf49143c94a6b21a8753e2b186be8e14ae35eaea6853fd65869e14832,REJECTED,reject,Integration Architect,P0-G0,Historical duplicate frontend
repo_a,Frontend-Original/src/index.css,1f19e295d5bd9f04c734ec754b833c6bd46f22face47ba729025a696b6367a3f,REJECTED,reject,Integration Architect,P0-G0,Historical duplicate frontend
repo_a,Frontend-Original/src/main.jsx,f2cb83bbc2944b0087a4e9a354d79398ca7123eaa43d06c7cf3a461a800547c1,REJECTED,reject,Integration Architect,P0-G0,Historical duplicate frontend
repo_a,Frontend-Original/src/api/client.js,0146483f9ab2e22911bb6cbf5160f69dc452c27c450a07dbb80628376b166812,REJECTED,reject,Integration Architect,P0-G0,Historical duplicate frontend
repo_a,Frontend-Original/src/api/veyraApi.js,cb65d5dd06ac831adf77511a32ac8326a01f042458c24a9a86927bd0ef7cdb27,REJECTED,reject,Integration Architect,P0-G0,Historical duplicate frontend
repo_a,Frontend-Original/src/components/AgencyBanner.jsx,d46660f0ac8ff364fae6ab1b406514d3afd85fed5d3c06ec090223d6cb4a9c12,REJECTED,reject,Integration Architect,P0-G0,Historical duplicate frontend
repo_a,Frontend-Original/src/components/BatchPanel.jsx,8129f6c0367cbfbc84f604251c22fd074fef412ff0c6b184761b0b67004a33ee,REJECTED,reject,Integration Architect,P0-G0,Historical duplicate frontend
repo_a,Frontend-Original/src/components/ForecastMap.jsx,32926db32c80ecf9a17aa1eb7d66e9a23072d185cbdc2553e7c6eba7f9d3d653,REJECTED,reject,Integration Architect,P0-G0,Historical duplicate frontend
repo_a,Frontend-Original/src/components/HistoricalChart.jsx,878e14cf8660a9feba9889bb47a86f635428ed99000a15de68c5cb97b06c3704,REJECTED,reject,Integration Architect,P0-G0,Historical duplicate frontend
repo_a,Frontend-Original/src/components/LocationForm.jsx,acd304232fcfc1f1e9ed186151f538f7494f355d291d89d35879a0d101fbd412,REJECTED,reject,Integration Architect,P0-G0,Historical duplicate frontend
repo_a,Frontend-Original/src/components/ModelCatalog.jsx,9d48d6e1c93daf333d0a31fa3b5a5b93a04e70f8679696087e0b8dc6974f81ee,REJECTED,reject,Integration Architect,P0-G0,Historical duplicate frontend
repo_a,Frontend-Original/src/components/Navigation.jsx,f41d061e33489c26bdd3a5d7cdabb157e549c783cd991e1046e0315cd3a52060,REJECTED,reject,Integration Architect,P0-G0,Historical duplicate frontend
repo_a,Frontend-Original/src/components/VerificationPanel.jsx,9f1f1c3a163243a42d1e070ba09453b35e7bfbf9dc58b26a995235828b55a93f,REJECTED,reject,Integration Architect,P0-G0,Historical duplicate frontend
repo_a,Frontend-Original/src/data/locations.js,11c4401b6e64d1bc2914bb5878774ef01b5e538dc4da814c70cfa969010c9ee6,REJECTED,reject,Integration Architect,P0-G0,Historical duplicate frontend
repo_a,lib/libgomp.so.1,98b21ff32bb07b53f1fb266d887d2db0086ea66c8ad03696a1db53f65321cd94,imported_from_a/lib/libgomp.so.1,informative,Integration Architect,P0-G0,Reference evidence only
repo_a,lib/LICENSE.txt,97db64f15d5585c6fed24d1c1bda9e8ca980b1fd0c32bf37920ad5c075ad5459,imported_from_a/lib/LICENSE.txt,informative,Integration Architect,P0-G0,Reference evidence only
repo_a,models/.gitkeep,4c7df2174b08eeb8504447bfa64573e6effab36f4036e5d25d43b016d0f13d5c,imported_from_a/models/.gitkeep,informative,Integration Architect,P0-G0,Reference evidence only
repo_a,models/day4/lightgbm_bust_model.joblib,510818e3c843735fd7b7e813f0c7a70074443f4c15d4c0201036c25b29b0a8ca,imported_from_a/models/day4/lightgbm_bust_model.joblib,informative,Integration Architect,P0-G0,Reference evidence only
repo_a,models/day4/model_metadata.json,3f3263a0af4dc4682b00bffa79a8a7d690ba3abd9827123d564ca317c1097614,imported_from_a/models/day4/model_metadata.json,informative,Integration Architect,P0-G0,Reference evidence only
repo_a,models/day4/probability_calibrator.joblib,98c53a14f04356688427a352a609e34f07ada42b46bcdc055c5d84a84c7f1b76,imported_from_a/models/day4/probability_calibrator.joblib,informative,Integration Architect,P0-G0,Reference evidence only
repo_a,models/v3/feature_names.json,265cffbbd157a2b8b8b46d3702438050980043b5ed3a6a646a7969cdb9853355,imported_from_a/models/v3/feature_names.json,adapt,Integration Architect,P3-G2,Informative/adapt - compare with B
repo_a,models/v3/lightgbm_v3_challenger.joblib,00a8410746f4a0eecbf7e76aaa0565143fc948d0e06aea65e7bcc4ce28a1c660,REJECTED,reject,Integration Architect,P3-G1,Quarantined pointer text; use Repo B binary
repo_a,models/v3/probability_calibrator_v3.joblib,9f448606ce4338ded92f238a551b3a9d8e6d2cb5902e8bc687bce5f5850af531,REJECTED,reject,Integration Architect,P3-G1,Quarantined pointer text; use Repo B binary
repo_a,models/v3/training_manifest.json,b90492a546e03966f8734191545375819fe7ae9aae4bff765733ef0d83d58c11,imported_from_a/models/v3/training_manifest.json,informative,Integration Architect,P0-G0,Reference evidence only
repo_a,models/v3/v3_evaluation_manifest.json,542a026533e4d9e6311b7032b2bda796377e7c6573b9582d6bed3b086d82e52d,imported_from_a/models/v3/v3_evaluation_manifest.json,informative,Integration Architect,P0-G0,Reference evidence only
repo_a,Overview/FINAL-PROJECT-VERIFICATION.md,7dcc178cb065988b32f316628ca3c9e7804fe0d3dd5ae2b2a9500504c221742f,REJECTED,reject,Integration Architect,P0-G0,Historical folder
repo_a,Overview/README.md,5d34a89649581eec09f857a891be612a29f2329b0602e9993a364bea43970fa3,REJECTED,reject,Integration Architect,P0-G0,Historical folder
repo_a,Overview/VEYRA-COMPLETE-PROJECT-GUIDE.md,468958f99cd0951f0b06e084b007140b922c70389ef5553fbe749ac06435d25e,REJECTED,reject,Integration Architect,P0-G0,Historical folder
repo_a,Overview/Phase-1/BUILDER-1-SUMMARY.md,092db6e47a33a9641f93b1c8bdb5bc07f51a041bdf310b3741e3ac915e01afe6,REJECTED,reject,Integration Architect,P0-G0,Historical folder
repo_a,Overview/Phase-1/BUILDER-2-SUMMARY.md,cd675db23549a209c17dde0524027cdae6b7da58925367f6f2495f6dfcac96c8,REJECTED,reject,Integration Architect,P0-G0,Historical folder
repo_a,Overview/Phase-1/HANDOFF.md,1d7e7309d23350b0cda12b91cadacbc6d9c3dcf735e895034d158cfc2759b459,REJECTED,reject,Integration Architect,P0-G0,Historical folder
repo_a,Overview/Phase-1/INTEGRATION-CONTRACT.md,7a6bb6054f80c068a60b8973e135022ea68abce9757d865c8bd7d15e0fc55ad1,REJECTED,reject,Integration Architect,P0-G0,Historical folder
repo_a,Overview/Phase-1/MERGE.md,5e367707dfd4a3cba8103c9f361c78a0953304bd762d7576d8d6ecbe59a727f4,REJECTED,reject,Integration Architect,P0-G0,Historical folder
repo_a,Overview/Phase-1/Builder-1/Day-1.md,5f597da0728d822bc8f6cf8457fb2324a7e7e763566d4bd67cb687a2c1f43f2d,REJECTED,reject,Integration Architect,P0-G0,Historical folder
repo_a,Overview/Phase-1/Builder-1/Day-2.md,6a8f13e79aa18e4df9286deb39d61afe68e8c49efa777d33f6e0f1c5be488d20,REJECTED,reject,Integration Architect,P0-G0,Historical folder
repo_a,Overview/Phase-1/Builder-1/Day-3.md,12ea04d335a7005dcf13f6c8fc7ff4866ea574d42ded796c6caaee3a90654271,REJECTED,reject,Integration Architect,P0-G0,Historical folder
repo_a,Overview/Phase-1/Builder-1/Day-4.md,9c7914d0c81fda878e30e63ff7734a18b663691148dfe377ef9f521f51355b1d,REJECTED,reject,Integration Architect,P0-G0,Historical folder
repo_a,Overview/Phase-1/Builder-1/Day-5.md,cf311c69c7c28a5b4a0c8beb6ddd2b7f009fd21f369311dd562c3cf7aa2c6639,REJECTED,reject,Integration Architect,P0-G0,Historical folder
repo_a,Overview/Phase-1/Builder-1/Day-6.md,8f769eabc02c392ba7cbfe113914de7661d26fabf706a8ef33c3298d1e9cee5e,REJECTED,reject,Integration Architect,P0-G0,Historical folder
repo_a,Overview/Phase-1/Builder-1/Day-7.md,bd2c0863eee85c86ea1b965b10e160d2e6f9488f6d61b5ff207c1650ef74ccb2,REJECTED,reject,Integration Architect,P0-G0,Historical folder
repo_a,Overview/Phase-1/Builder-2/Day-1.md,0da95e3d2b776f695695f8839d77d12ad95294ec2d8a69f6730583dc36d86531,REJECTED,reject,Integration Architect,P0-G0,Historical folder
repo_a,Overview/Phase-1/Builder-2/Day-2.md,8418cad9af0eb8c88eeaabbc752cf0ad85e3fe8891f35b8b8fdeece78bb52858,REJECTED,reject,Integration Architect,P0-G0,Historical folder
repo_a,Overview/Phase-1/Builder-2/Day-3.md,40990d4236e8d1ca1a231c5d99954bd0dd9fd15abf5c4e26a895ac4b7ec79099,REJECTED,reject,Integration Architect,P0-G0,Historical folder
repo_a,Overview/Phase-1/Builder-2/Day-4.md,c11715b79aef21c0457122c379d33485bd33f1a229cbf4c38b89fa79e8bc99eb,REJECTED,reject,Integration Architect,P0-G0,Historical folder
repo_a,Overview/Phase-1/Builder-2/Day-5.md,c6f9b82485455ffd6b88bce5865772bae2e53ff28565922df74c2ffa310b2f23,REJECTED,reject,Integration Architect,P0-G0,Historical folder
repo_a,Overview/Phase-1/Builder-2/Day-6.md,58061b3a56b320bed497229cfb74f6f04413c4010c784212af5ffd797c79403e,REJECTED,reject,Integration Architect,P0-G0,Historical folder
repo_a,Overview/Phase-1/Builder-2/Day-7.md,dbc1d10cb630624d10823698cffa8044850a421dbb324c3c0b4f550233986c3c,REJECTED,reject,Integration Architect,P0-G0,Historical folder
repo_a,Overview/Phase-2/Builder-1/Day-10.md,e6b6cede48bf78dae357c54c4b6240aad59c6c5673a025150471a98366e541e2,REJECTED,reject,Integration Architect,P0-G0,Historical folder
repo_a,Overview/Phase-2/Builder-1/Day-11.md,99e9d6f71945aa16ce15d7043cd4eeba2bb3b88170f5ba7c9e3c09e7b96e1958,REJECTED,reject,Integration Architect,P0-G0,Historical folder
repo_a,Overview/Phase-2/Builder-1/Day-12.md,c6b96f9cb89f315f1eb5a7396e2e0c1551830d0edc2e6c05ed476d017a93c713,REJECTED,reject,Integration Architect,P0-G0,Historical folder
repo_a,Overview/Phase-2/Builder-1/Day-13.md,b162ac3286641b36222911a74c49c04d33f6d4672b7b6979a8d794008a69c64f,REJECTED,reject,Integration Architect,P0-G0,Historical folder
repo_a,Overview/Phase-2/Builder-1/Day-14.md,9fc1776320b174f8e018acfedcff6cb1a68ef695ff6996eb03c24c3eca0f20cc,REJECTED,reject,Integration Architect,P0-G0,Historical folder
repo_a,Overview/Phase-2/Builder-1/Day-15.md,b85d60cefcd0ed42a0880bf057da24d40574db5ac851a3f8754c7ccc29851781,REJECTED,reject,Integration Architect,P0-G0,Historical folder
repo_a,Overview/Phase-2/Builder-1/Day-16.md,81057b88f575e6e5d7c08eba6949c578c77ca60361a99ff418f6f5ce92c5c843,REJECTED,reject,Integration Architect,P0-G0,Historical folder
repo_a,Overview/Phase-2/Builder-1/Day-17.md,cc9f2e246343e06c54bc4b230c2262dd188640572906053cf7e6f931a58bcf33,REJECTED,reject,Integration Architect,P0-G0,Historical folder
repo_a,Overview/Phase-2/Builder-1/Day-18.md,58ae7180359c842eef6794da62483f219883aba8f916a67a88a6d027675179d5,REJECTED,reject,Integration Architect,P0-G0,Historical folder
repo_a,Overview/Phase-2/Builder-1/Day-19.md,f6078153a8cf1759966ea667bb7a154765d67fe39b358e715e0652d7917ed067,REJECTED,reject,Integration Architect,P0-G0,Historical folder
repo_a,Overview/Phase-2/Builder-1/Day-20.md,9fe566e0c5989de1af4526b43ce27e29d3b9a3c9b3bb0d2df06e5b314fba3e7d,REJECTED,reject,Integration Architect,P0-G0,Historical folder
repo_a,Overview/Phase-2/Builder-1/Day-8.md,86de32c1db8b4dae5f2bfdfa613f67d25b554a4b78f7788ba0894da800f4b2c7,REJECTED,reject,Integration Architect,P0-G0,Historical folder
repo_a,Overview/Phase-2/Builder-1/Day-9.md,1c1546954b33ea9fa2cc9952a483ac175cc5f3abb6e59f28cac8db72c011de50,REJECTED,reject,Integration Architect,P0-G0,Historical folder
repo_a,Overview/Phase-3/Day-21-Controlled-Repair.md,9b48dbc7b752c3e8bcddf3155786c9f9d53824c7ccca801f160b679af1b55429,REJECTED,reject,Integration Architect,P0-G0,Historical folder
repo_a,Overview/Phase-3/Day-21-V3-Integration.md,4bd94207d10e1a03b9c7dd4d322d31cecb8156020e1152b78764678fbfc2d07a,REJECTED,reject,Integration Architect,P0-G0,Historical folder
repo_a,Overview/Phase-3/Day-22-Dataset-Label-Leakage-Certification.md,3a876ff24856c22c3c3b4a8f67c616fd076a270fa3b3e165d703ba62f8b9eb4b,REJECTED,reject,Integration Architect,P0-G0,Historical folder
repo_a,Overview/Phase-3/Day-23-Model-Championship-Retraining-Decision.md,ec70ceeb98bdad205cc0ff1718004a355c1e1c28d20f8741fc0e79ed55064537,REJECTED,reject,Integration Architect,P0-G0,Historical folder
repo_a,Overview/Phase-3/Day-24-Probabilistic-Intelligence.md,b192028298a00c6d8623e3b6dd3aec2492fbe02517fd3733fe72b3f230b1e746,REJECTED,reject,Integration Architect,P0-G0,Historical folder
repo_a,Overview/Phase-3/Day-25-Intelligence-Dashboard.md,38f69bb90521145d152a907a46889ba9c8c34484fd3582413c01f612efdeee1e,REJECTED,reject,Integration Architect,P0-G0,Historical folder
repo_a,Overview/Phase-3/Day-26-Internal-Release-Candidate.md,f977e0a3f633bf739bedc6736ab35d536b8badb47169b52dbfeb0e8bcfaea23d,REJECTED,reject,Integration Architect,P0-G0,Historical folder
repo_a,Overview/Phase-3/Day-27-Spatial-Forecast-Reliability.md,cfa23b78ccd7093af028d5c9c5797546de1e537b953ed47d02a4a4389a5669d2,REJECTED,reject,Integration Architect,P0-G0,Historical folder
repo_a,Overview/Phase-3/Day-28-Multi-Location-Intelligence.md,d14af981debc4d189db5f472a9636ad9beb771ad79fac5f51efee9ce68a44b51,REJECTED,reject,Integration Architect,P0-G0,Historical folder
repo_a,Overview/Phase-3/Day-28-to-30-Human-Verification.md,db429461cfdac13f4f945b579826eaad3963cff6740ed099afb5e35ab3fa7ddc,REJECTED,reject,Integration Architect,P0-G0,Historical folder
repo_a,Overview/Phase-3/Day-29-Forecast-Disagreement-Intelligence.md,70bb62e48fa581e28f05f7099c8dfc6cf90e3700ed6b7dbf68aea9fbb28e9350,REJECTED,reject,Integration Architect,P0-G0,Historical folder
repo_a,Overview/Phase-3/Day-30-Revision-Trajectory-Intelligence.md,d8f9d8f78204858c0053559faf1b8cc04d43d376470d2d55c9b2bb97376a473d,REJECTED,reject,Integration Architect,P0-G0,Historical folder
repo_a,Overview/Phase-3/Day-31-Repository-Deployment-Truth-and-Day30-Freeze.md,7acf00e5e047b86e9e8c23ba3aa43c517fcf9d33e710f774acc2aca4a1c12578,REJECTED,reject,Integration Architect,P0-G0,Historical folder
repo_a,Overview/Phase-3/Day-32-Certification-Scope-Human-Verification-Repair.md,6702023c637b9efe4f5bbd226e240c0037606d6423f8a3d082ebed60b548f0a0,REJECTED,reject,Integration Architect,P0-G0,Historical folder
repo_a,Overview/Phase-3/Day-32-Scientific-Certification-Gate.md,4e01027a03af08a337707979fc7ff1cef266bbb804c69d9b801888e80ab70f99,REJECTED,reject,Integration Architect,P0-G0,Historical folder
repo_a,Overview/Phase-3/Day-33-OOD-Alias-Model-Determinism.md,09700490db91ad450729dd9472e4923a8cd6dee7890e0bb2fc01fa967ffc65f0,REJECTED,reject,Integration Architect,P0-G0,Historical folder
repo_a,Overview/Phase-3/Day-34-Time-Contract-Revision-Store-Foundation.md,2eef8c0edc957a79a0b3d4afd08bab844d021ddc2b0a87deb702d345e162c49a,REJECTED,reject,Integration Architect,P0-G0,Historical folder
repo_a,Overview/Phase-3/Day-35-Independent-Replay-Release-Manifest.md,2c5510eaf62b99416258df3134004b7107db8ab2db8f75a43bb53236b2989683,REJECTED,reject,Integration Architect,P0-G0,Historical folder
repo_a,Overview/Phase-3/Day-36-Dashboard-Parity-Explanation-Coherence.md,f6ecdba810d8184279dbc42d74995bda827530b163fc40c94b25e618118ae93e,REJECTED,reject,Integration Architect,P0-G0,Historical folder
repo_a,Overview/Phase-3/Day-37-Provider-Adapters-Fixture-Second-Provider.md,696687bbaa37b88cd51eed1420f5252d4dd1b273ce72e24a5938b2c613fa6260,REJECTED,reject,Integration Architect,P0-G0,Historical folder
repo_a,Overview/Phase-3/Day-38-Cross-Provider-Disagreement.md,ebf5ce23b5c022ef1e2794a2bd1cbb85d9ee1aad1f375668631b7013232fb1e5,REJECTED,reject,Integration Architect,P0-G0,Historical folder
repo_a,Overview/Phase-3/Day-38-Post-Human-Verification-Repair.md,5e305322d07b6dc322e86df39cfcdfd442762e7cc91a1060661a972281338597,REJECTED,reject,Integration Architect,P0-G0,Historical folder
repo_a,Parinidhi/.gitattributes,d8fb0de4792538f93822b2c0d235604921299d5e54a3d6ec7a6cb34536e8bf1e,REJECTED,reject,Integration Architect,P0-G0,Duplicate application tree
repo_a,Parinidhi/.gitignore,e829aeaf4432dbc72e1670d2ce47332fce438a897fdff1cec371ae36e2d84c14,REJECTED,reject,Integration Architect,P0-G0,Duplicate application tree
repo_a,Parinidhi/ADVERSARIAL_RED_TEAM_REPORT.md,3430a779c2dada98db4273f7dbddc0bb06caf53e7d540d4bf54bc7773dd5a00a,REJECTED,reject,Integration Architect,P0-G0,Duplicate application tree
repo_a,Parinidhi/APPLY.md,3e2179b44a437c5aa365edc9435ca88fd07fe4028fdea4b2f9d7378e62f403ac,REJECTED,reject,Integration Architect,P0-G0,Duplicate application tree
repo_a,Parinidhi/BACKTEST_REPORT.md,c7a90efd5f26e19907058d6fc845c50b5e2f9bcb19eca71557dfdb6cfe22a454,REJECTED,reject,Integration Architect,P0-G0,Duplicate application tree
repo_a,Parinidhi/BACKTEST_REPORT_V2.md,704c5d9d7391558ed26329325bf2aac1c113a27a9dfb04fd30867b7bf472698e,REJECTED,reject,Integration Architect,P0-G0,Duplicate application tree
repo_a,Parinidhi/BUILDER_1_BUILDER_2_INTEGRATION_CONTRACT.md,7a6bb6054f80c068a60b8973e135022ea68abce9757d865c8bd7d15e0fc55ad1,REJECTED,reject,Integration Architect,P0-G0,Duplicate application tree
repo_a,Parinidhi/BUILDER_2_HANDOFF.md,1d7e7309d23350b0cda12b91cadacbc6d9c3dcf735e895034d158cfc2759b459,REJECTED,reject,Integration Architect,P0-G0,Duplicate application tree
repo_a,Parinidhi/COMPETITIVE_SCIENTIFIC_ANALYSIS.md,044353a6f94340fc22861f524392499d6963c370225688f4b96e5e31061864dd,REJECTED,reject,Integration Architect,P0-G0,Duplicate application tree
repo_a,Parinidhi/DAY_1_BUILDER_1_DEVELOPMENT_OVERVIEW.md,6698427767063b10dc10aba00f20edcdc71bfa72f35d0e276d28d3decbce8f15,REJECTED,reject,Integration Architect,P0-G0,Duplicate application tree
repo_a,Parinidhi/DAY_2_BUILDER_1_DEVELOPMENT_OVERVIEW.md,babe922b27b8c34d5d416f24a7e9227ba6412b2f1e17327e6a1678784240ff58,REJECTED,reject,Integration Architect,P0-G0,Duplicate application tree
repo_a,Parinidhi/DAY_3_REAL_DATA_FOUNDATION.md,3e5f52999333edca0c06a654397eb15de7b719c36fc74944574cb489ff19657a,REJECTED,reject,Integration Architect,P0-G0,Duplicate application tree
repo_a,Parinidhi/DAY_4_HISTORICAL_VERIFICATION_AND_LABELS.md,235e77c42a4776beb9bbaacec09c09d16cd166870565b36ac24aa88bbbb801f2,REJECTED,reject,Integration Architect,P0-G0,Duplicate application tree
repo_a,Parinidhi/DAY_5_FEATURE_ENGINEERING_AND_BASELINE_ML.md,9e34b2b07f5195c8ff1bf387733605bba135ad107e30ca3fa91bf10d6d274d6a,REJECTED,reject,Integration Architect,P0-G0,Duplicate application tree
repo_a,Parinidhi/DAY_6_LIVE_MODEL_SERVING_AND_PREDICTION.md,09a3ff05a8944b279d5efbe245aef0902ebf2b50c3251d461de104b963bac1c7,REJECTED,reject,Integration Architect,P0-G0,Duplicate application tree
repo_a,Parinidhi/DEVELOPER_COMMANDS.md,66b801274ff20dcacc2317979fbcb233b7d8e73029ec5a2202f5248e103a5df9,REJECTED,reject,Integration Architect,P0-G0,Duplicate application tree
repo_a,Parinidhi/FINAL_API_BOUNDARY_AUDIT.md,1bdd1786cf32f082e1310ece75c38d85d023e3f753a0c172018afb675386fd22,REJECTED,reject,Integration Architect,P0-G0,Duplicate application tree
repo_a,Parinidhi/FINAL_RELEASE_MANIFEST.md,a4d3752f9fcff3aed502f7375c9658ffe91802c539496b77f442f27005036b26,REJECTED,reject,Integration Architect,P0-G0,Duplicate application tree
repo_a,Parinidhi/FINAL_SCIENTIFIC_AUDIT.md,a0ba05aa27038f6c005c3cb22a2dddf5d02bc357319b6a145d9641048d67fa8f,REJECTED,reject,Integration Architect,P0-G0,Duplicate application tree
repo_a,Parinidhi/FINAL_SYSTEM_AUDIT.md,39140117cd841b23812505a1cd80070e33ce7d53e2903c888a1706f289b7ae79,REJECTED,reject,Integration Architect,P0-G0,Duplicate application tree
repo_a,Parinidhi/FINAL_VEYRA_MODEL_REPORT.md,2b7b7ed4a50bd158029a26e8d3694dc0d2aee6c2deeddbc77c30c28495465bae,REJECTED,reject,Integration Architect,P0-G0,Duplicate application tree
repo_a,Parinidhi/forecast-bust-sentinel-data-foundation-v4.zip,b0e0419d254151f055e6bb810ad98a3f15b08c93d36a4e06b23e1b5f3a34f3fc,REJECTED,reject,Integration Architect,P0-G0,Duplicate application tree
repo_a,Parinidhi/forecast-bust-sentinel-data-foundation-v5.zip,77269feeacdc1d88109872b4d4569f5f750f37cebc7644ade2352bbb322dcd4e,REJECTED,reject,Integration Architect,P0-G0,Duplicate application tree
repo_a,Parinidhi/forecast-bust-sentinel-data-foundation-v6.zip,885103943807b76be7b0bee4648c6e75d3b97c521784f3326a04097cd238a807,REJECTED,reject,Integration Architect,P0-G0,Duplicate application tree
repo_a,Parinidhi/forecast-bust-sentinel-data-foundation-v7.zip,d6a0843f61acbab6758069c8680865b493ff3f0c3db18a271901b7ae40b5feb2,REJECTED,reject,Integration Architect,P0-G0,Duplicate application tree
repo_a,Parinidhi/forecast-bust-sentinel-data-foundation-v8.zip,a84975b3c7755de2fa817b1d86de07964c4272f853df3295f47d87ac633e7391,REJECTED,reject,Integration Architect,P0-G0,Duplicate application tree
repo_a,Parinidhi/forecast-bust-sentinel-source.zip,3f7f7444613e3c783a697f407bea87f977cdfa72bc22e22715e5b62657e65806,REJECTED,reject,Integration Architect,P0-G0,Duplicate application tree
repo_a,Parinidhi/launch.bat,15d5585184f49a2bf60c565d0f29dec34e884a58e2a20112c64e3aa39cee7f8f,REJECTED,reject,Integration Architect,P0-G0,Duplicate application tree
repo_a,Parinidhi/LICENSE,df8a907ebf1900929983cef179382e12fdd6b1a7293c3928adaadc0cb2f70bfa,REJECTED,reject,Integration Architect,P0-G0,Duplicate application tree
repo_a,Parinidhi/MODEL_ARTIFACT_AUDIT.md,008493f70d65e28b8844647ac0061c9769f8f992f7e56cf96a2d94a7eceee65c,REJECTED,reject,Integration Architect,P0-G0,Duplicate application tree
repo_a,Parinidhi/PHASE4_API_CONTRACT_AUDIT.md,264d55a7a5cbf6de691cb0527ad6014d9c7e2f74d01dbcfd24c99bdaa56903d3,REJECTED,reject,Integration Architect,P0-G0,Duplicate application tree
repo_a,Parinidhi/PHASE4_API_MIGRATION_AUDIT.md,82953c6224f6f1ed536c893ac92a81d122aa3bef51b37ebaa1973223af1ab65a,REJECTED,reject,Integration Architect,P0-G0,Duplicate application tree
repo_a,Parinidhi/PHASE4_END_TO_END_INTEGRATION_REPORT.md,fcb771453d4be61dd6b0d5c629833153f65fbdf134d331be4288950bae3645fc,REJECTED,reject,Integration Architect,P0-G0,Duplicate application tree
repo_a,Parinidhi/PHASE4_INTEGRATION_PLAN.md,9e7ecb02490dd6ebfc68b9f20d17c91fa6e2a2cf6989cad45a302f2d90a57da5,REJECTED,reject,Integration Architect,P0-G0,Duplicate application tree
repo_a,Parinidhi/PHASE4_QC_FAILURE_ROOT_CAUSE.md,b8b93660fcd29e9998171ce60977319db55f7936130b55ca949ff42cc336e8bd,REJECTED,reject,Integration Architect,P0-G0,Duplicate application tree
repo_a,Parinidhi/PHASE4_REAL_HTTP_INTEGRATION_REPORT.md,bf182759921d2ec6d28df842f1533517bec3fd3de395dc7eac532393ae0f6b17,REJECTED,reject,Integration Architect,P0-G0,Duplicate application tree
repo_a,Parinidhi/PHASE4_SEMANTIC_FINAL_AUDIT.md,3e0303d71474f265c065d1e9a16bbfd7a6755b404ee52f938ba7b631eb4672a2,REJECTED,reject,Integration Architect,P0-G0,Duplicate application tree
repo_a,Parinidhi/pytest.ini,086651d4cf6cf6bbb06f1cffdf2f119641405eb761cf15a57ca713c371928672,REJECTED,reject,Integration Architect,P0-G0,Duplicate application tree
repo_a,Parinidhi/README.md,4673e6bed6151141d980d09e66d0e8a875707892a79aa242e601f9f3e309b2a7,REJECTED,reject,Integration Architect,P0-G0,Duplicate application tree
repo_a,Parinidhi/requirements.txt,ac4562a101af8f8e742ff378161e3d99efa30143488afabfe520f082a3991523,REJECTED,reject,Integration Architect,P0-G0,Duplicate application tree
repo_a,Parinidhi/SCIENTIFIC_DATA_VERIFICATION.md,8432d7804495f6cf9f52bc6e87cc2bd622140099b2874fd937742b23c5585c11,REJECTED,reject,Integration Architect,P0-G0,Duplicate application tree
repo_a,Parinidhi/server.py,601217381ba0ce09f79cb4faf7aef451793c0260155d9ba3a7c9bee2cf032d7d,REJECTED,reject,Integration Architect,P0-G0,Duplicate application tree
repo_a,Parinidhi/analytics/failure_fingerprint.py,2f612b4ffff20910f34c7d7ba9ac9de060bf736a78f7a0a178a72b9cc920e2f0,REJECTED,reject,Integration Architect,P0-G0,Duplicate application tree
repo_a,Parinidhi/api/demo_scenarios.py,1943b1125d1908b88bf6d13a59a9876d21c71489c2f8c977a39cd9d9c1165c23,REJECTED,reject,Integration Architect,P0-G0,Duplicate application tree
repo_a,Parinidhi/api/explainer.py,5a571cb42e1b18de432967d751e82c57b22c02e62388e482a9207640422f8411,REJECTED,reject,Integration Architect,P0-G0,Duplicate application tree
repo_a,Parinidhi/api/location_service.py,5e5a9d2b7c9dd7886496c62ac85d474aa66d3894fe0249dd18a071f3140a17b0,REJECTED,reject,Integration Architect,P0-G0,Duplicate application tree
repo_a,Parinidhi/api/regional_aggregator.py,a6f5afb2e0f8ddf2c7bf522b32b275f9d8cfb8f552c6db77a5e07f26997ef3f0,REJECTED,reject,Integration Architect,P0-G0,Duplicate application tree
repo_a,Parinidhi/api/risk_engine.py,7382b78ed9c9bbcfd26d8dd35f2a4552f5632220d9e36c86da0666273f9f578a,REJECTED,reject,Integration Architect,P0-G0,Duplicate application tree
repo_a,Parinidhi/api/routes.py,c7f9918dd8b94463fee1c3e95470de7f8bf25e34c7458577b200e181603becec,REJECTED,reject,Integration Architect,P0-G0,Duplicate application tree
repo_a,Parinidhi/api/schemas.py,cb6ccd54bf0dd32d080b3f6ebbff0fcd5ce0d79e3c95ed2e94bdb9bb7340205e,REJECTED,reject,Integration Architect,P0-G0,Duplicate application tree
repo_a,Parinidhi/api/__init__.py,d75c08e449d1adf22700aa213a8adec0d4ecd623b1c1e197399ebaf98defa3df,REJECTED,reject,Integration Architect,P0-G0,Duplicate application tree
repo_a,Parinidhi/api/extensions/__init__.py,07c6882b802080fbe5ef3e611330937b061a56a3d592e2d70dd95ad043d74da2,REJECTED,reject,Integration Architect,P0-G0,Duplicate application tree
repo_a,Parinidhi/backend/app/main.py,6515651f8ef12088a9926c19619698922ca59a8a4eef27436e2c64914f1f1fb6,REJECTED,reject,Integration Architect,P0-G0,Duplicate application tree
repo_a,Parinidhi/backend/app/__init__.py,f127dafea6aa5ee73e604fe31306a52cc2a7d2a05896f9c7bab56ab64aba5d17,REJECTED,reject,Integration Architect,P0-G0,Duplicate application tree
repo_a,Parinidhi/backend/app/agents/forecast_bust_agent.py,97afcdb6a33852369a247c952579df589d21b3e65768de59d05b1ba73fa5805a,REJECTED,reject,Integration Architect,P0-G0,Duplicate application tree
repo_a,Parinidhi/backend/app/agents/__init__.py,73015c2724cb23e9794b722934ab822586adfdf27c722422c78607f57377da73,REJECTED,reject,Integration Architect,P0-G0,Duplicate application tree
repo_a,Parinidhi/backend/app/api/__init__.py,5b96d03591b3d982cc5f1d610bd7bf78a85b7ff18d155632dcc0b70fb82e8147,REJECTED,reject,Integration Architect,P0-G0,Duplicate application tree
repo_a,Parinidhi/backend/app/api/v1/router.py,b29a715c871786ccbae11148577f9e9eacbe44170037e69c04332b3298543f55,REJECTED,reject,Integration Architect,P0-G0,Duplicate application tree
repo_a,Parinidhi/backend/app/api/v1/__init__.py,d95242051fa9e62524e4f8a762905d0833f81d71c1ef8e37b1d9e46aa39a6c57,REJECTED,reject,Integration Architect,P0-G0,Duplicate application tree
repo_a,Parinidhi/backend/app/api/v1/endpoints/health.py,3ac822944d51ef0810084b6b5a3500cc6ab19bbc0527af53d62be4e429321c49,REJECTED,reject,Integration Architect,P0-G0,Duplicate application tree
repo_a,Parinidhi/backend/app/api/v1/endpoints/predict.py,551f0e62b4cd6cdb66e47c28f4195e18233a07be74a24b49755df45e36d00e85,REJECTED,reject,Integration Architect,P0-G0,Duplicate application tree
repo_a,Parinidhi/backend/app/api/v1/endpoints/__init__.py,bcce303afd73944ed542c336a3efb890215b481c4408018a5c1df368b203c4a6,REJECTED,reject,Integration Architect,P0-G0,Duplicate application tree
repo_a,Parinidhi/backend/app/builder2/calibrator.py,d65424858a9a6045a44ad9054c37875aeaf6b40c3bb04e68997f5ad17418cbaf,REJECTED,reject,Integration Architect,P0-G0,Duplicate application tree
repo_a,Parinidhi/backend/app/builder2/explainer.py,544261e08a7b798715a54aef7fbdfc3f42348f27ee49256b3e3c6cbe56a9200c,REJECTED,reject,Integration Architect,P0-G0,Duplicate application tree
repo_a,Parinidhi/backend/app/builder2/feature_adapter.py,497491e115d0e4c485cac4a39aa0e7c161c05c24161c30303a392dbb3efae6ce,REJECTED,reject,Integration Architect,P0-G0,Duplicate application tree
repo_a,Parinidhi/backend/app/builder2/feature_pipeline.py,ddd2ea3e289938f242e7cd6d735e28b76bbd51a3e0df965ef7154a41f3c8c4ca,REJECTED,reject,Integration Architect,P0-G0,Duplicate application tree
repo_a,Parinidhi/backend/app/builder2/instability_feature_pipeline.py,09303fad5b0496bdd662ef814207300c6bf8ac7fa5f37f1379f7112566bcb9c0,REJECTED,reject,Integration Architect,P0-G0,Duplicate application tree
repo_a,Parinidhi/backend/app/builder2/instability_fingerprint.py,0bb36e2f61fee57328393954eb888d7ddb2694b1592b2daaf1ad99b7c40752f2,REJECTED,reject,Integration Architect,P0-G0,Duplicate application tree
repo_a,Parinidhi/backend/app/builder2/label_engine.py,b0dc30269f4ef674bc70f7035a0346e7eee9666aecba9b423e72197e27f89ba2,REJECTED,reject,Integration Architect,P0-G0,Duplicate application tree
repo_a,Parinidhi/backend/app/builder2/location_service.py,6dfdc3f770990e79230ae2f202418269dfe78374d358b96f39cf646da85e6841,REJECTED,reject,Integration Architect,P0-G0,Duplicate application tree
repo_a,Parinidhi/backend/app/builder2/model_adapter.py,615e176dd3d887f97f8060095971571324cd01db2ef20eb7d773f7ceeca8a6ba,REJECTED,reject,Integration Architect,P0-G0,Duplicate application tree
repo_a,Parinidhi/backend/app/builder2/model_service.py,592d2989fdbfeb2552479011ab9e7aee6a167f217eaf9221747918210035c574,REJECTED,reject,Integration Architect,P0-G0,Duplicate application tree
repo_a,Parinidhi/backend/app/builder2/schemas.py,740f7494520ed2b5abf9cd0b86bae8bc0e58ed0ab354f187a29c82de0ac064c2,REJECTED,reject,Integration Architect,P0-G0,Duplicate application tree
repo_a,Parinidhi/backend/app/builder2/tree_classifier.py,98fec6966c3cc08fe6e5af811236b9d864e84ec3a07ac6565e967cc0e837dbc6,REJECTED,reject,Integration Architect,P0-G0,Duplicate application tree
repo_a,Parinidhi/backend/app/builder2/weather_adapter.py,fa328b1bee6014fb993898e538453cabadcbdaf7a923754f0ccfbfc9bae75364,REJECTED,reject,Integration Architect,P0-G0,Duplicate application tree
repo_a,Parinidhi/backend/app/builder2/__init__.py,cab7358fc28347c04e53f3f232000c312f12956c79f1c6ab93ec5c72124cf09b,REJECTED,reject,Integration Architect,P0-G0,Duplicate application tree
repo_a,Parinidhi/backend/app/core/config.py,ef99b14956fe583b320de5634d0b1a69ef16badb56600358c2f2831844861aa2,REJECTED,reject,Integration Architect,P0-G0,Duplicate application tree
repo_a,Parinidhi/backend/app/core/__init__.py,8bd3e7f2c8788b0e8a42dacf7e78ab55777485ca236806bd4b8dfb33402db295,REJECTED,reject,Integration Architect,P0-G0,Duplicate application tree
repo_a,Parinidhi/backend/app/data/alignment.py,1a52e4c8173bace699db22ed0f1cce4f1c4ccaf7213a50a0bbaeac790c4446c7,REJECTED,reject,Integration Architect,P0-G0,Duplicate application tree
repo_a,Parinidhi/backend/app/data/bust_labeling.py,edfd3f77c2fc796e51b70c8fa3da64c2a7042c3b4fc9e7da5092fe4d52a26eca,REJECTED,reject,Integration Architect,P0-G0,Duplicate application tree
repo_a,Parinidhi/backend/app/data/historical_pathway.py,f380ac614dd43275ef74f2e6aa4f9ec0c12847f817a90029edecc143a2f11a01,REJECTED,reject,Integration Architect,P0-G0,Duplicate application tree
repo_a,Parinidhi/backend/app/data/qc.py,5ce3b40c6642b6ba28da1b634ea84cf59ead573cd12a177b403704dde00fc443,REJECTED,reject,Integration Architect,P0-G0,Duplicate application tree
repo_a,Parinidhi/backend/app/data/training_dataset.py,4fb26c809e10914e242909c634a9dba0e9a93e69519ba32ea2daaac10ca6fa1a,REJECTED,reject,Integration Architect,P0-G0,Duplicate application tree
repo_a,Parinidhi/backend/app/data/unit_conversion.py,4c75da5869f4721c7184c1d2e443a80ffd4f6bff122dcdac458eac3a47761a62,REJECTED,reject,Integration Architect,P0-G0,Duplicate application tree
repo_a,Parinidhi/backend/app/data/__init__.py,653a2edce6e21b50cb996d464ce6cf2e7dc10f5b0955b929c7d4723abe0adfe4,REJECTED,reject,Integration Architect,P0-G0,Duplicate application tree
repo_a,Parinidhi/backend/app/ml/artifacts.py,089bff2432eedba66d5dacbf5f2dc8f6b5e723c21ce9b1ad90d185b9a261e896,REJECTED,reject,Integration Architect,P0-G0,Duplicate application tree
repo_a,Parinidhi/backend/app/ml/baseline_model.py,b0d04b1040e06ba5b5be24249e27d14b6937e3786526df37d9f0581f71920d3f,REJECTED,reject,Integration Architect,P0-G0,Duplicate application tree
repo_a,Parinidhi/backend/app/ml/evaluation.py,5ecc5d36ce133159b48b0480a120e4c0714026960d2d3c5850eac8f8b49a70a3,REJECTED,reject,Integration Architect,P0-G0,Duplicate application tree
repo_a,Parinidhi/backend/app/ml/features.py,f963fe4c9a97fdbbae484846d73f4f5c2a74478312f6fd54009f540844bd2d61,REJECTED,reject,Integration Architect,P0-G0,Duplicate application tree
repo_a,Parinidhi/backend/app/ml/splitting.py,7f22da29f7ceb86ef93241fd6b48281f9c312c723c3413c78daeb41d9189b98f,REJECTED,reject,Integration Architect,P0-G0,Duplicate application tree
repo_a,Parinidhi/backend/app/ml/__init__.py,87b92a069ce78f767920cd4bf410357e455fbba9e9bc28727080cddb0f12da66,REJECTED,reject,Integration Architect,P0-G0,Duplicate application tree
repo_a,Parinidhi/backend/app/safety/abstention.py,e6206e1113e06cbbb32876bba98aaf7d49594bde1cb886a910e4ecb54ac2ad88,REJECTED,reject,Integration Architect,P0-G0,Duplicate application tree
repo_a,Parinidhi/backend/app/safety/__init__.py,cd42f25d4151c5c33fe1a09c17e481758cb6c5aecd67a626242f7f6b993dfa94,REJECTED,reject,Integration Architect,P0-G0,Duplicate application tree
repo_a,Parinidhi/backend/app/schemas/health.py,b2d5224a43bb76a679020e130a138c4884e0c72d005a740cb1776c80a3f4f05a,REJECTED,reject,Integration Architect,P0-G0,Duplicate application tree
repo_a,Parinidhi/backend/app/schemas/intelligence.py,7e27619a482a511af135924e31345021fc8c1b05c33a1a11f194d28d340e7704,REJECTED,reject,Integration Architect,P0-G0,Duplicate application tree
repo_a,Parinidhi/backend/app/schemas/prediction.py,d25df28e9aa708f83dbc3e2c54e22e0eb712acecbe6027c24b93865376d8f9aa,REJECTED,reject,Integration Architect,P0-G0,Duplicate application tree
repo_a,Parinidhi/backend/app/schemas/reference.py,282e18c4c6b5dab37631a3beeebf78ac642923bb36e2e7df5efc75b3f57fb6d9,REJECTED,reject,Integration Architect,P0-G0,Duplicate application tree
repo_a,Parinidhi/backend/app/schemas/weather.py,04185f5fa07009d56a34e943e9bb247171491d8e751f338b88d46793dd85de67,REJECTED,reject,Integration Architect,P0-G0,Duplicate application tree
repo_a,Parinidhi/backend/app/schemas/__init__.py,6e6fe84d99fad0b51b0323d8d06bb5d369df988e7fb0b8927f402e1ae13959de,REJECTED,reject,Integration Architect,P0-G0,Duplicate application tree
repo_a,Parinidhi/backend/app/services/base.py,00f01d4fa9d60e97e9192ea7fb0949e69945968cf8b9c88991fccb0b1882730b,REJECTED,reject,Integration Architect,P0-G0,Duplicate application tree
repo_a,Parinidhi/backend/app/services/feature_service.py,384768107bff6385912ca5011716528a1a321523be81275e151fb0da31f616d5,REJECTED,reject,Integration Architect,P0-G0,Duplicate application tree
repo_a,Parinidhi/backend/app/services/location_service.py,622be3675915afe53df19b4af0e73a2ba2dcc79359f382e009dd62b0c0c14822,REJECTED,reject,Integration Architect,P0-G0,Duplicate application tree
repo_a,Parinidhi/backend/app/services/model_service.py,fbb74dc2994513eed1fd4e7d4a5be800e55ec3a98dec89b390ce636a36449a62,REJECTED,reject,Integration Architect,P0-G0,Duplicate application tree
repo_a,Parinidhi/backend/app/services/openmeteo_service.py,55380798fe96245a4afbac875218d6623d3ca3118fc3480790a5aac461e26a6b,REJECTED,reject,Integration Architect,P0-G0,Duplicate application tree
repo_a,Parinidhi/backend/app/services/reference_service.py,185192ebbae5c2c68f9511a63ead2bed695572914af576455ea73e608025f761,REJECTED,reject,Integration Architect,P0-G0,Duplicate application tree
repo_a,Parinidhi/backend/app/services/weather_service.py,78ca165168f1d359810f836c4129413f403d45e49f9b9c27d07a7dbef689b8ab,REJECTED,reject,Integration Architect,P0-G0,Duplicate application tree
repo_a,Parinidhi/backend/app/services/__init__.py,3f4b5179d29d8090b1bcd1aa880e91132e04e006d9cabcf25e984a253239e281,REJECTED,reject,Integration Architect,P0-G0,Duplicate application tree
repo_a,Parinidhi/backend/tests/conftest.py,c24614d90ad43b5b00aad2c21e210a79448034bdcbfb95606e01c0beb1851f5a,REJECTED,reject,Integration Architect,P0-G0,Duplicate application tree
repo_a,Parinidhi/backend/tests/test_agent.py,8733ebd0a9b1210d1904aeb77fbd75c8d36d37818435462c7c2cb4b46bcc469f,REJECTED,reject,Integration Architect,P0-G0,Duplicate application tree
repo_a,Parinidhi/backend/tests/test_builder2_integration.py,e6098f487fb9a0436619b6d5692925fe439cdfc9f24336a6607ded65f9ff9686,REJECTED,reject,Integration Architect,P0-G0,Duplicate application tree
repo_a,Parinidhi/backend/tests/test_bust_labeling.py,35b4fff60ccf33b53dae46feb9b61196d36a1ecf88a4cad19b7fabfef79af7f2,REJECTED,reject,Integration Architect,P0-G0,Duplicate application tree
repo_a,Parinidhi/backend/tests/test_final_readiness.py,4b8dfe83464041d523906ff1f10a2982ecff9e14a23a8f0eb29f330e29fe2f06,REJECTED,reject,Integration Architect,P0-G0,Duplicate application tree
repo_a,Parinidhi/backend/tests/test_health.py,d15bb22d60e14b42e8687f235ff2bbd940aac84acf723104ed86b81a6902bba3,REJECTED,reject,Integration Architect,P0-G0,Duplicate application tree
repo_a,Parinidhi/backend/tests/test_historical_alignment.py,6b72ae4c40d155f45298d8b4556207447ccc0bde93541c725d29c9ed23677ffc,REJECTED,reject,Integration Architect,P0-G0,Duplicate application tree
repo_a,Parinidhi/backend/tests/test_historical_dataset.py,615858a81e98857109673a668c3db76b1da1a9beb608865ea10df32001a9acdb,REJECTED,reject,Integration Architect,P0-G0,Duplicate application tree
repo_a,Parinidhi/backend/tests/test_live_serving.py,3c6399ae0c43d9b4418385726159a63858b3091a501a126aeea03ee77238efdd,REJECTED,reject,Integration Architect,P0-G0,Duplicate application tree
repo_a,Parinidhi/backend/tests/test_ml_features.py,add340ddbf8b976b22acd357a3cc50bde7d1cd3a4681be669f6a9daa6d90e2ff,REJECTED,reject,Integration Architect,P0-G0,Duplicate application tree
repo_a,Parinidhi/backend/tests/test_ml_model_and_eval.py,28a5827c3d02b23a50f837e1fb5f387a3c2cd61d468b57582d37246c7f5a0820,REJECTED,reject,Integration Architect,P0-G0,Duplicate application tree
repo_a,Parinidhi/backend/tests/test_ml_splitting.py,b0f5813ce07b711904c57414b7bd4bc7cf119082841451a395eac6ec479a07b1,REJECTED,reject,Integration Architect,P0-G0,Duplicate application tree
repo_a,Parinidhi/backend/tests/test_predict.py,1e029876e118ba400ee95bca0fe716b74a3703dbc6dfa6efe6229a32e2ca1f89,REJECTED,reject,Integration Architect,P0-G0,Duplicate application tree
repo_a,Parinidhi/backend/tests/test_qc.py,ed3573c2d27789621863242ff469fbaeca3905d51c22a1b2d73dfc454b05420e,REJECTED,reject,Integration Architect,P0-G0,Duplicate application tree
repo_a,Parinidhi/backend/tests/test_schemas.py,9342dde2206498c31801649bdacb85e5f0aa35ca102403d3dd51050a4db1f925,REJECTED,reject,Integration Architect,P0-G0,Duplicate application tree
repo_a,Parinidhi/backend/tests/test_services.py,82c8ac0390d92685285319257e583dd3bb6a654642475da93d2f07e69f5e5f3c,REJECTED,reject,Integration Architect,P0-G0,Duplicate application tree
repo_a,Parinidhi/backend/tests/test_unit_conversion.py,890a6a80c71fe633d492d3e3b3b6ec9e2afe8639dc8aaf45196c8f6f8aec7676,REJECTED,reject,Integration Architect,P0-G0,Duplicate application tree
repo_a,Parinidhi/backend/tests/test_weather_ingestion.py,61fd3a00097cf1ed24358fa2505570a9de7af55d593bb8898f32063104fdbad0,REJECTED,reject,Integration Architect,P0-G0,Duplicate application tree
repo_a,Parinidhi/backend/tests/__init__.py,e2fb67507f0eccf6602bcfe3ea6e0af317674648b97918e6ae9144458162a976,REJECTED,reject,Integration Architect,P0-G0,Duplicate application tree
repo_a,Parinidhi/builder2/calibrator.py,d65424858a9a6045a44ad9054c37875aeaf6b40c3bb04e68997f5ad17418cbaf,REJECTED,reject,Integration Architect,P0-G0,Duplicate application tree
repo_a,Parinidhi/builder2/explainer.py,2ce152feaa99de345330079002c51bc94cdb25ff45350fa7420be75fa27d2a46,REJECTED,reject,Integration Architect,P0-G0,Duplicate application tree
repo_a,Parinidhi/builder2/feature_pipeline.py,1f4cfde6b7ceedeb80fcf90cf46459c2b1e652b338982eb3f66fad9554eab9ea,REJECTED,reject,Integration Architect,P0-G0,Duplicate application tree
repo_a,Parinidhi/builder2/instability_feature_pipeline.py,8f8125dc9377d04734904813e7d983a4e053a697e2e1c36a745b1fea71c80e28,REJECTED,reject,Integration Architect,P0-G0,Duplicate application tree
repo_a,Parinidhi/builder2/instability_fingerprint.py,7e02dc4b05f38f876ae2ffcda8f45c1872aeecdbc15370203f89caf8f33b8751,REJECTED,reject,Integration Architect,P0-G0,Duplicate application tree
repo_a,Parinidhi/builder2/label_engine.py,b0dc30269f4ef674bc70f7035a0346e7eee9666aecba9b423e72197e27f89ba2,REJECTED,reject,Integration Architect,P0-G0,Duplicate application tree
repo_a,Parinidhi/builder2/location_service.py,de4d0e93a989216116c709a5cc5cf310665070c1b9b401ba265b57f2b3d489e7,REJECTED,reject,Integration Architect,P0-G0,Duplicate application tree
repo_a,Parinidhi/builder2/model_service.py,a9cbd0ba3665271ff6dcbafc0c10966b598c1271e8bdaf7bdc74a4db01d6302e,REJECTED,reject,Integration Architect,P0-G0,Duplicate application tree
repo_a,Parinidhi/builder2/schemas.py,740f7494520ed2b5abf9cd0b86bae8bc0e58ed0ab354f187a29c82de0ac064c2,REJECTED,reject,Integration Architect,P0-G0,Duplicate application tree
repo_a,Parinidhi/builder2/tree_classifier.py,98fec6966c3cc08fe6e5af811236b9d864e84ec3a07ac6565e967cc0e837dbc6,REJECTED,reject,Integration Architect,P0-G0,Duplicate application tree
repo_a,Parinidhi/builder2/__init__.py,44c263ae2d0c185b6a2ccdbef0a236c6eb979d80e080792f3a903585b9f66b34,REJECTED,reject,Integration Architect,P0-G0,Duplicate application tree
repo_a,Parinidhi/configs/bust_thresholds.json,c2629134c9d4e9e7c3c768c1cff6942822f4d67ce39f1c234819d8b899459cb1,REJECTED,reject,Integration Architect,P0-G0,Duplicate application tree
repo_a,Parinidhi/configs/canonical_locations.json,6739073e6ce3ba73fa2c5e1bae185c65a159e09f0410805e52788717cfc3f8a4,REJECTED,reject,Integration Architect,P0-G0,Duplicate application tree
repo_a,Parinidhi/configs/data_sources.yaml,bdfaef533b3bbd984b9c4939ef9341241f9a744aa0309469687ee228cb844f23,REJECTED,reject,Integration Architect,P0-G0,Duplicate application tree
repo_a,Parinidhi/configs/feature_schema.json,22885281b8da9f753ec3b3b0014355379c6100c7e005e6c8c6589a8087d06a6e,REJECTED,reject,Integration Architect,P0-G0,Duplicate application tree
repo_a,Parinidhi/data/historical/.gitkeep,baee4b1126cae23cb240be2335eb61d2f34a3c7045ff6627292a9e1ff59adbad,REJECTED,reject,Integration Architect,P0-G0,Duplicate application tree
repo_a,Parinidhi/data/manifests/phase5b2_cycle_manifest.json,b8fdba1b9dccb47391a6d5cae7aefa6dc67744b1a401046cebee748fe7edb1f2,REJECTED,reject,Integration Architect,P0-G0,Duplicate application tree
repo_a,Parinidhi/data/processed/.gitkeep,8a813ff9bbb9020738870ef49e1b924c33ffd20d0a83e5bc606b99d5c761ce31,REJECTED,reject,Integration Architect,P0-G0,Duplicate application tree
repo_a,Parinidhi/data/raw/.gitkeep,cfcc139a81e1cf724326d7ba69bfb5ff463cb7f32ba8abaeace8a70a0599a050,REJECTED,reject,Integration Architect,P0-G0,Duplicate application tree
repo_a,Parinidhi/data/training/.gitkeep,c119de19a71317ff4b005d4f8027d45c721ef39681d2d7afac9f4e0da6c56f19,REJECTED,reject,Integration Architect,P0-G0,Duplicate application tree
repo_a,Parinidhi/data_pipeline/batch_processor.py,d8e6bf1d7e8956e8370b1ac11b664ba5209f27e19aaa2882feb2409ab1a7e423,REJECTED,reject,Integration Architect,P0-G0,Duplicate application tree
repo_a,Parinidhi/data_pipeline/historical_aligner.py,db08ec1fc0b49f38dbaca3a17435f6da98f7bd8f2710381d5d7f588d03816356,REJECTED,reject,Integration Architect,P0-G0,Duplicate application tree
repo_a,Parinidhi/data_pipeline/qc.py,2e5c63892ef86f3d64f9739add1603fa8de2025071fb9fd94434b9d7067100f2,REJECTED,reject,Integration Architect,P0-G0,Duplicate application tree
repo_a,Parinidhi/data_pipeline/standardize.py,8cf39b924b5261f2a9595854f9c5d19be0450acbb73809d87f1a5f62a9fb328d,REJECTED,reject,Integration Architect,P0-G0,Duplicate application tree
repo_a,Parinidhi/data_pipeline/__init__.py,d1fa6768aa9f959b8d741428c4d340a622d15fd496fd924b492cb6fdf2ce8ba8,REJECTED,reject,Integration Architect,P0-G0,Duplicate application tree
repo_a,Parinidhi/docs/post_dataset_runbook.md,99af26e295d27cbb3384441bc5d71b80813d3078b5243da95ab40774a1f5601a,REJECTED,reject,Integration Architect,P0-G0,Duplicate application tree
repo_a,Parinidhi/docs/phase-2/BASELINE.md,45ad3c05378bb45e5409e51ca9d0903a6427887282783f00deef4db5ccdd5a23,REJECTED,reject,Integration Architect,P0-G0,Duplicate application tree
repo_a,Parinidhi/docs/phase-2/BUILDER2_PHASE2_FINAL.md,cb1be1b676deca0df88b81e8f28512a36d8e7bc4bb5e1e46bda64ac243f25e0a,REJECTED,reject,Integration Architect,P0-G0,Duplicate application tree
repo_a,Parinidhi/docs/phase-2/BUILDER_2_PHASE2_PLAN.md,736ba0e954f0d2861f7ed7afe43b777127868da3aec2e4431554b5055847dee9,REJECTED,reject,Integration Architect,P0-G0,Duplicate application tree
repo_a,Parinidhi/docs/phase-2/DAY_11_GENERALIZATION_REPORT.md,3de035a27275efcef82a3084f615165328ab5847bdbcc8a46cca351abfef103a,REJECTED,reject,Integration Architect,P0-G0,Duplicate application tree
repo_a,Parinidhi/docs/phase-2/DAY_12_DATA_FOUNDATION_REPORT.md,d673d45e02ace24a2b17718319a0e140f23fe19883871c9a920e85e6e995d2f4,REJECTED,reject,Integration Architect,P0-G0,Duplicate application tree
repo_a,Parinidhi/docs/phase-2/DAY_13_EMPIRICAL_EVALUATION_REPORT.md,362fc69608d8b7fa6ad208ebdd54c96ffe27bd9b24218f0af7cca24cfe6b40a2,REJECTED,reject,Integration Architect,P0-G0,Duplicate application tree
repo_a,Parinidhi/docs/phase-2/DAY_14_UNCERTAINTY_ATTRIBUTION_REPORT.md,5c832abc599c45572ab50bd6b7a134566fbe5fa453e8df98266abdd19697b01b,REJECTED,reject,Integration Architect,P0-G0,Duplicate application tree
repo_a,Parinidhi/docs/phase-2/DAY_15_OPERATIONAL_RISK_DECISION_REPORT.md,e8319beb4d3a66347f644cb3cf5c069b25f59dea5713dde655bdb61400a31e8a,REJECTED,reject,Integration Architect,P0-G0,Duplicate application tree
repo_a,Parinidhi/docs/phase-2/DAY_16_TEMPORAL_EARLY_WARNING_REPORT.md,85d9b4b1f9546d3a9f2dcae2bb9e6f55a1848e472614159ee0c031b445ffc746,REJECTED,reject,Integration Architect,P0-G0,Duplicate application tree
repo_a,Parinidhi/docs/phase-2/DAY_17_XAI_EXPLAINABILITY_REPORT.md,5e7c31510c066e3aee45d1b90dc49ed03a73f96335cb52dfd32323459301b00b,REJECTED,reject,Integration Architect,P0-G0,Duplicate application tree
repo_a,Parinidhi/docs/phase-2/DAY_18_EVENT_INTELLIGENCE_REPORT.md,1a3552290667834980692b9c4b212674fc8f747d3c3b35d8b4af3d9900b4460e,REJECTED,reject,Integration Architect,P0-G0,Duplicate application tree
repo_a,Parinidhi/docs/phase-2/DAY_19_OPERATIONAL_INTELLIGENCE_REPORT.md,a156dc293b6057ab1766ac179bf22a5335ec381863eee482adc1de10b670e8af,REJECTED,reject,Integration Architect,P0-G0,Duplicate application tree
repo_a,Parinidhi/docs/phase-2/DAY_20_OPERATIONAL_OBSERVABILITY_REPORT.md,5e74d6a1872de791e9532fd5414358988ce53c728495cc1ae006bf04491b9920,REJECTED,reject,Integration Architect,P0-G0,Duplicate application tree
repo_a,Parinidhi/evaluation/abstention.py,ddfc7839f51a70c9afc9c8e05c019a00ea8910204e7c8459101ce119c7e7437e,REJECTED,reject,Integration Architect,P0-G0,Duplicate application tree
repo_a,Parinidhi/evaluation/attribution.py,5bd985e4d07db92bcac0f03ab71cf67f8bcc2fdfb22c384e84c1472037dfcb3d,REJECTED,reject,Integration Architect,P0-G0,Duplicate application tree
repo_a,Parinidhi/evaluation/calibration.py,5b47a9f0722d75e4297ebed16eb6d24f2ca3200e361eb907f98d9f6efa0dfff5,REJECTED,reject,Integration Architect,P0-G0,Duplicate application tree
repo_a,Parinidhi/evaluation/data_quality.py,2e0c71fbce4e62e38326cff9b9819277e08efa3cb858c65b48403687b2ccc136,REJECTED,reject,Integration Architect,P0-G0,Duplicate application tree
repo_a,Parinidhi/evaluation/decision_audit.py,4ef1547fb9f549867265c1eb957a5ccb2093eba4f96dcc77784144a02ec85e27,REJECTED,reject,Integration Architect,P0-G0,Duplicate application tree
repo_a,Parinidhi/evaluation/decision_engine.py,17c6105def26c440e45f6ea7939f28ddf878c779a24a9f98eff2c12c40b7d2d3,REJECTED,reject,Integration Architect,P0-G0,Duplicate application tree
repo_a,Parinidhi/evaluation/decision_policy.py,70f097112a3413a2b616c7ca91f8549974fb75acf67563b0c6812003d2412f8e,REJECTED,reject,Integration Architect,P0-G0,Duplicate application tree
repo_a,Parinidhi/evaluation/decision_policy_evaluator.py,69eabbf7977c1b66aead6f9d617e58a984e380f89a4022314ea9836f7e0ad02a,REJECTED,reject,Integration Architect,P0-G0,Duplicate application tree
repo_a,Parinidhi/evaluation/decision_schema.py,a5df7df462cbb5f7c612c9f944714550856d2eec40425613aaadfe8e6e0e679f,REJECTED,reject,Integration Architect,P0-G0,Duplicate application tree
repo_a,Parinidhi/evaluation/decision_sensitivity.py,ad19c81ae5648f8b24fd821e8c431b25a43c446d0160c57186426cce2f96217d,REJECTED,reject,Integration Architect,P0-G0,Duplicate application tree
repo_a,Parinidhi/evaluation/decision_stability.py,d84c9b81d4fde40d6cbf130c26cb5ab4aeaf81b5b8500f386d2a5003b79d3ef5,REJECTED,reject,Integration Architect,P0-G0,Duplicate application tree
repo_a,Parinidhi/evaluation/early_warning_score.py,fc661c143be93063b904902e3b498fe7d120d6e47adca9ffde4a446024c48a5b,REJECTED,reject,Integration Architect,P0-G0,Duplicate application tree
repo_a,Parinidhi/evaluation/empirical_engine.py,d0e26f2aca29d88e640be10d7a125be8a7722d39741cef8bad24403ddfbddc73,REJECTED,reject,Integration Architect,P0-G0,Duplicate application tree
repo_a,Parinidhi/evaluation/event_evaluation.py,65f41af36c0c628003581c695f010a4f0c55f1f143a609fbb54fc93ce2a478ce,REJECTED,reject,Integration Architect,P0-G0,Duplicate application tree
repo_a,Parinidhi/evaluation/event_intelligence.py,e2e17b41f0d07e3644c36f64bc56cc43f96e2121b50b8bafb80a54ac98ef41b2,REJECTED,reject,Integration Architect,P0-G0,Duplicate application tree
repo_a,Parinidhi/evaluation/event_memory.py,9c3f50be5735891dc4db85fc8088a2e64d0f5b6e332d9d46a6f7d85f69c0d9a7,REJECTED,reject,Integration Architect,P0-G0,Duplicate application tree
repo_a,Parinidhi/evaluation/event_outcome.py,78fe39dc5c871b70595025259b8ba78bd90af501d5a0d9ff6a98c2275f33b2e8,REJECTED,reject,Integration Architect,P0-G0,Duplicate application tree
repo_a,Parinidhi/evaluation/event_schema.py,81a3d7e89282761321279befc348abb75707dbed5b72e3d920a9394347758f11,REJECTED,reject,Integration Architect,P0-G0,Duplicate application tree
repo_a,Parinidhi/evaluation/event_tracker.py,209ff81078c5ae8ff035209b74a6d4577a5ae872d1a873d33d1fb2526fa8153c,REJECTED,reject,Integration Architect,P0-G0,Duplicate application tree
repo_a,Parinidhi/evaluation/evidence_fusion.py,f1d5b90d6da8c05c5e1f6d0bd3afd7802b3b80275d9f44787d5ad4d963726835,REJECTED,reject,Integration Architect,P0-G0,Duplicate application tree
repo_a,Parinidhi/evaluation/explanation_engine.py,0ee3ffe747be9e25faea50047fea00a6037d5a77e6283e7d56e29730f6f455de,REJECTED,reject,Integration Architect,P0-G0,Duplicate application tree
repo_a,Parinidhi/evaluation/explanation_schema.py,c579c2573cb46a701aba92366ec36cb1ba2c3cdf502865af91b998f54b2c02a9,REJECTED,reject,Integration Architect,P0-G0,Duplicate application tree
repo_a,Parinidhi/evaluation/failure_patterns.py,f6315ddbeff2deb5c29b3aad3c6edce4e6e89610df019682b39995bcd1f5c9e7,REJECTED,reject,Integration Architect,P0-G0,Duplicate application tree
repo_a,Parinidhi/evaluation/generalization.py,93cb2d6a0dcb18697a1dd15069cee4bdc2b0555fd5735dc79d81dfba0130b4ce,REJECTED,reject,Integration Architect,P0-G0,Duplicate application tree
repo_a,Parinidhi/evaluation/instability_detector.py,7b46c7b5ce76d3939b7b910362a6a0513321fd0956cc715873713f613a2c03b5,REJECTED,reject,Integration Architect,P0-G0,Duplicate application tree
repo_a,Parinidhi/evaluation/metrics.py,ab4005d388321a608b89ff9e731c19a70ad1906102ce54b3457ac49a5fe1d297,REJECTED,reject,Integration Architect,P0-G0,Duplicate application tree
repo_a,Parinidhi/evaluation/novelty.py,04819b7b4008fe82565f1d3dcdddc6f695df5a98d62721d3e7a65961125d08d5,REJECTED,reject,Integration Architect,P0-G0,Duplicate application tree
repo_a,Parinidhi/evaluation/operational_intelligence_pipeline.py,a665d44e9c01e9d1df55079f166b41f8573267fae5783d6ddbb28bb3e4f0003a,REJECTED,reject,Integration Architect,P0-G0,Duplicate application tree
repo_a,Parinidhi/evaluation/operational_observability.py,292e1a82372d75603bee8086c4c642e2c27d91b299077dcb9d525934faefaa87,REJECTED,reject,Integration Architect,P0-G0,Duplicate application tree
repo_a,Parinidhi/evaluation/operational_trace_schema.py,7047e5e4a03b55a829533e4a49b103f37c85d7b7582b22eaa40b6dd79c579ce9,REJECTED,reject,Integration Architect,P0-G0,Duplicate application tree
repo_a,Parinidhi/evaluation/profiles.py,1052a627e41294ba76da7b4f5799f89bb5a70fffc949474ebbf1e35e77547b09,REJECTED,reject,Integration Architect,P0-G0,Duplicate application tree
repo_a,Parinidhi/evaluation/risk_confidence.py,9ee9d973fe57e7f351b291ceef15d05daa2c5f6187969d02fdaf27c65e141235,REJECTED,reject,Integration Architect,P0-G0,Duplicate application tree
repo_a,Parinidhi/evaluation/signal_arbitration.py,b2e466cdefad2bae90968aa0909ec301aca72a992e67c67ca0517ee7efbe46d9,REJECTED,reject,Integration Architect,P0-G0,Duplicate application tree
repo_a,Parinidhi/evaluation/splits.py,7e575e3f570d7334018c3d70bbb34bb429b467d10c76dea0c62b44cc8b1f5663,REJECTED,reject,Integration Architect,P0-G0,Duplicate application tree
repo_a,Parinidhi/evaluation/temporal_early_warning_engine.py,8515c6abfa6a0f3237d39ebdf10a9942cbae8cd01e7b0ee70913b16ee394a781,REJECTED,reject,Integration Architect,P0-G0,Duplicate application tree
repo_a,Parinidhi/evaluation/temporal_features.py,6303ddb4e23b1bdcb7f70649d053bd50d889b57d4018c0c6293915d55ab799f3,REJECTED,reject,Integration Architect,P0-G0,Duplicate application tree
repo_a,Parinidhi/evaluation/time_to_risk.py,81a9c1e84d9355483bd241cb5cd0d67a60293764ef759c7c009f6828e1e6cca3,REJECTED,reject,Integration Architect,P0-G0,Duplicate application tree
repo_a,Parinidhi/evaluation/trajectory_analogues.py,9fe7475072892b77ffcfe7392fa2267164931068d74db15a8642dbde2d337ec0,REJECTED,reject,Integration Architect,P0-G0,Duplicate application tree
repo_a,Parinidhi/evaluation/trajectory_schema.py,0bbb9876effe4a09f14412a7f3d265523ae53510e185ce145e022844b536dbfb,REJECTED,reject,Integration Architect,P0-G0,Duplicate application tree
repo_a,Parinidhi/evaluation/trajectory_state_machine.py,f0bc2c1c33bae70df950ff2b9269236db1c5aa38e8198827efe237969485003d,REJECTED,reject,Integration Architect,P0-G0,Duplicate application tree
repo_a,Parinidhi/evaluation/uncertainty.py,226f34a129909a6715b91d1c5d11e8cfcb0b52154c79a8aba3270172f7466100,REJECTED,reject,Integration Architect,P0-G0,Duplicate application tree
repo_a,Parinidhi/evaluation/unified_schema.py,81f72a37b279ec763f4265571905875d74a01a1808d7ac17f824eadd92dd4f77,REJECTED,reject,Integration Architect,P0-G0,Duplicate application tree
repo_a,Parinidhi/evaluation/xai_attribution.py,0217ff2a752b589be182b618d8c222d707f78602c54f57d07d8b84204fe504dd,REJECTED,reject,Integration Architect,P0-G0,Duplicate application tree
repo_a,Parinidhi/evaluation/xai_counterfactual.py,3f8da97094640a2787636e174281b49bbcc403d6edfc56eb4fba9989be9f8326,REJECTED,reject,Integration Architect,P0-G0,Duplicate application tree
repo_a,Parinidhi/evaluation/xai_engine.py,95a6defeedcb5c59d8fa8177719475cdb7b39cbbc59f443d40f1e8ad734a2eed,REJECTED,reject,Integration Architect,P0-G0,Duplicate application tree
repo_a,Parinidhi/evaluation/xai_renderer.py,e831645802ab9f3cbc63de72a52f9fd0f8025e19f9af934ed91eba8da93ee74d,REJECTED,reject,Integration Architect,P0-G0,Duplicate application tree
repo_a,Parinidhi/evaluation/xai_schema.py,c839259040ce7298038fbcfb9707b022e104426f3e5af979f18ea282bbdaa1c4,REJECTED,reject,Integration Architect,P0-G0,Duplicate application tree
repo_a,Parinidhi/evaluation/__init__.py,26fc9192b723f581695f946f006ba55b78f5ed562e7853581ac4c0b59bf2af44,REJECTED,reject,Integration Architect,P0-G0,Duplicate application tree
repo_a,Parinidhi/features/contract.py,a680b35d7f98c644084146d1a34273998443f49c2fcc741c2808542403a40f43,REJECTED,reject,Integration Architect,P0-G0,Duplicate application tree
repo_a,Parinidhi/features/feature_pipeline.py,88660c939aac8aa3fd307e2cf07525a9e0effd5604c63e8bb65bceb27fecf9c3,REJECTED,reject,Integration Architect,P0-G0,Duplicate application tree
repo_a,Parinidhi/features/forecast_intelligence_features.py,8ead69158f8b9f87e632ded9ea46599c7911e8127c4f78c9875407c5e94926c1,REJECTED,reject,Integration Architect,P0-G0,Duplicate application tree
repo_a,Parinidhi/features/instability_feature_pipeline.py,817a190617eacee59bcf9e5a1a85d8ee16104880c897bd924e137db17c9b5c30,REJECTED,reject,Integration Architect,P0-G0,Duplicate application tree
repo_a,Parinidhi/features/instability_fingerprint.py,0f9ddf7464fc821f295e08966a4ac30da028bb68ffd7aa675ef7ce1dfeb9cede,REJECTED,reject,Integration Architect,P0-G0,Duplicate application tree
repo_a,Parinidhi/features/leakage_audit.py,a4f08e2faa9c62fe92b6e8c046af0985cd5834e61ab888f05aaeab67d85228c7,REJECTED,reject,Integration Architect,P0-G0,Duplicate application tree
repo_a,Parinidhi/features/__init__.py,bb3d35b458ba86fd6ec1f95c64c3c09c3282e1137d42ece725caf94bbb9a4fb8,REJECTED,reject,Integration Architect,P0-G0,Duplicate application tree
repo_a,Parinidhi/ingestion/collector.py,2a15b4c3f18f1ba04ee6bce19f5ba49255a3a3a83a49cd9b20030275f2cb0e6f,REJECTED,reject,Integration Architect,P0-G0,Duplicate application tree
repo_a,Parinidhi/ingestion/era5_collector.py,bb36238cbbffdccedb0d624fe047847a96ecbec4bfa83be023b1f23496d96b2f,REJECTED,reject,Integration Architect,P0-G0,Duplicate application tree
repo_a,Parinidhi/ingestion/historical_gefs_collector.py,f6be6ef8a1ed0b330827771df061b3476835c03b66f560ebfaed1f9f76a98f75,REJECTED,reject,Integration Architect,P0-G0,Duplicate application tree
repo_a,Parinidhi/ingestion/s3_eccodes_worker.py,ec537d30cbb15b4f62f7f45e429c1d044822e5665e39d61d636009cf310ea991,REJECTED,reject,Integration Architect,P0-G0,Duplicate application tree
repo_a,Parinidhi/ingestion/__init__.py,0922b944118070abc567154a60277014a9bca070e14d492ba64ce46aaf234d73,REJECTED,reject,Integration Architect,P0-G0,Duplicate application tree
repo_a,Parinidhi/ingestion/adapters/base.py,5f3cc6bdbb97d9c115d0ad3102104f200fc1f2a1285e5f8ce560755b83a55fad,REJECTED,reject,Integration Architect,P0-G0,Duplicate application tree
repo_a,Parinidhi/ingestion/adapters/noaa_s3.py,6bce5a6669be164bd1ce3139a67f1c25812b4d3834489fcb60f3c3bb9c35939a,REJECTED,reject,Integration Architect,P0-G0,Duplicate application tree
repo_a,Parinidhi/ingestion/adapters/__init__.py,a1038cc5f21284fd48fa99f42086590f65ce2703f938fcdefe8d3498a222a75f,REJECTED,reject,Integration Architect,P0-G0,Duplicate application tree
repo_a,Parinidhi/labels/label_engine.py,b0dc30269f4ef674bc70f7035a0346e7eee9666aecba9b423e72197e27f89ba2,REJECTED,reject,Integration Architect,P0-G0,Duplicate application tree
repo_a,Parinidhi/labels/__init__.py,9b6f8e73ad140b7e41040b954b80d4bd9059a02610a82ff0aa3d0c45fd148eef,REJECTED,reject,Integration Architect,P0-G0,Duplicate application tree
repo_a,Parinidhi/models/.gitkeep,4c7df2174b08eeb8504447bfa64573e6effab36f4036e5d25d43b016d0f13d5c,REJECTED,reject,Integration Architect,P0-G0,Duplicate application tree
repo_a,Parinidhi/models/baselines.py,82cbffbb47731e630429dc624dda3533ccb87ec01ef2f4bb295e258366e29144,REJECTED,reject,Integration Architect,P0-G0,Duplicate application tree
repo_a,Parinidhi/models/baseline_logistic_v1_metadata.json,c46b893a118fbf5d4312745fad88efbbd24041481ec49b0f570d5556d93e135f,REJECTED,reject,Integration Architect,P0-G0,Duplicate application tree
repo_a,Parinidhi/models/benchmark_runner.py,dbf1e8bc9bc1a8b1d9cc39fdb527fda5d1500fa4304dfaabc4ba187c7f906aff,REJECTED,reject,Integration Architect,P0-G0,Duplicate application tree
repo_a,Parinidhi/models/calibrator.py,d65424858a9a6045a44ad9054c37875aeaf6b40c3bb04e68997f5ad17418cbaf,REJECTED,reject,Integration Architect,P0-G0,Duplicate application tree
repo_a,Parinidhi/models/data_splitter.py,810d8636cb6ee5ccb879470ea9927f2062b30c9b77ecbb3b783c8226e0ebecc1,REJECTED,reject,Integration Architect,P0-G0,Duplicate application tree
repo_a,Parinidhi/models/evaluator.py,91a3e0e8239456fbe3c27665d759ea7f988f51d03bc0d0aa17996ff89e7b8538,REJECTED,reject,Integration Architect,P0-G0,Duplicate application tree
repo_a,Parinidhi/models/forecast_intelligence_service.py,75352d281a36d7c0e60c5c7a21e72cc52caa6b870fde97aeb2cba46a88061b66,REJECTED,reject,Integration Architect,P0-G0,Duplicate application tree
repo_a,Parinidhi/models/intelligence_schemas.py,7e27619a482a511af135924e31345021fc8c1b05c33a1a11f194d28d340e7704,REJECTED,reject,Integration Architect,P0-G0,Duplicate application tree
repo_a,Parinidhi/models/logistic_classifier.py,6422134918fd0e9e101927045e8256c49577719594846120af9f55c2df9be294,REJECTED,reject,Integration Architect,P0-G0,Duplicate application tree
repo_a,Parinidhi/models/model_service.py,cf31ecbc3689e291970cd2359fdca646c54ba1054eaef04f19cd848881aa2dcc,REJECTED,reject,Integration Architect,P0-G0,Duplicate application tree
repo_a,Parinidhi/models/tree_classifier.py,98fec6966c3cc08fe6e5af811236b9d864e84ec3a07ac6565e967cc0e837dbc6,REJECTED,reject,Integration Architect,P0-G0,Duplicate application tree
repo_a,Parinidhi/models/verification_engine.py,1d06772d43aefcb532b8493b1199a0d357c2cfb87a7a45357b6878526c2cfead,REJECTED,reject,Integration Architect,P0-G0,Duplicate application tree
repo_a,Parinidhi/models/__init__.py,439d6ee36a31391856d106f93deb9da694b7a25f3d66ce4a548ddf26908017ba,REJECTED,reject,Integration Architect,P0-G0,Duplicate application tree
repo_a,Parinidhi/notebooks/Veyra_Phase5B2_Colab_Pilot.ipynb,0c093dbe44cfb8a8491cdbe050c0344ef08bec917a637bc79e8c08c56eadc681,REJECTED,reject,Integration Architect,P0-G0,Duplicate application tree
repo_a,Parinidhi/reports/backtest_v2_metrics.json,e31b8b294e0dbb60ca4130f932e067573d4a331aa9124ac1f4e0b608a3097eec,REJECTED,reject,Integration Architect,P0-G0,Duplicate application tree
repo_a,Parinidhi/reports/final_metrics.json,e251607326117753d897a5a40c14edebe12e9ab531231a00c2c52a459d3c899f,REJECTED,reject,Integration Architect,P0-G0,Duplicate application tree
repo_a,Parinidhi/reports/day4/baseline_metrics.json,c45fe90880605ede86af54feba608a8f3488c8a34f36f678aab293e7d5de941c,REJECTED,reject,Integration Architect,P0-G0,Duplicate application tree
repo_a,Parinidhi/reports/day4/calibration_metrics.json,52a7e10af21191df9507e6be5d17fa88e6ec255183ebe9b7015b24e76fb63792,REJECTED,reject,Integration Architect,P0-G0,Duplicate application tree
repo_a,Parinidhi/reports/day4/day4_report.md,849b27c528159c9cdad63d474e45dcfc54efa5e9b8c948654378fe389c423fa5,REJECTED,reject,Integration Architect,P0-G0,Duplicate application tree
repo_a,Parinidhi/reports/day4/feature_importance.json,88aeb149c91191f1d6000815c1a21869bd8355c5dcda2e57fc08513b84c9535f,REJECTED,reject,Integration Architect,P0-G0,Duplicate application tree
repo_a,Parinidhi/reports/day4/lead_time_metrics.json,4d63ecf78ecc5df66bac8c578f98213524d23c94d4c5e62006a4efc88ef09f54,REJECTED,reject,Integration Architect,P0-G0,Duplicate application tree
repo_a,Parinidhi/reports/day4/model_metrics.json,f2bfd4cd7323bbbfe3d1f328e78ae3f6e5a48fc05b4f2192dc9b62a1f628c06e,REJECTED,reject,Integration Architect,P0-G0,Duplicate application tree
repo_a,Parinidhi/reports/day4/split_summary.json,d80fc696399ca4f597ff5fe98fefc26f328b3831864c5d2e9b687d420ea4d31c,REJECTED,reject,Integration Architect,P0-G0,Duplicate application tree
repo_a,Parinidhi/reports/day4/threshold_analysis.json,ef3738108b616d0dc5ab7c477ff25d83f0522b2e662bbb32ad78d4bf4c4f8081,REJECTED,reject,Integration Architect,P0-G0,Duplicate application tree
repo_a,Parinidhi/reports/day4/variable_metrics.json,e18a2037b20a590a4264093bf6dcfcb55fe954d6713e906e4ce7b5227dc345ba,REJECTED,reject,Integration Architect,P0-G0,Duplicate application tree
repo_a,Parinidhi/reports/day5/day5_report.md,e47dda22c7aa07f82e321c03f0e528bee9ee0e3ff0291d600eea04a5d39e7fa1,REJECTED,reject,Integration Architect,P0-G0,Duplicate application tree
repo_a,Parinidhi/reports/day6/day6_integration_report.md,afac255d3573a6a569173429d5e1050da18882b097515e75e6348a3aa71ac741,REJECTED,reject,Integration Architect,P0-G0,Duplicate application tree
repo_a,Parinidhi/reports/day7/day7_expansion_report.md,e1e126842f4c559ab3cc4dbe20155f2214a3c1c415ca9cbfb3afc8379126591c,REJECTED,reject,Integration Architect,P0-G0,Duplicate application tree
repo_a,Parinidhi/reports/day7/instability_fingerprint_spec.json,8a004922f8e474db50a9473fcce5bdc6df72056607b4a6ac48fd4408a8043077,REJECTED,reject,Integration Architect,P0-G0,Duplicate application tree
repo_a,Parinidhi/reports/day7/location_variable_lead_diagnostics.json,ff1fd98817dd1cb205faab4045cbf5b0394c157ea9faad5e0019278c3f030673,REJECTED,reject,Integration Architect,P0-G0,Duplicate application tree
repo_a,Parinidhi/reports/day7/multi_location_data_audit.json,a136b412d679d387bbd27a792b9430b876b60f27b69ed8175f76ce5055cb8955,REJECTED,reject,Integration Architect,P0-G0,Duplicate application tree
repo_a,Parinidhi/reports/final_scientific_report/01_dataset_audit.md,a3f633b366e4bf03d9c73ed02a74cfcfd5fa6aa26baa7254d0f566d6c2ee5169,REJECTED,reject,Integration Architect,P0-G0,Duplicate application tree
repo_a,Parinidhi/reports/final_scientific_report/02_split_integrity.md,b48d6ba929627f7381a14437d04b25536876c4e7efdbd28de1070bf4251ae9c2,REJECTED,reject,Integration Architect,P0-G0,Duplicate application tree
repo_a,Parinidhi/reports/final_scientific_report/03_baselines.md,908fc6aed812b45624dc8ad8a793189be0e6ba333099a0d175ec76dc07d0007c,REJECTED,reject,Integration Architect,P0-G0,Duplicate application tree
repo_a,Parinidhi/reports/final_scientific_report/04_v2.md,521e43cf9ca9b1d8df2215a45c7128187997d58088034a2d9c2cb6deb839df3e,REJECTED,reject,Integration Architect,P0-G0,Duplicate application tree
repo_a,Parinidhi/reports/final_scientific_report/05_error_distribution.md,c3185fd1135c04955fe5bb5eab3760adf10f317a49095cc111bb7f9d337baaf3,REJECTED,reject,Integration Architect,P0-G0,Duplicate application tree
repo_a,Parinidhi/reports/final_scientific_report/06_calibration.md,ecda3392f562a0c610838c704fe7e28e973b521669561232b95a6261aab91461,REJECTED,reject,Integration Architect,P0-G0,Duplicate application tree
repo_a,Parinidhi/reports/final_scientific_report/07_trust_horizon.md,53f166d0029be874f50ba9cb5b560a8d3eab4d02e159e0b63200c77cbec4bc3b,REJECTED,reject,Integration Architect,P0-G0,Duplicate application tree
repo_a,Parinidhi/reports/final_scientific_report/08_failure_fingerprints.md,a46b800a9e03f782c8540ad2bd9c5359c7416c80404eb5f05443c09b537a4429,REJECTED,reject,Integration Architect,P0-G0,Duplicate application tree
repo_a,Parinidhi/reports/final_scientific_report/09_decision_modes.md,9a01f4be26623094be31f34e6ef9466672383025a27ce77780ab070974a28a3c,REJECTED,reject,Integration Architect,P0-G0,Duplicate application tree
repo_a,Parinidhi/reports/final_scientific_report/10_walk_forward.md,54a59700e887aaed7a34fb2590e085902bb4ce1fb95b7275c16e8ffaf87d4816,REJECTED,reject,Integration Architect,P0-G0,Duplicate application tree
repo_a,Parinidhi/reports/final_scientific_report/11_leave_region_out.md,0b889f3e743558ba91b3b684dc69feaa4e62bb4c588822aeea8c345a058d6706,REJECTED,reject,Integration Architect,P0-G0,Duplicate application tree
repo_a,Parinidhi/reports/final_scientific_report/12_bootstrap.md,5d4fc3314849eed643f6a3d786cec71a74d4de057898f111f8a4e22ae0d798d7,REJECTED,reject,Integration Architect,P0-G0,Duplicate application tree
repo_a,Parinidhi/reports/final_scientific_report/13_redteam.md,fd72c075c174fbfbe6002090d126e6fb31c73cc91c9850626fa58797809cd63b,REJECTED,reject,Integration Architect,P0-G0,Duplicate application tree
repo_a,Parinidhi/reports/final_scientific_report/14_model_selection.md,8b55dadffc653e57354d480009ce0c4615d553a24634a166cb3c657a0b038cec,REJECTED,reject,Integration Architect,P0-G0,Duplicate application tree
repo_a,Parinidhi/reports/final_scientific_report/15_limitations.md,333ae31489ccd0d457cd69234c1a3f970416cf20a009047fe55d19082f25b5df,REJECTED,reject,Integration Architect,P0-G0,Duplicate application tree
repo_a,Parinidhi/reports/final_scientific_report/model_selection_decision.json,2593a5c2c55d6dd02647bfac20ee66622701596d11c004d39642e05faebd5106,REJECTED,reject,Integration Architect,P0-G0,Duplicate application tree
repo_a,Parinidhi/reports/final_scientific_report/redteam_audit_results.json,462df26f932a0144e7c769ca8dcb9ba02aedc31589075fcf4d6d14b85106b61c,REJECTED,reject,Integration Architect,P0-G0,Duplicate application tree
repo_a,Parinidhi/reports/final_scientific_report/reproducibility_manifest.json,1bb579fd1843d024f17500b354cfef23ca27fe9bde646a5d26e30bc7ae1ed302,REJECTED,reject,Integration Architect,P0-G0,Duplicate application tree
repo_a,Parinidhi/research/COMPETITIVE_SCIENTIFIC_RESEARCH.md,16b83429c5ca346d01cc29e32ecb7a001a160a20c5cc7db66707e2bf24d1ab5a,REJECTED,reject,Integration Architect,P0-G0,Duplicate application tree
repo_a,Parinidhi/research/__init__.py,cbba7dd0fc08212cf465ea60c7fb85380ccab8a5cb6f4bec5c39c92772fa3fbd,REJECTED,reject,Integration Architect,P0-G0,Duplicate application tree
repo_a,Parinidhi/research/contract/dataset_contract.py,ee8cb20f2a4ae2c9b06fa497b0586299a9fbff10dc72feef1982ee904e3971fb,REJECTED,reject,Integration Architect,P0-G0,Duplicate application tree
repo_a,Parinidhi/research/contract/product_contract.py,08d25d3799391b12b3e6e35584033ded51663e9ded8d44c059c70f7af91d4b88,REJECTED,reject,Integration Architect,P0-G0,Duplicate application tree
repo_a,Parinidhi/research/contract/__init__.py,9227558ce375d816e96a5762fb75a56f7ff9fa4292155bfe7e967e63d6050cfc,REJECTED,reject,Integration Architect,P0-G0,Duplicate application tree
repo_a,Parinidhi/research/decision/mode_engine.py,a0df90ebef3c141fef7b5571f5aae353e6d3d2a8a3181919faef93a9797cf28e,REJECTED,reject,Integration Architect,P0-G0,Duplicate application tree
repo_a,Parinidhi/research/decision/__init__.py,87650a2f65c57065bee6667abaa31d4edbca8b643a4e2f9a5bf43df6e7192fbd,REJECTED,reject,Integration Architect,P0-G0,Duplicate application tree
repo_a,Parinidhi/research/efficiency/benchmarker.py,9c601ea9425984017ebed480d1e2ba31d4837b14622e12898271e8cf213b4cf8,REJECTED,reject,Integration Architect,P0-G0,Duplicate application tree
repo_a,Parinidhi/research/efficiency/__init__.py,547e5e805b3b09e08d8124a593694fa4669154ac80090781c73e31e4834f387e,REJECTED,reject,Integration Architect,P0-G0,Duplicate application tree
repo_a,Parinidhi/research/error_distribution/calibrator.py,8ca505d1ed0084e929a3b5cb8310c8c119784478646ae7489b4f7136659002ad,REJECTED,reject,Integration Architect,P0-G0,Duplicate application tree
repo_a,Parinidhi/research/error_distribution/parametric.py,1ce0a2029af3f746fc88100fcf494047ec2206433bc6fc788f162c3e81e68bed,REJECTED,reject,Integration Architect,P0-G0,Duplicate application tree
repo_a,Parinidhi/research/error_distribution/quantile_mesh.py,4525d9651f8ccd48a9572e77042ea2c8457ba39f2086f586896934421bbd3fbc,REJECTED,reject,Integration Architect,P0-G0,Duplicate application tree
repo_a,Parinidhi/research/error_distribution/__init__.py,ffb41c75f67f75fce51657df624b4afb7482da8b72d7a4174b2afc4a1640dbc2,REJECTED,reject,Integration Architect,P0-G0,Duplicate application tree
repo_a,Parinidhi/research/evaluation/archetype_eval.py,5bfe5c531abd681fdfb3fecaef603054f39f9b4a578d1e759c021b2c8dc50b19,REJECTED,reject,Integration Architect,P0-G0,Duplicate application tree
repo_a,Parinidhi/research/evaluation/bootstrap_evaluation.py,707a3219920e6fe8941b144645ac91df8557b32432bfaa18457d91bed6df4d66,REJECTED,reject,Integration Architect,P0-G0,Duplicate application tree
repo_a,Parinidhi/research/evaluation/calibration_evaluation.py,586a37134cffbbe21e43918f5d2f46158310ea6b06b9aa709d7506585c3ec985,REJECTED,reject,Integration Architect,P0-G0,Duplicate application tree
repo_a,Parinidhi/research/evaluation/dataset_audit.py,95391e59c7836a43454dfab76113925b6e61737cebd6359294a16eab225e223d,REJECTED,reject,Integration Architect,P0-G0,Duplicate application tree
repo_a,Parinidhi/research/evaluation/decision_mode_evaluation.py,99c1412840c78786940bbf0eeda7b52333b7f8e04054561a584d4b16bb0c697e,REJECTED,reject,Integration Architect,P0-G0,Duplicate application tree
repo_a,Parinidhi/research/evaluation/error_distribution_evaluation.py,e1b2d1a17949e7df89adf1422dea14fb881878f1e50b13975088f15f504e1b30,REJECTED,reject,Integration Architect,P0-G0,Duplicate application tree
repo_a,Parinidhi/research/evaluation/final_report_generator.py,1ae4931c0a9245afc2729cee6e8ae25d7dd6f87e4856e47959b9ce45f3d5b5d9,REJECTED,reject,Integration Architect,P0-G0,Duplicate application tree
repo_a,Parinidhi/research/evaluation/fingerprint_evaluation.py,2a1e6bc6658abc4b146c4022f2caa5267fcc40e478b8a443b61550968e5aac25,REJECTED,reject,Integration Architect,P0-G0,Duplicate application tree
repo_a,Parinidhi/research/evaluation/lead_evaluation.py,30703ba0d1c5906729428029f39c35ce11f36783f9e2f2b652cdd78efac604f8,REJECTED,reject,Integration Architect,P0-G0,Duplicate application tree
repo_a,Parinidhi/research/evaluation/metrics.py,2b402907428ea8920db760e3cf787c6bc335804dc9116768760c1c8c52a39af0,REJECTED,reject,Integration Architect,P0-G0,Duplicate application tree
repo_a,Parinidhi/research/evaluation/model_comparison.py,4d8005c72d397ece5ad1a19f8198985343aa3449f0e397a9fec1e1a14dbfcc27,REJECTED,reject,Integration Architect,P0-G0,Duplicate application tree
repo_a,Parinidhi/research/evaluation/model_selection_gate.py,90600dc91851442b960bd6d38576ae2bdd85f7c7a2512395c3e965e0ecee1d6b,REJECTED,reject,Integration Architect,P0-G0,Duplicate application tree
repo_a,Parinidhi/research/evaluation/reproducibility_manifest.py,37dfab2bc9532a0f1ef82c8ff1e6e96fb9270534731532318a5ce844b465f7ee,REJECTED,reject,Integration Architect,P0-G0,Duplicate application tree
repo_a,Parinidhi/research/evaluation/run_post_dataset_evaluation.py,4b0289b205453227cf2adb04967923746435b1885b892a882e98be34e39a9f10,REJECTED,reject,Integration Architect,P0-G0,Duplicate application tree
repo_a,Parinidhi/research/evaluation/trust_horizon_validation.py,898065d7be02b8ba899dc1f2742d617bbfcc30ec1a1a77612c14062e28c09e62,REJECTED,reject,Integration Architect,P0-G0,Duplicate application tree
repo_a,Parinidhi/research/evaluation/validation_schemes.py,53db1d628478761228c055b5da59991bfe4ca2a7b5cb8b87470b5a0373336f1c,REJECTED,reject,Integration Architect,P0-G0,Duplicate application tree
repo_a,Parinidhi/research/evaluation/__init__.py,e3e10aa314fc3985869845590f9bf0792af65b6768ac3740e87683a6198df468,REJECTED,reject,Integration Architect,P0-G0,Duplicate application tree
repo_a,Parinidhi/research/failure_fingerprint/engine.py,17f368a6f24da20c888e651648b3d07fccbef66418b2546509407c87122a1f6d,REJECTED,reject,Integration Architect,P0-G0,Duplicate application tree
repo_a,Parinidhi/research/failure_fingerprint/__init__.py,8caa2a81fffb9ba526d14677509fc58243cf505f4d3752597d587735664361b5,REJECTED,reject,Integration Architect,P0-G0,Duplicate application tree
repo_a,Parinidhi/research/redteam/redteam_scientific_audit.py,b97cf3d6ab35bd31a92323e129008e92d7d87e30008c3e521c28c417cc12a3fe,REJECTED,reject,Integration Architect,P0-G0,Duplicate application tree
repo_a,Parinidhi/research/redteam/test_suite.py,7e8a0c0970372a959d1defe8eac2d5d75c65872f57e51cb59a1a20a1fe1fef92,REJECTED,reject,Integration Architect,P0-G0,Duplicate application tree
repo_a,Parinidhi/research/redteam/__init__.py,5c84bbf719ef40492287a81a0ad15877564a5dd626f803a21f8e8b481e314eea,REJECTED,reject,Integration Architect,P0-G0,Duplicate application tree
repo_a,Parinidhi/research/trust_horizon/engine.py,c9178a01508ac04708c8ae65eb347cf9fb6ae8cc40aecefb74e87f3d98b5eea2,REJECTED,reject,Integration Architect,P0-G0,Duplicate application tree
repo_a,Parinidhi/research/trust_horizon/__init__.py,5b23d1673c55f64385de634e452e04326ee814c1b9ff5bf64f84b08a4748fe24,REJECTED,reject,Integration Architect,P0-G0,Duplicate application tree
repo_a,Parinidhi/research/visualization/visualizers.py,98cd79dfcc38fe6f3d498d66c38f716df2fd759d8f105b5bac5f4701b2afd244,REJECTED,reject,Integration Architect,P0-G0,Duplicate application tree
repo_a,Parinidhi/research/visualization/__init__.py,3b5e89787bab08dacc9fe4eec5245f025c283d7265b599afbff8a22d7c61bc62,REJECTED,reject,Integration Architect,P0-G0,Duplicate application tree
repo_a,Parinidhi/scripts/aws_cloud_worker.py,d252947121f0ffb71a87ac94539ece30a2991422af8ad846105231d20e64ef08,REJECTED,reject,Integration Architect,P0-G0,Duplicate application tree
repo_a,Parinidhi/scripts/ec2_user_data_launcher.sh,1f5b82db982c33f79f513aa484c17d92dc2e5428f3e76eb6065422af17199f71,REJECTED,reject,Integration Architect,P0-G0,Duplicate application tree
repo_a,Parinidhi/scripts/extract_phase5b2_atomic.py,8eb0a3aa3bd1cd5e3113da1a3eb4f04a70c38c06c9091a00c7cef14b3efbb0c4,REJECTED,reject,Integration Architect,P0-G0,Duplicate application tree
repo_a,Parinidhi/scripts/extract_phase5b2_benchmark.py,45b09c101acd503284e3c51b438c06e99369da8a3c137c300e2f7aaebe591e1f,REJECTED,reject,Integration Architect,P0-G0,Duplicate application tree
repo_a,Parinidhi/scripts/fetch_cloud_checkpoints.py,05ab15ffc93d9688569360fe88367ff72b495b63b1de610050162cb19fe64ca2,REJECTED,reject,Integration Architect,P0-G0,Duplicate application tree
repo_a,Parinidhi/scripts/normalize_canonical_benchmark.py,8a0236f1b294f52012d2b4d184ab46f0a229d92eeb5fe9288e7281de970d622d,REJECTED,reject,Integration Architect,P0-G0,Duplicate application tree
repo_a,Parinidhi/scripts/run_day1_pipeline.py,aadc255296c91e56aee137b2ce9d4f146fedbae3999970022a027dea4356dd8c,REJECTED,reject,Integration Architect,P0-G0,Duplicate application tree
repo_a,Parinidhi/scripts/run_day4_modeling.py,808efdedf4fdd9df7e5a53addafcc77a1b1a0f9e1df3603515b4d4d532ef3736,REJECTED,reject,Integration Architect,P0-G0,Duplicate application tree
repo_a,Parinidhi/scripts/run_manual_demonstration.py,6b4bca4bfb0f299d7e451531be87d0bf117d55e97e81a235aa2acce9c33d3fdc,REJECTED,reject,Integration Architect,P0-G0,Duplicate application tree
repo_a,Parinidhi/scripts/run_phase2_historical.py,66994cf5f3a172ca6487e5e0cf42b87f9c83947b376196e9de1f91199457b77c,REJECTED,reject,Integration Architect,P0-G0,Duplicate application tree
repo_a,Parinidhi/scripts/run_phase3_features.py,27bd3c5121e33a04dad3333fd1847c56304c6521f77f99ca1666a1d91468954d,REJECTED,reject,Integration Architect,P0-G0,Duplicate application tree
repo_a,Parinidhi/scripts/run_stage_a_expansion.py,d5431fb9724762edd6f8944518dd972e056d201edf7c2c14e1768ba40de891f0,REJECTED,reject,Integration Architect,P0-G0,Duplicate application tree
repo_a,Parinidhi/scripts/run_stage_b_expansion.py,53e83d1c77e5c5f88e44ab58b2a475adaa9dfa8d35afa962f6817e4b55e825a3,REJECTED,reject,Integration Architect,P0-G0,Duplicate application tree
repo_a,Parinidhi/scripts/smoke_test_final.py,76d686fbd879b13c0187c6b0702f8dadafe336d732bc483e5ff2fb11fc2f77d6,REJECTED,reject,Integration Architect,P0-G0,Duplicate application tree
repo_a,Parinidhi/scripts/smoke_test_historical.py,1f0fd80eea9e9c0af3ae9faa19223e76297ae2509077204279098f8e3a2dbacb,REJECTED,reject,Integration Architect,P0-G0,Duplicate application tree
repo_a,Parinidhi/scripts/smoke_test_ml.py,d07850e0108e3502ccb833ed532f3d296d4a59290ba5e026f2c851f18f4c927b,REJECTED,reject,Integration Architect,P0-G0,Duplicate application tree
repo_a,Parinidhi/scripts/smoke_test_noaa_real.py,c55f2762a8b3a7f6b7ac64d6a57aa2951f3d9ea00c1e82b1c0fc80edc592b8b9,REJECTED,reject,Integration Architect,P0-G0,Duplicate application tree
repo_a,Parinidhi/scripts/smoke_test_serving.py,6df1e190f776969fe51fa2eef2f382884e6d5741dd9fae492f178d10924b15d7,REJECTED,reject,Integration Architect,P0-G0,Duplicate application tree
repo_a,Parinidhi/scripts/smoke_test_weather.py,0d6c58821f29fd0361dbaee999bf5852aec4c87f018eac2d4132857ba1b11cfd,REJECTED,reject,Integration Architect,P0-G0,Duplicate application tree
repo_a,Parinidhi/static/index.html,c18a7fc6668198d48599c45bde2fc1ad030f2821cae9614e03a2c55951d34de1,REJECTED,reject,Integration Architect,P0-G0,Duplicate application tree
repo_a,Parinidhi/tests/conftest.py,c02ef84065131ebbc96f721004819f66cb49cfc1749b8864a725f6eef82773a5,REJECTED,reject,Integration Architect,P0-G0,Duplicate application tree
repo_a,Parinidhi/tests/test_collector.py,3dd2887fdec891bbe9cc1f3175dfb1398b0c6149e9340a2fcaebf2c5375527ae,REJECTED,reject,Integration Architect,P0-G0,Duplicate application tree
repo_a,Parinidhi/tests/test_data_foundation_v5.py,a180b2ae9581f9d9f00d22cdcb814bdaecc4f0ca203b5a7f2e6c558782a3b1a7,REJECTED,reject,Integration Architect,P0-G0,Duplicate application tree
repo_a,Parinidhi/tests/test_day10_location_scalability.py,4420b49c1d3f95c84e1d3609544b76e719b9642316b9a0dd64d71cd585ebbb02,REJECTED,reject,Integration Architect,P0-G0,Duplicate application tree
repo_a,Parinidhi/tests/test_day11_generalization.py,e1728a84bc69b27131e01c9f462ed33323d51fcb822554728129570cd731fc98,REJECTED,reject,Integration Architect,P0-G0,Duplicate application tree
repo_a,Parinidhi/tests/test_day12_data_foundation.py,02d60c7c6b5790adca5e8e95189910afc30d927375198eeb41d95317a148f72b,REJECTED,reject,Integration Architect,P0-G0,Duplicate application tree
repo_a,Parinidhi/tests/test_day13_empirical_evaluation.py,6e34e42d0bc55458b8d6d71c51ab1dcfce6d3b28924855484f21b19e8bbc720e,REJECTED,reject,Integration Architect,P0-G0,Duplicate application tree
repo_a,Parinidhi/tests/test_day14_uncertainty_attribution.py,851a8a8ec3abc9aa2c3a2933061ac3528c8dc71ba7ae337227f2b0f09cbab294,REJECTED,reject,Integration Architect,P0-G0,Duplicate application tree
repo_a,Parinidhi/tests/test_day15_decision_engine.py,a62f901947472f49d62625dcc4f2b5c4c4622721750036cd0f8af88101073def,REJECTED,reject,Integration Architect,P0-G0,Duplicate application tree
repo_a,Parinidhi/tests/test_day16_temporal_early_warning.py,1ea6ad1cea49047fe2359ec26cb7376a97fa6da2da3c65989b8fbcf8d014b409,REJECTED,reject,Integration Architect,P0-G0,Duplicate application tree
repo_a,Parinidhi/tests/test_day17_xai_explainability.py,f2c94cde73d2f8030f878431f1a2a2e763ad4acb76541c01630209ea579cd684,REJECTED,reject,Integration Architect,P0-G0,Duplicate application tree
repo_a,Parinidhi/tests/test_day18_event_intelligence.py,117809395587929d61c08c005d2c0ae84d0cf2aea8e515a99bd653b1a28ae54a,REJECTED,reject,Integration Architect,P0-G0,Duplicate application tree
repo_a,Parinidhi/tests/test_day19_operational_intelligence.py,202e591205be5d689ac9264495be625451b3522b25ccb9de3cda4c89c40f692e,REJECTED,reject,Integration Architect,P0-G0,Duplicate application tree
repo_a,Parinidhi/tests/test_day20_operational_observability.py,c93112abf0e50ad935b7393a4d4b3a5c1aa8ff43c94bfd5243e07bdf2baa702a,REJECTED,reject,Integration Architect,P0-G0,Duplicate application tree
repo_a,Parinidhi/tests/test_day4_models.py,07d17ad3137ae9aa0ee846e3bbb90df512fbce6bcbfc2322db58e1af8832d6d8,REJECTED,reject,Integration Architect,P0-G0,Duplicate application tree
repo_a,Parinidhi/tests/test_day5_model_service.py,0d942ccf0b0225ae852845a044bd0b7fd2eed27203fb0ff974a768c9444facf7,REJECTED,reject,Integration Architect,P0-G0,Duplicate application tree
repo_a,Parinidhi/tests/test_day6_integration.py,d14882297bb5bc19cde9c96cc038a27b019941a06faef8405e2649fd61a8ed8c,REJECTED,reject,Integration Architect,P0-G0,Duplicate application tree
repo_a,Parinidhi/tests/test_day7_expansion.py,160fd0bef3afbd6479225460f5dd83ba163dc244fbb9e66e7046776daafbdd3d,REJECTED,reject,Integration Architect,P0-G0,Duplicate application tree
repo_a,Parinidhi/tests/test_day9_data_foundation.py,54a19bb7e566afc2dd2bce65cbb0749403d1fa7a7916ee6b3565c3f7e9928e8c,REJECTED,reject,Integration Architect,P0-G0,Duplicate application tree
repo_a,Parinidhi/tests/test_feature_pipeline.py,362b51bc8eccd2bd1b9d08a0a67009605d0ae682542fd9fd14c1f1f3422323d0,REJECTED,reject,Integration Architect,P0-G0,Duplicate application tree
repo_a,Parinidhi/tests/test_forecast_intelligence.py,f8ffdbf32ee5ec854de290202272e221282063f2fbd36786ac0314fb4a257a48,REJECTED,reject,Integration Architect,P0-G0,Duplicate application tree
repo_a,Parinidhi/tests/test_historical_aligner.py,d3bf58d802a7d09f761e21dba688b6b7583845073b67720f7e185c3788a17c65,REJECTED,reject,Integration Architect,P0-G0,Duplicate application tree
repo_a,Parinidhi/tests/test_historical_s3_adapter.py,003634e8aea59aa52503bb70f5d0c6c8af9170e466c1b93d92fb2ac00400f75d,REJECTED,reject,Integration Architect,P0-G0,Duplicate application tree
repo_a,Parinidhi/tests/test_intelligence_sprint.py,2a4086931dda591390ec8599a846e09ffbca161e000dc456149e648db027c307,REJECTED,reject,Integration Architect,P0-G0,Duplicate application tree
repo_a,Parinidhi/tests/test_label_engine.py,54395b404a104c3883575f874defba2f7aa891e261747ae7fbeb5c6fd0f41148,REJECTED,reject,Integration Architect,P0-G0,Duplicate application tree
repo_a,Parinidhi/tests/test_leakage_audit.py,b7c85ba180c7b4cbd52d3e45690cfb38e2606aa29b4eb64653f072eb76f91b58,REJECTED,reject,Integration Architect,P0-G0,Duplicate application tree
repo_a,Parinidhi/tests/test_manual_demonstration_integrity.py,8dccbd224a7b9c2ec92d4b1196646d9ad90b75d837975366b698b12a5d606826,REJECTED,reject,Integration Architect,P0-G0,Duplicate application tree
repo_a,Parinidhi/tests/test_noaa_reforecast_foundation.py,4c9e499a9dbbfd07ca7157692c8176abbc80928b1d09abf7963fcb24ed348930,REJECTED,reject,Integration Architect,P0-G0,Duplicate application tree
repo_a,Parinidhi/tests/test_phase2_smoke.py,9d23c9d0f7101f6914d1e5d9d192a4d396344c05e449cd8513fd44721d419e1c,REJECTED,reject,Integration Architect,P0-G0,Duplicate application tree
repo_a,Parinidhi/tests/test_phase5a_canonical_locations.py,da7390f6f914013d1c6042123d3f3bb18460109269e5182999ac9f01937a126a,REJECTED,reject,Integration Architect,P0-G0,Duplicate application tree
repo_a,Parinidhi/tests/test_phase5b1_error_distribution.py,5d64182875867421d70e115676b3a33738a38f9b1bb5f5265e043ad272148b53,REJECTED,reject,Integration Architect,P0-G0,Duplicate application tree
repo_a,Parinidhi/tests/test_qc.py,6b35a9e832e768cbb01017be52d62fac672bed6a25e6e60e12a3a04ea39eac86,REJECTED,reject,Integration Architect,P0-G0,Duplicate application tree
repo_a,Parinidhi/tests/test_scientific_quality_gates.py,558adf589f72726a799d905218398ddf9f77a3a546e37a0264d3f76047639baa,REJECTED,reject,Integration Architect,P0-G0,Duplicate application tree
repo_a,Parinidhi/tests/test_smoke.py,aea5f1d537b6e25e8b0148108f75cbb42c8aca6f0e78aa62c5aacb199ff5c5b9,REJECTED,reject,Integration Architect,P0-G0,Duplicate application tree
repo_a,Parinidhi/tests/test_standardize.py,2bb826447aa8ce5ad818839b9afcd5c00dcac969a3dbdabd906c0667942130de,REJECTED,reject,Integration Architect,P0-G0,Duplicate application tree
repo_a,Parinidhi/tests/test_verification_engine.py,a2274ab42d6605a2e260d39e16541ea5905cd42cb8bfc7a7880b32cb6f11e7a5,REJECTED,reject,Integration Architect,P0-G0,Duplicate application tree
repo_a,Parinidhi/tests/__init__.py,e2fb67507f0eccf6602bcfe3ea6e0af317674648b97918e6ae9144458162a976,REJECTED,reject,Integration Architect,P0-G0,Duplicate application tree
repo_a,Parinidhi/tests/research/test_decision_mode.py,1b47baffccd04d41f13515b0512a542f17e2011ceada1b54898e6aef679a9b71,REJECTED,reject,Integration Architect,P0-G0,Duplicate application tree
repo_a,Parinidhi/tests/research/test_efficiency_and_contract.py,d154dfc0dd7d7565983feaf2247dd5de0f55c7de248efa522e421e3721396427,REJECTED,reject,Integration Architect,P0-G0,Duplicate application tree
repo_a,Parinidhi/tests/research/test_error_distribution.py,dc510769cec93ec3aac59d3f389c7dce8bc439b6b82b351499e1e4c5d6e67ff3,REJECTED,reject,Integration Architect,P0-G0,Duplicate application tree
repo_a,Parinidhi/tests/research/test_evaluation.py,8981f2a22eced4a817700a108b34a772f8332579dfa9ae32683d0a37957e64d3,REJECTED,reject,Integration Architect,P0-G0,Duplicate application tree
repo_a,Parinidhi/tests/research/test_failure_fingerprint.py,9f4ff028bae90b80689f57e7bedbb35ec2ef485ca4c8fea03330afb7a1759412,REJECTED,reject,Integration Architect,P0-G0,Duplicate application tree
repo_a,Parinidhi/tests/research/test_post_dataset_framework.py,bde14b997a74b8d8a4ab6d009de0d9ab76a9f68f9543ec303b6c8ec248e73f02,REJECTED,reject,Integration Architect,P0-G0,Duplicate application tree
repo_a,Parinidhi/tests/research/test_redteam.py,c146e64d14a4cd143baa7748880690d33df1f8b79b4d60317ba6b478e78fc1ed,REJECTED,reject,Integration Architect,P0-G0,Duplicate application tree
repo_a,Parinidhi/tests/research/test_trust_horizon.py,88200d13197d44e2362eb45e1ae66de47959bfb62e11a2ddcf41e2ce95e6e1ca,REJECTED,reject,Integration Architect,P0-G0,Duplicate application tree
repo_a,Parinidhi/training/run_phase5b1_experiment.py,7e6c372c31e64d5a3a9cf090523d73c00ef92684b0e8116a22f298338033171e,REJECTED,reject,Integration Architect,P0-G0,Duplicate application tree
repo_a,Parinidhi/training/train_v3_challenger.py,c38754815d57c0a90e1727cee042fde91979a6808e76c6c424c4e15a977e898e,REJECTED,reject,Integration Architect,P0-G0,Duplicate application tree
repo_a,Parinidhi/_v4_patch/APPLY.md,f929f3ff298e85b136e611dcc895511be73067c6d0987c48ed83dd9bc7b7a9dc,REJECTED,reject,Integration Architect,P0-G0,Duplicate application tree
repo_a,Parinidhi/_v4_patch/requirements.txt,ac4562a101af8f8e742ff378161e3d99efa30143488afabfe520f082a3991523,REJECTED,reject,Integration Architect,P0-G0,Duplicate application tree
repo_a,Parinidhi/_v4_patch/backend/app/builder2/feature_pipeline.py,ddd2ea3e289938f242e7cd6d735e28b76bbd51a3e0df965ef7154a41f3c8c4ca,REJECTED,reject,Integration Architect,P0-G0,Duplicate application tree
repo_a,Parinidhi/_v4_patch/data_pipeline/historical_aligner.py,db08ec1fc0b49f38dbaca3a17435f6da98f7bd8f2710381d5d7f588d03816356,REJECTED,reject,Integration Architect,P0-G0,Duplicate application tree
repo_a,Parinidhi/_v4_patch/ingestion/era5_collector.py,bb36238cbbffdccedb0d624fe047847a96ecbec4bfa83be023b1f23496d96b2f,REJECTED,reject,Integration Architect,P0-G0,Duplicate application tree
repo_a,Parinidhi/_v4_patch/ingestion/historical_gefs_collector.py,29efa1c6f27f18f5157e82c9ef5bed6ff9dd664dec1784e7758c0118d437847b,REJECTED,reject,Integration Architect,P0-G0,Duplicate application tree
repo_a,Parinidhi/_v4_patch/ingestion/__init__.py,0922b944118070abc567154a60277014a9bca070e14d492ba64ce46aaf234d73,REJECTED,reject,Integration Architect,P0-G0,Duplicate application tree
repo_a,Parinidhi/_v4_patch/scripts/run_phase2_historical.py,c725d39f6f7973a5fdf279b730d1aa733a77f1eb6805aa48e3ed6b73893d1f64,REJECTED,reject,Integration Architect,P0-G0,Duplicate application tree
repo_a,Parinidhi/_v4_patch/scripts/smoke_test_noaa_real.py,c55f2762a8b3a7f6b7ac64d6a57aa2951f3d9ea00c1e82b1c0fc80edc592b8b9,REJECTED,reject,Integration Architect,P0-G0,Duplicate application tree
repo_a,Parinidhi/_v4_patch/tests/test_noaa_reforecast_foundation.py,4c9e499a9dbbfd07ca7157692c8176abbc80928b1d09abf7963fcb24ed348930,REJECTED,reject,Integration Architect,P0-G0,Duplicate application tree
repo_a,Parinidhi/_v5_patch/APPLY.md,f929f3ff298e85b136e611dcc895511be73067c6d0987c48ed83dd9bc7b7a9dc,REJECTED,reject,Integration Architect,P0-G0,Duplicate application tree
repo_a,Parinidhi/_v5_patch/requirements.txt,ac4562a101af8f8e742ff378161e3d99efa30143488afabfe520f082a3991523,REJECTED,reject,Integration Architect,P0-G0,Duplicate application tree
repo_a,Parinidhi/_v5_patch/backend/app/builder2/feature_pipeline.py,ddd2ea3e289938f242e7cd6d735e28b76bbd51a3e0df965ef7154a41f3c8c4ca,REJECTED,reject,Integration Architect,P0-G0,Duplicate application tree
repo_a,Parinidhi/_v5_patch/backend/app/builder2/location_service.py,9bac84d3facf971e9fe57bc7254ce2e6cd3d4d1fad7a1582ab266d78aa7000f9,REJECTED,reject,Integration Architect,P0-G0,Duplicate application tree
repo_a,Parinidhi/_v5_patch/data_pipeline/historical_aligner.py,db08ec1fc0b49f38dbaca3a17435f6da98f7bd8f2710381d5d7f588d03816356,REJECTED,reject,Integration Architect,P0-G0,Duplicate application tree
repo_a,Parinidhi/_v5_patch/ingestion/era5_collector.py,bb36238cbbffdccedb0d624fe047847a96ecbec4bfa83be023b1f23496d96b2f,REJECTED,reject,Integration Architect,P0-G0,Duplicate application tree
repo_a,Parinidhi/_v5_patch/ingestion/historical_gefs_collector.py,3308739b2c41e1c7530e23dd13d3c4b4f15c2ce6a399cd9d35cdf07962460247,REJECTED,reject,Integration Architect,P0-G0,Duplicate application tree
repo_a,Parinidhi/_v5_patch/ingestion/__init__.py,0922b944118070abc567154a60277014a9bca070e14d492ba64ce46aaf234d73,REJECTED,reject,Integration Architect,P0-G0,Duplicate application tree
repo_a,Parinidhi/_v5_patch/scripts/run_phase2_historical.py,c725d39f6f7973a5fdf279b730d1aa733a77f1eb6805aa48e3ed6b73893d1f64,REJECTED,reject,Integration Architect,P0-G0,Duplicate application tree
repo_a,Parinidhi/_v5_patch/scripts/smoke_test_noaa_real.py,c55f2762a8b3a7f6b7ac64d6a57aa2951f3d9ea00c1e82b1c0fc80edc592b8b9,REJECTED,reject,Integration Architect,P0-G0,Duplicate application tree
repo_a,Parinidhi/_v5_patch/tests/test_data_foundation_v5.py,c7fdd3b53300a5ed5e2ab14e32b4542c7fa16a07622d6324656287d9b595d25e,REJECTED,reject,Integration Architect,P0-G0,Duplicate application tree
repo_a,Parinidhi/_v5_patch/tests/test_noaa_reforecast_foundation.py,4c9e499a9dbbfd07ca7157692c8176abbc80928b1d09abf7963fcb24ed348930,REJECTED,reject,Integration Architect,P0-G0,Duplicate application tree
repo_a,Parinidhi/_v6_patch/APPLY.md,f6e14b83bb8694e60ed3c7b99bdd90c41eee5ea94e958de90d89718c182da3d2,REJECTED,reject,Integration Architect,P0-G0,Duplicate application tree
repo_a,Parinidhi/_v6_patch/ingestion/historical_gefs_collector.py,d015fabb1dd12ab462fcef5cf649bb0d6fcac99160dd5a7cc9315f156ba59ce1,REJECTED,reject,Integration Architect,P0-G0,Duplicate application tree
repo_a,Parinidhi/_v6_patch/tests/test_data_foundation_v5.py,3b13e32729003337c1a5f66099e461e223216a2a45ae255109ef1eead3ee8c51,REJECTED,reject,Integration Architect,P0-G0,Duplicate application tree
repo_a,Parinidhi/_v7_patch/APPLY.md,e2dfb9fb02e8af086fe0157aa5c44d955c45974a45350e2d096671505f4c71be,REJECTED,reject,Integration Architect,P0-G0,Duplicate application tree
repo_a,Parinidhi/_v7_patch/ingestion/historical_gefs_collector.py,556360f118dd5eebe5102298d85b745acda7edeb757e8c1674e98fc67edf48ef,REJECTED,reject,Integration Architect,P0-G0,Duplicate application tree
repo_a,Parinidhi/_v7_patch/tests/test_data_foundation_v5.py,3b13e32729003337c1a5f66099e461e223216a2a45ae255109ef1eead3ee8c51,REJECTED,reject,Integration Architect,P0-G0,Duplicate application tree
repo_a,Parinidhi/_v8_patch/APPLY.md,3e2179b44a437c5aa365edc9435ca88fd07fe4028fdea4b2f9d7378e62f403ac,REJECTED,reject,Integration Architect,P0-G0,Duplicate application tree
repo_a,Parinidhi/_v8_patch/ingestion/historical_gefs_collector.py,46d50b6dcc8aea44f41fe65455b22cd4af601f546a405d6e737adc3089202100,REJECTED,reject,Integration Architect,P0-G0,Duplicate application tree
repo_a,Parinidhi/_v8_patch/tests/test_data_foundation_v5.py,3b13e32729003337c1a5f66099e461e223216a2a45ae255109ef1eead3ee8c51,REJECTED,reject,Integration Architect,P0-G0,Duplicate application tree
repo_a,scripts/smoke_test_builder2.py,68b90d05d59996c51d0b06e8097aa7c91d91c81317ad5ab3e28bf77da67968c8,imported_from_a/scripts/smoke_test_builder2.py,informative,Integration Architect,P0-G0,Reference evidence only
repo_a,scripts/smoke_test_final.py,560acca3498dcde55861e97e3bf93fe995ce8f61b1ca89c99b2f9316c854f047,imported_from_a/scripts/smoke_test_final.py,informative,Integration Architect,P0-G0,Reference evidence only
repo_a,scripts/smoke_test_historical.py,1f0fd80eea9e9c0af3ae9faa19223e76297ae2509077204279098f8e3a2dbacb,imported_from_a/scripts/smoke_test_historical.py,informative,Integration Architect,P0-G0,Reference evidence only
repo_a,scripts/smoke_test_ml.py,d07850e0108e3502ccb833ed532f3d296d4a59290ba5e026f2c851f18f4c927b,imported_from_a/scripts/smoke_test_ml.py,informative,Integration Architect,P0-G0,Reference evidence only
repo_a,scripts/smoke_test_serving.py,6df1e190f776969fe51fa2eef2f382884e6d5741dd9fae492f178d10924b15d7,imported_from_a/scripts/smoke_test_serving.py,informative,Integration Architect,P0-G0,Reference evidence only
repo_a,scripts/smoke_test_weather.py,0d6c58821f29fd0361dbaee999bf5852aec4c87f018eac2d4132857ba1b11cfd,imported_from_a/scripts/smoke_test_weather.py,informative,Integration Architect,P0-G0,Reference evidence only
repo_a,scripts/train_builder2_model.py,2b8de6c94339b432543b139d5d2c308d8707bc17264747fe915ba14b4e2bc6b8,imported_from_a/scripts/train_builder2_model.py,informative,Integration Architect,P0-G0,Reference evidence only
repo_a,scripts/verify_16day_trajectory.ps1,bbf139b6643bc60987081a1c82587cda62380ce96339b653fe6cdfd3dc0a5991,imported_from_a/scripts/verify_16day_trajectory.ps1,informative,Integration Architect,P0-G0,Reference evidence only
repo_a,scripts/verify_frontend_backend_parity.ps1,94dda1ff4209c7cb36315cea73f971e49daa47a6517eb0b2abeed9001eaa27d8,imported_from_a/scripts/verify_frontend_backend_parity.ps1,informative,Integration Architect,P0-G0,Reference evidence only
repo_a,scripts/verify_live_http_api.py,768195ed0fabd106146bb948cd6bf84d27210deda26f774820346c8e813b45c1,imported_from_a/scripts/verify_live_http_api.py,informative,Integration Architect,P0-G0,Reference evidence only
repo_b,.env.example,50d9b661e93c73302e0812e45fdf2219206154494a87c1196268dbb15ad1f21c,.env.example,keep,Integration Architect,P2-G0,Canonical base asset
repo_b,.gitattributes,02c6a16fe6e8134f3f048606ee29968b4963a0dc1df2ac21c47c04df3a96d1a7,.gitattributes,keep,Integration Architect,P2-G0,Canonical base asset
repo_b,.gitignore,17e982159c65e041b38e9ab346dcedb7452f3dca8424c35d9a2da3bfbadc2d2d,.gitignore,keep,Integration Architect,P2-G0,Canonical base asset
repo_b,ARCHITECTURE.md,018e03aa1f16f435da10db4ceba01b01e8bb5061d585aeeb78865e4b701c5070,ARCHITECTURE.md,keep,Integration Architect,P2-G0,Canonical base asset
repo_b,launch.bat,03c44dc31b875d043896475abb8b99d57a4dcab0521e7147de13b413efea6baf,launch.bat,keep,Integration Architect,P2-G0,Canonical base asset
repo_b,LICENSE,df8a907ebf1900929983cef179382e12fdd6b1a7293c3928adaadc0cb2f70bfa,LICENSE,keep,Integration Architect,P2-G0,Canonical base asset
repo_b,pyproject.toml,3499d612ba26d7aaf957677cf8e2ab2407f83603a379898f15a6e7d028429c07,pyproject.toml,keep,Integration Architect,P2-G0,Canonical base asset
repo_b,pytest.ini,577ef0b0cd50783067d13214381dd6315295cad5b0885dc05b1229f096a4d17c,pytest.ini,keep,Integration Architect,P2-G0,Canonical base asset
repo_b,README.md,0a9bb2a85eb998011e6b83032eed8e8210c0f847ce5c9aa00246d69b5a31372d,README.md,keep,Integration Architect,P2-G0,Canonical base asset
repo_b,REPRODUCIBILITY_PACKAGE.md,11a2a5d1061664cabae17ee1dab45e176d820bf3ea671078d6c4e223929e9f55,REPRODUCIBILITY_PACKAGE.md,keep,Integration Architect,P2-G0,Canonical base asset
repo_b,requirements.txt,9671d86d2d90aa52fa84eadf4acf68769dfa9eb2dd1c0ca4c96a265c23d0b1b1,requirements.txt,keep,Integration Architect,P2-G0,Canonical base asset
repo_b,.github/workflows/deploy.yml,e618c8b2f44707100feac6f867fcff7bc5d338bdf10447c39a5ba9dabaed46e5,.github/workflows/deploy.yml,keep,Integration Architect,P2-G0,Canonical base asset
repo_b,.round2-roadmap/imple-plan/discarded-implementation_planA,6e856f3a543433a8ea8b9c1556824346d1030a83c67ec626f2e596de22affb59,.round2-roadmap/imple-plan/discarded-implementation_planA,keep,Integration Architect,P2-G0,Canonical base asset
repo_b,.round2-roadmap/imple-plan/implementation_plan-A,635da93760de7a2ee1c55d06a5e9f6d7142b4f8d22f8bd73c960f71cff94f9ab,.round2-roadmap/imple-plan/implementation_plan-A,keep,Integration Architect,P2-G0,Canonical base asset
repo_b,.round2-roadmap/imple-plan/implementation_plan-B,a6d474c12af2b698875d37b87baaff2731b30f94b4d8c30b601b2ac232f0e25d,.round2-roadmap/imple-plan/implementation_plan-B,keep,Integration Architect,P2-G0,Canonical base asset
repo_b,.round2-roadmap/imple-plan/implementation_plan-C,eb56b9d94265e679423bccaa5947e6f9eb666e559f9b7e0b7bb1006ecd5a806d,.round2-roadmap/imple-plan/implementation_plan-C,keep,Integration Architect,P2-G0,Canonical base asset
repo_b,.round2-roadmap/imple-plan/implementation_plan-D,a068fb3274aed4ae8570d63c62fcc35844f6d4b0d1ef534c4a47b6fa61f17f89,.round2-roadmap/imple-plan/implementation_plan-D,keep,Integration Architect,P2-G0,Canonical base asset
repo_b,.round2-roadmap/imple-plan/implementation_plan-E,9df07ca56cbbfc8562bb6eb06e8a4a18f755084e376a46ce41436bdd9da2a44e,.round2-roadmap/imple-plan/implementation_plan-E,keep,Integration Architect,P2-G0,Canonical base asset
repo_b,.round2-roadmap/imple-plan/implementation_plan-F,bc5b9c59c2d3d8b933457a643f660fdc5efa2429314f4409c93ed0de695204e1,.round2-roadmap/imple-plan/implementation_plan-F,keep,Integration Architect,P2-G0,Canonical base asset
repo_b,.round2-roadmap/imple-plan/implementation_plan-G,810839b886df16191fbcf0919f62979779cca79721798eee46ee206dc0b1d2a0,.round2-roadmap/imple-plan/implementation_plan-G,keep,Integration Architect,P2-G0,Canonical base asset
repo_b,.round2-roadmap/imple-plan/implementation_plan-H,44abf9850c20f2318bf0da32df49e1b2d885486c9297e40c5b5313782809ee44,.round2-roadmap/imple-plan/implementation_plan-H,keep,Integration Architect,P2-G0,Canonical base asset
repo_b,.round2-roadmap/imple-plan/implementation_plan-I,22b66b63cdedbab190079640c206b103611c66fbfd1d45652b859e37488a5ef1,.round2-roadmap/imple-plan/implementation_plan-I,keep,Integration Architect,P2-G0,Canonical base asset
repo_b,.round2-roadmap/imple-plan/implementation_plan-J,7b8ad14e4b8ea0e00986dd8b2475b9483e579c7220f2919a18bcf68d5022bdeb,.round2-roadmap/imple-plan/implementation_plan-J,keep,Integration Architect,P2-G0,Canonical base asset
repo_b,.round2-roadmap/imple-plan/implementation_plan-K,c9a3acdad73461c560a659ef506e9424353960ce36d8e7e68e0850f4d2381469,.round2-roadmap/imple-plan/implementation_plan-K,keep,Integration Architect,P2-G0,Canonical base asset
repo_b,.round2-roadmap/imple-plan/implementation_plan-L,c2dde03bd522a790ce8f6ead1f0e1bc521f178f67ece9c4934b85c61d565ae9d,.round2-roadmap/imple-plan/implementation_plan-L,keep,Integration Architect,P2-G0,Canonical base asset
repo_b,.round2-roadmap/oldone/blueprint_capability_scores.json,c66065a6c7c7a21a2cb4fabe5949a60e424336a8ae5b8add683f3ac1dc836bd9,.round2-roadmap/oldone/blueprint_capability_scores.json,keep,Integration Architect,P2-G0,Canonical base asset
repo_b,.round2-roadmap/oldone/Phase A — Protect the foundation.md,433b3d300dc8c713adda9a77ae216b161716576db696c97b368314b6d512fffd,.round2-roadmap/oldone/Phase A — Protect the foundation.md,keep,Integration Architect,P2-G0,Canonical base asset
repo_b,.round2-roadmap/oldone/Phase B — Scientific benchmark ladder.md,fdb96c9941f40c47109da966caaa5a4ad65d298fbe80684e714127e3dc6c5e8b,.round2-roadmap/oldone/Phase B — Scientific benchmark ladder.md,keep,Integration Architect,P2-G0,Canonical base asset
repo_b,.round2-roadmap/oldone/Phase C — Failure Memory.md,34ed1ee22753bbab1f63e84d767e171b4fa2210ab2d1e3e2d9c5ce11dfe5f21a,.round2-roadmap/oldone/Phase C — Failure Memory.md,keep,Integration Architect,P2-G0,Canonical base asset
repo_b,".round2-roadmap/oldone/Phase D — Failure dynamics_ motifs, hazard and recovery.md",f8dec34a3e38b6d46aa9e00e2e92c7e41062469d605103f94a900a756be823af,".round2-roadmap/oldone/Phase D — Failure dynamics_ motifs, hazard and recovery.md",keep,Integration Architect,P2-G0,Canonical base asset
repo_b,.round2-roadmap/oldone/Phase E — Atmospheric intelligence.md,f5f9f601ff9ca1b3439bf84be870ff6e871bf752542b4b3327cb28d4e748f225,.round2-roadmap/oldone/Phase E — Atmospheric intelligence.md,keep,Integration Architect,P2-G0,Canonical base asset
repo_b,.round2-roadmap/oldone/Phase F — Ensemble intelligence.md,1d270273eb5b35703d99f5ff3a689cf3ace057ce89c6f7101defaea72f200d58,.round2-roadmap/oldone/Phase F — Ensemble intelligence.md,keep,Integration Architect,P2-G0,Canonical base asset
repo_b,.round2-roadmap/oldone/Phase G — Spatial intelligence.md,874a373034c8a6477e81549d46343f9f45c9a06d0591c0ca51c81ae978298e18,.round2-roadmap/oldone/Phase G — Spatial intelligence.md,keep,Integration Architect,P2-G0,Canonical base asset
repo_b,.round2-roadmap/oldone/Phase H — Safety and self-audit.md,f06a4e1be984b2417ec5f1efe0067ca66c337f8d816c771543e2bad24b52063b,.round2-roadmap/oldone/Phase H — Safety and self-audit.md,keep,Integration Architect,P2-G0,Canonical base asset
repo_b,.round2-roadmap/oldone/Phase I — Statistical governance.md,5eab24f4bf18706fd629ab57d7aff5bb119aea8ce5dd6751a3f3990f68bbbae1,.round2-roadmap/oldone/Phase I — Statistical governance.md,keep,Integration Architect,P2-G0,Canonical base asset
repo_b,.round2-roadmap/oldone/Phase J — Multi-system intelligence.md,35b6c0a6a55ee7857bd91c9c18c9f4064b58587142dc8542d7d05a8c666413b6,.round2-roadmap/oldone/Phase J — Multi-system intelligence.md,keep,Integration Architect,P2-G0,Canonical base asset
repo_b,.round2-roadmap/oldone/Phase K — Independent truth challenge.md,04c801efbc2726feeceb94fc9d97fcfe5ad02aa592a5c68fda5acf002c41cbe0,.round2-roadmap/oldone/Phase K — Independent truth challenge.md,keep,Integration Architect,P2-G0,Canonical base asset
repo_b,.round2-roadmap/oldone/Phase L — Frontier intelligence and digital twin.md,2d86c0354e501f5eef31fb8033945bd3e012f45bf3b266ab4bf9f93396baf34a,.round2-roadmap/oldone/Phase L — Frontier intelligence and digital twin.md,keep,Integration Architect,P2-G0,Canonical base asset
repo_b,.round2-roadmap/oldone/Veyra roadmap — drop-in phase files.md,b2ba530ea28dbbc2b0d5e636d4b20e6e044cc935cb370db7abd52c47cc7f27eb,.round2-roadmap/oldone/Veyra roadmap — drop-in phase files.md,keep,Integration Architect,P2-G0,Canonical base asset
repo_b,.round2-roadmap/oldone/veyra_blueprint_capability_completion_chart.png,e501266f1b931173296b6945632d1663668bbf7fd4e82f10dcd2462c50a509ff,.round2-roadmap/oldone/veyra_blueprint_capability_completion_chart.png,keep,Integration Architect,P2-G0,Canonical base asset
repo_b,.round2-roadmap/updatedone/Phase A — V3 certification and hazard data contracts.md,29e4ed297b58bc291033490ec5f80b25c73cdaa09126b9e062ec69bcee21d112,.round2-roadmap/updatedone/Phase A — V3 certification and hazard data contracts.md,keep,Integration Architect,P2-G0,Canonical base asset
repo_b,.round2-roadmap/updatedone/Phase B — Reliability core and benchmark ladder.md,22a3ff0bd6ecbea391d24c5164554dae0b6a08af58d162341ee76509fce4e448,.round2-roadmap/updatedone/Phase B — Reliability core and benchmark ladder.md,keep,Integration Architect,P2-G0,Canonical base asset
repo_b,".round2-roadmap/updatedone/Phase C — Multi-horizon hazard, motifs and recovery.md",e0da9a20fe07818d7b44ded08ffeca6cce453aaec5c4ead264485f5e5dc9abf0,".round2-roadmap/updatedone/Phase C — Multi-horizon hazard, motifs and recovery.md",keep,Integration Architect,P2-G0,Canonical base asset
repo_b,.round2-roadmap/updatedone/Phase D — Precipitation reliability specialist.md,8110df290799272b9c61c2c27d94eb60770d87c55302c269361b92068ccfb87c,.round2-roadmap/updatedone/Phase D — Precipitation reliability specialist.md,quarantine_experimental,Integration Architect,P6-G8,Keep as experimental module; do not promote without empirical dataset
repo_b,.round2-roadmap/updatedone/Phase E — Tropical cyclone reliability specialist.md,50c7bd89069bf2a79a02b615b0e1b95f7e3b15944c76106bdfaf15dca78a9525,.round2-roadmap/updatedone/Phase E — Tropical cyclone reliability specialist.md,quarantine_experimental,Integration Architect,P6-G8,Keep as experimental module; do not promote without empirical dataset
repo_b,.round2-roadmap/updatedone/Phase F — Monsoon and low-pressure-system reliability.md,bdbcd7b1a936c3e07124fd4ef67da22dc7a935db00e97fcabf6a200fac3f158d,.round2-roadmap/updatedone/Phase F — Monsoon and low-pressure-system reliability.md,keep,Integration Architect,P2-G0,Canonical base asset
repo_b,.round2-roadmap/updatedone/Phase G — Western disturbance reliability.md,c443325b967eacfcababbc03d21d00301144f36b1bbac6569bcdcc747ed51a66,.round2-roadmap/updatedone/Phase G — Western disturbance reliability.md,keep,Integration Architect,P2-G0,Canonical base asset
repo_b,.round2-roadmap/updatedone/Phase H — Heatwave and data-dependent severe-wind specialists.md,6ca36f10de19fe97829bcda51715210059f65b9001b3b6f473f9dc52faf26f75,.round2-roadmap/updatedone/Phase H — Heatwave and data-dependent severe-wind specialists.md,quarantine_experimental,Integration Architect,P6-G8,Keep as experimental module; do not promote without empirical dataset
repo_b,".round2-roadmap/updatedone/Phase I — Spatial, compound and common-mode reliability.md",6b0c36be45462bebeb50804cc442c8711e07294c40bf7da477d2c5afc21c716b,".round2-roadmap/updatedone/Phase I — Spatial, compound and common-mode reliability.md",keep,Integration Architect,P2-G0,Canonical base asset
repo_b,".round2-roadmap/updatedone/Phase J — Hazard-specific calibration, OOD, drift and independent truth.md",dcbae5adea6a1ec2105c56d10a7c7ad99554f351f1a8a65e54a5def482619c60,".round2-roadmap/updatedone/Phase J — Hazard-specific calibration, OOD, drift and independent truth.md",keep,Integration Architect,P2-G0,Canonical base asset
repo_b,".round2-roadmap/updatedone/Phase K — Cross-system transfer, operations and promotion.md",3f5e039bcb6439af5f0e85b25486103f004a707f79cf294af35f5a9307f567c9,".round2-roadmap/updatedone/Phase K — Cross-system transfer, operations and promotion.md",keep,Integration Architect,P2-G0,Canonical base asset
repo_b,.round2-roadmap/updatedone/Phase L — Frontier challengers and reliability digital twin.md,766a2ec622d9f1e0750206f21f4ea45bb5a0d13e0b377021ce8b523eb43436b6,.round2-roadmap/updatedone/Phase L — Frontier challengers and reliability digital twin.md,keep,Integration Architect,P2-G0,Canonical base asset
repo_b,.round2-roadmap/updatedone/VEYRA --- Hazard-Specific Forecast Reliability Implementation Blueprint.md,997d41b7957c3e67c4be2f2e9c6507f31afff4b4699c984484babf199d30b9e7,.round2-roadmap/updatedone/VEYRA --- Hazard-Specific Forecast Reliability Implementation Blueprint.md,keep,Integration Architect,P2-G0,Canonical base asset
repo_b,.round2-roadmap/updatedone/Veyra hazard-first roadmap — drop-in phase files.md,1ef2b699ca5f9046100affcc856b5fcd10b66aa072c4c692bdaee962328a9ce6,.round2-roadmap/updatedone/Veyra hazard-first roadmap — drop-in phase files.md,keep,Integration Architect,P2-G0,Canonical base asset
repo_b,.round2-roadmap/updatedone/VEYRA_Hazard_Specific_Reliability_Implementation_Blueprint.md,997d41b7957c3e67c4be2f2e9c6507f31afff4b4699c984484babf199d30b9e7,.round2-roadmap/updatedone/VEYRA_Hazard_Specific_Reliability_Implementation_Blueprint.md,keep,Integration Architect,P2-G0,Canonical base asset
repo_b,backend/app/main.py,93fd63561cb9fca04b3bacc6eb1497ef504e2e9c47ce3638fcc6c4a2386ff614,backend/app/main.py,keep,Integration Architect,P2-G0,Canonical base asset
repo_b,backend/app/__init__.py,f127dafea6aa5ee73e604fe31306a52cc2a7d2a05896f9c7bab56ab64aba5d17,backend/app/__init__.py,keep,Integration Architect,P2-G0,Canonical base asset
repo_b,backend/app/agents/forecast_bust_agent.py,7664bef80a9f4a47069686888f5e76dfb69bf30af6074a434e3d2422bd5c97a7,backend/app/agents/forecast_bust_agent.py,keep,Integration Architect,P2-G0,Canonical base asset
repo_b,backend/app/agents/__init__.py,73015c2724cb23e9794b722934ab822586adfdf27c722422c78607f57377da73,backend/app/agents/__init__.py,keep,Integration Architect,P2-G0,Canonical base asset
repo_b,backend/app/agents/__pycache__/forecast_bust_agent.cpython-310.pyc,c3c2b07525c35c95d8f0574dba9568f28214968934ca2b52285e12cda93c233e,backend/app/agents/__pycache__/forecast_bust_agent.cpython-310.pyc,keep,Integration Architect,P2-G0,Canonical base asset
repo_b,backend/app/agents/__pycache__/__init__.cpython-310.pyc,d14aa7c917dfe0ac5fd744914e82981f498b04ff5c4ce26c96cd243502d3bfd3,backend/app/agents/__pycache__/__init__.cpython-310.pyc,keep,Integration Architect,P2-G0,Canonical base asset
repo_b,backend/app/api/__init__.py,5b96d03591b3d982cc5f1d610bd7bf78a85b7ff18d155632dcc0b70fb82e8147,backend/app/api/__init__.py,keep,Integration Architect,P2-G0,Canonical base asset
repo_b,backend/app/api/v1/router.py,df6fde5be23f0e8c7ba46c9e9d1a7f3a301a1ae173f2ae9545685d6270f7aa72,backend/app/api/v1/router.py,keep,Integration Architect,P2-G0,Canonical base asset
repo_b,backend/app/api/v1/__init__.py,d95242051fa9e62524e4f8a762905d0833f81d71c1ef8e37b1d9e46aa39a6c57,backend/app/api/v1/__init__.py,keep,Integration Architect,P2-G0,Canonical base asset
repo_b,backend/app/api/v1/endpoints/analogs.py,66b7c63cf777a9a1052c464720ec5790b7940ac293b250ba1d16ff70302d0634,backend/app/api/v1/endpoints/analogs.py,keep,Integration Architect,P2-G0,Canonical base asset
repo_b,backend/app/api/v1/endpoints/dashboard.py,d0730fbc53c711f878cf989a01f977683ce3d73072af279678bea303c03a697e,backend/app/api/v1/endpoints/dashboard.py,keep,Integration Architect,P2-G0,Canonical base asset
repo_b,backend/app/api/v1/endpoints/evaluation.py,89a5dd300cd28d25911a4335e0916427382efb745105d23c11fe6c4f42f26f11,backend/app/api/v1/endpoints/evaluation.py,keep,Integration Architect,P2-G0,Canonical base asset
repo_b,backend/app/api/v1/endpoints/explanation.py,a708e48d0917d5571d4279e2dd79e930f99f6b1bfdf33059f84bda2f3a4d0e76,backend/app/api/v1/endpoints/explanation.py,keep,Integration Architect,P2-G0,Canonical base asset
repo_b,backend/app/api/v1/endpoints/export.py,33e171bcba2af15440b9c16e66d3a541001c986e260ed06c3ff80b0621c83388,backend/app/api/v1/endpoints/export.py,keep,Integration Architect,P2-G0,Canonical base asset
repo_b,backend/app/api/v1/endpoints/forecasts.py,091a48e1983496c3c8a174d9fa727dfc3f74ea44ede003f4ab7aebe84cee7aba,backend/app/api/v1/endpoints/forecasts.py,keep,Integration Architect,P2-G0,Canonical base asset
repo_b,backend/app/api/v1/endpoints/hazard.py,4d04e29ceb11fa6afd00a17ec7bbf8a580bb924ed048def694494bbfc9e3950d,backend/app/api/v1/endpoints/hazard.py,keep,Integration Architect,P2-G0,Canonical base asset
repo_b,backend/app/api/v1/endpoints/health.py,3ac822944d51ef0810084b6b5a3500cc6ab19bbc0527af53d62be4e429321c49,backend/app/api/v1/endpoints/health.py,keep,Integration Architect,P2-G0,Canonical base asset
repo_b,backend/app/api/v1/endpoints/metadata.py,bb2a10bd0ae014a6f6a5140454855e02dcf4b9f34bbd8326262cd5c52ec35690,backend/app/api/v1/endpoints/metadata.py,keep,Integration Architect,P2-G0,Canonical base asset
repo_b,backend/app/api/v1/endpoints/metrics.py,dac7022f8829352eb95591420be4a9b837730fd7a6a6294f5804631d14d0f873,backend/app/api/v1/endpoints/metrics.py,keep,Integration Architect,P2-G0,Canonical base asset
repo_b,backend/app/api/v1/endpoints/models.py,05064f93c2c644cdfcfe1d59c3e19b4baa05aba5679f75b2a821229fa4d84e1a,backend/app/api/v1/endpoints/models.py,keep,Integration Architect,P2-G0,Canonical base asset
repo_b,backend/app/api/v1/endpoints/multi_location.py,fcd3f4b9cf4bc038bb08c0182b8383d1aa1a259ebce052f73d4f09b73949dbef,backend/app/api/v1/endpoints/multi_location.py,keep,Integration Architect,P2-G0,Canonical base asset
repo_b,backend/app/api/v1/endpoints/predict.py,aa3b53d773225a96c4f330561fd3fd6d282aef9170da75c8b1c9015ef5bbb88a,backend/app/api/v1/endpoints/predict.py,keep,Integration Architect,P2-G0,Canonical base asset
repo_b,backend/app/api/v1/endpoints/provenance.py,846288d8ee94c2bc6ecb25ccf0515cfb7c5c45f3969fce59329753f496c5d923,backend/app/api/v1/endpoints/provenance.py,keep,Integration Architect,P2-G0,Canonical base asset
repo_b,backend/app/api/v1/endpoints/review.py,dee1955f1f4ad3910a9865925a3da8d9fe85ce7dab596ee9b4f827c40564aa13,backend/app/api/v1/endpoints/review.py,keep,Integration Architect,P2-G0,Canonical base asset
repo_b,backend/app/api/v1/endpoints/risk_map.py,57aa7a43add67b79d79e7d385752c9d6302746aa5c556078d815ee1851a7d66f,backend/app/api/v1/endpoints/risk_map.py,keep,Integration Architect,P2-G0,Canonical base asset
repo_b,backend/app/api/v1/endpoints/__init__.py,bcce303afd73944ed542c336a3efb890215b481c4408018a5c1df368b203c4a6,backend/app/api/v1/endpoints/__init__.py,keep,Integration Architect,P2-G0,Canonical base asset
repo_b,backend/app/api/v1/endpoints/__pycache__/analogs.cpython-310.pyc,1e8e31404d701aecc6d2099b4cfc829fc00f97c24b1c1f66dfe73c331cbebfa8,backend/app/api/v1/endpoints/__pycache__/analogs.cpython-310.pyc,keep,Integration Architect,P2-G0,Canonical base asset
repo_b,backend/app/api/v1/endpoints/__pycache__/dashboard.cpython-310.pyc,6fdd3483162849b3e7f28f97c102ecfa1089273edde69ad4c2e719ea98c9caf1,backend/app/api/v1/endpoints/__pycache__/dashboard.cpython-310.pyc,keep,Integration Architect,P2-G0,Canonical base asset
repo_b,backend/app/api/v1/endpoints/__pycache__/evaluation.cpython-310.pyc,960bc8aeb0b50906da1d8bf992998d8a0232bfe208aafb5112594e3486853b21,backend/app/api/v1/endpoints/__pycache__/evaluation.cpython-310.pyc,keep,Integration Architect,P2-G0,Canonical base asset
repo_b,backend/app/api/v1/endpoints/__pycache__/explanation.cpython-310.pyc,6e6a7a7bbacb79b1d8e41da040ef7b640db42e18c301f763b2c685f78b9882af,backend/app/api/v1/endpoints/__pycache__/explanation.cpython-310.pyc,keep,Integration Architect,P2-G0,Canonical base asset
repo_b,backend/app/api/v1/endpoints/__pycache__/export.cpython-310.pyc,2ea47b26b1b5303f03bd28a7f6c6464f1caecbad64bc735c4c373070bec3e2c5,backend/app/api/v1/endpoints/__pycache__/export.cpython-310.pyc,keep,Integration Architect,P2-G0,Canonical base asset
repo_b,backend/app/api/v1/endpoints/__pycache__/forecasts.cpython-310.pyc,1b3273d056c4de9efeaa9ab8d703743be70e48f901e9efbed89fda3b483ade3b,backend/app/api/v1/endpoints/__pycache__/forecasts.cpython-310.pyc,keep,Integration Architect,P2-G0,Canonical base asset
repo_b,backend/app/api/v1/endpoints/__pycache__/hazard.cpython-310.pyc,64529474ad9d8248cca825cd49cc48b553feb234773b45aa88006aeb38aacdaf,backend/app/api/v1/endpoints/__pycache__/hazard.cpython-310.pyc,keep,Integration Architect,P2-G0,Canonical base asset
repo_b,backend/app/api/v1/endpoints/__pycache__/health.cpython-310.pyc,5fa90e8b64618ca72bd96844cdb73066c5b61bf405f5f28c1277f645521727ef,backend/app/api/v1/endpoints/__pycache__/health.cpython-310.pyc,keep,Integration Architect,P2-G0,Canonical base asset
repo_b,backend/app/api/v1/endpoints/__pycache__/metadata.cpython-310.pyc,f3c0ce44ac0461abe10aa06eb472929236e8fac287c197071734bccc1b472dfd,backend/app/api/v1/endpoints/__pycache__/metadata.cpython-310.pyc,keep,Integration Architect,P2-G0,Canonical base asset
repo_b,backend/app/api/v1/endpoints/__pycache__/metrics.cpython-310.pyc,621d1e7a6e5b16981040b8f89c42fec9caa49db1548666a51f30a76205339e53,backend/app/api/v1/endpoints/__pycache__/metrics.cpython-310.pyc,keep,Integration Architect,P2-G0,Canonical base asset
repo_b,backend/app/api/v1/endpoints/__pycache__/models.cpython-310.pyc,113ca3f24124d8dd5496edbb0f6b0c50106b504273ca2fcc968d90087247d816,backend/app/api/v1/endpoints/__pycache__/models.cpython-310.pyc,keep,Integration Architect,P2-G0,Canonical base asset
repo_b,backend/app/api/v1/endpoints/__pycache__/multi_location.cpython-310.pyc,6d7510d6b6a3989cf56a9cc2c7130be2f9eff293d4ad06460072c10bb9fd015f,backend/app/api/v1/endpoints/__pycache__/multi_location.cpython-310.pyc,keep,Integration Architect,P2-G0,Canonical base asset
repo_b,backend/app/api/v1/endpoints/__pycache__/predict.cpython-310.pyc,e58159632451f540240a33299be36ef9df4532f24ebfd0f3b1e20c98a6b490a9,backend/app/api/v1/endpoints/__pycache__/predict.cpython-310.pyc,keep,Integration Architect,P2-G0,Canonical base asset
repo_b,backend/app/api/v1/endpoints/__pycache__/provenance.cpython-310.pyc,9d0ad977b544fd349f7b8dc62cae63f6559b3462dc78ba48b41b313aa630c604,backend/app/api/v1/endpoints/__pycache__/provenance.cpython-310.pyc,keep,Integration Architect,P2-G0,Canonical base asset
repo_b,backend/app/api/v1/endpoints/__pycache__/review.cpython-310.pyc,6b2e9f3a3b22879d35c42f341467d7dfa3e47e7c7a600bc1aaf66a7a0945fa5a,backend/app/api/v1/endpoints/__pycache__/review.cpython-310.pyc,keep,Integration Architect,P2-G0,Canonical base asset
repo_b,backend/app/api/v1/endpoints/__pycache__/risk_map.cpython-310.pyc,9750f9646824b7283f18d07b891c11be8d14af0e862d1bda53514dac63d32ed5,backend/app/api/v1/endpoints/__pycache__/risk_map.cpython-310.pyc,keep,Integration Architect,P2-G0,Canonical base asset
repo_b,backend/app/api/v1/endpoints/__pycache__/__init__.cpython-310.pyc,260969590a3c5b7d8a5060c58a8cfd3a7644f55ebf11ea9da8e5a4d86e809fe6,backend/app/api/v1/endpoints/__pycache__/__init__.cpython-310.pyc,keep,Integration Architect,P2-G0,Canonical base asset
repo_b,backend/app/api/v1/__pycache__/router.cpython-310.pyc,a5187b9aa87530ca3fb6f2b60d001831aa1b05f2f0dfa1883c6c17eed5f0a0eb,backend/app/api/v1/__pycache__/router.cpython-310.pyc,keep,Integration Architect,P2-G0,Canonical base asset
repo_b,backend/app/api/v1/__pycache__/__init__.cpython-310.pyc,1176a50bf9ebb4d016f9dffe03031b27197971b41e77b677d47c84bffb20cca0,backend/app/api/v1/__pycache__/__init__.cpython-310.pyc,keep,Integration Architect,P2-G0,Canonical base asset
repo_b,backend/app/api/__pycache__/__init__.cpython-310.pyc,c992ff1f9025823f21eecd9fdc471f7e16efdad8df98a47e6b466ede968b77e6,backend/app/api/__pycache__/__init__.cpython-310.pyc,keep,Integration Architect,P2-G0,Canonical base asset
repo_b,backend/app/builder2/abstention_policy.py,f7b03faf2c56b5c223bbdc603ad22fcad396749341724abe82f70f8689a80b0b,backend/app/builder2/abstention_policy.py,keep,Integration Architect,P2-G0,Canonical base asset
repo_b,backend/app/builder2/builder_parity_adapter.py,cc4ab85cea3f7cf1559061fd32637e2e9a5901239f7240873c8407bd04090982,backend/app/builder2/builder_parity_adapter.py,keep,Integration Architect,P2-G0,Canonical base asset
repo_b,backend/app/builder2/calibrator.py,d65424858a9a6045a44ad9054c37875aeaf6b40c3bb04e68997f5ad17418cbaf,backend/app/builder2/calibrator.py,keep,Integration Architect,P2-G0,Canonical base asset
repo_b,backend/app/builder2/common_mode_detector.py,e99d46595975dd780799619108e0752b262a3efcd7488ff6dab1c3953da24a9d,backend/app/builder2/common_mode_detector.py,keep,Integration Architect,P2-G0,Canonical base asset
repo_b,backend/app/builder2/compound_hazard_engine.py,1327d536305fd6eafe11ed146ac6851c6a6718818f773c47e9f5388377f794d6,backend/app/builder2/compound_hazard_engine.py,quarantine_experimental,Integration Architect,P6-G8,Keep as experimental module; do not promote without empirical dataset
repo_b,backend/app/builder2/conditional_calibration_engine.py,e6e6bbdb00a44e4dc45e062f7cf2e4ff7073f740297928edb8e23c55fec4a17d,backend/app/builder2/conditional_calibration_engine.py,keep,Integration Architect,P2-G0,Canonical base asset
repo_b,backend/app/builder2/counterfactual_engine.py,c4a3364a8f5b72cf54f9c47fb54f623baf28f54a1653da00b7cc1709809b6668,backend/app/builder2/counterfactual_engine.py,keep,Integration Architect,P2-G0,Canonical base asset
repo_b,backend/app/builder2/cross_system_transfer_engine.py,681c1ec24d72c1dc99b0ae69f02954097de0305beab898e5d6e14bcea91148d4,backend/app/builder2/cross_system_transfer_engine.py,keep,Integration Architect,P2-G0,Canonical base asset
repo_b,backend/app/builder2/cyclone_specialist.py,5c2a164e0b21f0b27b5b6a91d9b9f15d3f94904f7b7f2d031dd7e2716732810b,backend/app/builder2/cyclone_specialist.py,quarantine_experimental,Integration Architect,P6-G8,Keep as experimental module; do not promote without empirical dataset
repo_b,backend/app/builder2/digital_twin_engine.py,97c9baf0277ae4356baf2a39348b0b93cc98adbd418341237d6ac706d82fecc1,backend/app/builder2/digital_twin_engine.py,keep,Integration Architect,P2-G0,Canonical base asset
repo_b,backend/app/builder2/evidence_graph_engine.py,e814e5cfcf826c9e4a0a90329fa96a9d1472691f3a81b470755097e9039411f9,backend/app/builder2/evidence_graph_engine.py,keep,Integration Architect,P2-G0,Canonical base asset
repo_b,backend/app/builder2/explainer.py,b8565b231a8fef5c487b4b2e5fc49e83adf0225dbbf685901632f89f19c5826e,backend/app/builder2/explainer.py,keep,Integration Architect,P2-G0,Canonical base asset
repo_b,backend/app/builder2/failure_memory.py,fafbf11b5bc37ec809ba87b9d51ceee6f54de4f3da1a63db3ef4942f94664943,backend/app/builder2/failure_memory.py,keep,Integration Architect,P2-G0,Canonical base asset
repo_b,backend/app/builder2/failure_motifs.py,55838a76d6a4ca2a195f993269093600e395357d919feb0371a60a63fa052aac,backend/app/builder2/failure_motifs.py,keep,Integration Architect,P2-G0,Canonical base asset
repo_b,backend/app/builder2/feature_adapter.py,4e4efa84b028b219686b639de6ac38472497ca8e5e2cd016a2199dd757c8596e,backend/app/builder2/feature_adapter.py,keep,Integration Architect,P2-G0,Canonical base asset
repo_b,backend/app/builder2/feature_pipeline.py,cf111a2d20f602c7b6225bfe4920d7238f6d19661b8382e2a7ce1720696ab161,backend/app/builder2/feature_pipeline.py,keep,Integration Architect,P2-G0,Canonical base asset
repo_b,backend/app/builder2/frontier_engine.py,3a54c0d7565b0a5178739ca222994b16ada8d69926f37b2b36e037b13ec067ee,backend/app/builder2/frontier_engine.py,keep,Integration Architect,P2-G0,Canonical base asset
repo_b,backend/app/builder2/hazard_engine.py,6e461d0ac156f56b4206ae9af131dd1812c2d67a260eb812ccf19479d52345f4,backend/app/builder2/hazard_engine.py,keep,Integration Architect,P2-G0,Canonical base asset
repo_b,backend/app/builder2/heatwave_specialist.py,002359cca0c02e8377363311ea3bf4b6cfea99a48d1f27d5f083e3b4bfb656a7,backend/app/builder2/heatwave_specialist.py,quarantine_experimental,Integration Architect,P6-G8,Keep as experimental module; do not promote without empirical dataset
repo_b,backend/app/builder2/independent_truth_audit.py,616c0001ee81df1d30a027ddbc8543458cb2ac505d5bc16186f929550fe7c8dc,backend/app/builder2/independent_truth_audit.py,keep,Integration Architect,P2-G0,Canonical base asset
repo_b,backend/app/builder2/instability_feature_pipeline.py,09303fad5b0496bdd662ef814207300c6bf8ac7fa5f37f1379f7112566bcb9c0,backend/app/builder2/instability_feature_pipeline.py,keep,Integration Architect,P2-G0,Canonical base asset
repo_b,backend/app/builder2/instability_fingerprint.py,0bb36e2f61fee57328393954eb888d7ddb2694b1592b2daaf1ad99b7c40752f2,backend/app/builder2/instability_fingerprint.py,keep,Integration Architect,P2-G0,Canonical base asset
repo_b,backend/app/builder2/label_engine.py,b0dc30269f4ef674bc70f7035a0346e7eee9666aecba9b423e72197e27f89ba2,backend/app/builder2/label_engine.py,keep,Integration Architect,P2-G0,Canonical base asset
repo_b,backend/app/builder2/location_service.py,9d96cfc1007b8150f27e9d9110fe2d90cbe29278e2966f19242f6ac819911613,backend/app/builder2/location_service.py,keep,Integration Architect,P2-G0,Canonical base asset
repo_b,backend/app/builder2/model_adapter.py,c04f07f63fd01011f1d49c3f282bccfd8dcb3fb77b7c9503b919275135b1d382,backend/app/builder2/model_adapter.py,keep,Integration Architect,P2-G0,Canonical base asset
repo_b,backend/app/builder2/model_service.py,4830d906d7cede0c437088fd2145cae37c8b9eb9820bce7c9c4d408154619cc2,backend/app/builder2/model_service.py,keep,Integration Architect,P2-G0,Canonical base asset
repo_b,backend/app/builder2/monsoon_specialist.py,79e0082bf59a5f4f41cacf157b9a2a33b1ef08de5dbc1b378a039ff9ccbd57e9,backend/app/builder2/monsoon_specialist.py,quarantine_experimental,Integration Architect,P6-G8,Keep as experimental module; do not promote without empirical dataset
repo_b,backend/app/builder2/precipitation_specialist.py,b20bc412b0eae4b57ec71e4bfae992441db46265957495fec4600f0e7dd41609,backend/app/builder2/precipitation_specialist.py,quarantine_experimental,Integration Architect,P6-G8,Keep as experimental module; do not promote without empirical dataset
repo_b,backend/app/builder2/schemas.py,740f7494520ed2b5abf9cd0b86bae8bc0e58ed0ab354f187a29c82de0ac064c2,backend/app/builder2/schemas.py,keep,Integration Architect,P2-G0,Canonical base asset
repo_b,backend/app/builder2/spatial_reliability_engine.py,3a9bcc494ffbbb27239497564b918191034f125e44fc6c84033e642f798c0f86,backend/app/builder2/spatial_reliability_engine.py,quarantine_experimental,Integration Architect,P6-G8,Keep as experimental module; do not promote without empirical dataset
repo_b,backend/app/builder2/tree_classifier.py,e9874b1556ca393b675ab38222236309cb7b2c7d5036ce1a6f25e5c4824ddbcb,backend/app/builder2/tree_classifier.py,keep,Integration Architect,P2-G0,Canonical base asset
repo_b,backend/app/builder2/v3_feature_adapter.py,7fb5a3017731ba6aa4cb3afdfc4fa9973e1fbaa5c1003253ac31a0f2354cae31,backend/app/builder2/v3_feature_adapter.py,keep,Integration Architect,P2-G0,Canonical base asset
repo_b,backend/app/builder2/v3_feature_pipeline.py,c20177199d08fde3e9166dc5c9adddf32cafb4d6b82049a7d06044828d53cc26,backend/app/builder2/v3_feature_pipeline.py,keep,Integration Architect,P2-G0,Canonical base asset
repo_b,backend/app/builder2/v3_model_adapter.py,ab99568be76e2501de2dd94ae7ec76ce7df8e15cbf2d5f495e0ac6eeb4698eb2,backend/app/builder2/v3_model_adapter.py,keep,Integration Architect,P2-G0,Canonical base asset
repo_b,backend/app/builder2/weather_adapter.py,e89d22ade8dbae9e98aec4ee2488f6a84882fb41d94b0acb728c689662dbd866,backend/app/builder2/weather_adapter.py,keep,Integration Architect,P2-G0,Canonical base asset
repo_b,backend/app/builder2/western_disturbance_specialist.py,39f0bedd456b90d902f7a8a9eb6e19e7d4a09ae8c8b339f11a34c75903083815,backend/app/builder2/western_disturbance_specialist.py,quarantine_experimental,Integration Architect,P6-G8,Keep as experimental module; do not promote without empirical dataset
repo_b,backend/app/builder2/__init__.py,71d2f6bd7fb51a589f4b402c9a5a346f288bcc5e808a3e055abf37db794455be,backend/app/builder2/__init__.py,keep,Integration Architect,P2-G0,Canonical base asset
repo_b,backend/app/builder2/__pycache__/abstention_policy.cpython-310.pyc,e67321cc75089363e0b34a2ac3ef749eaa751086aa456fb70191bae08f69211a,backend/app/builder2/__pycache__/abstention_policy.cpython-310.pyc,keep,Integration Architect,P2-G0,Canonical base asset
repo_b,backend/app/builder2/__pycache__/builder_parity_adapter.cpython-310.pyc,f21f1aa4c632e7b79cb85965696c61b1e16264b3dee772cdbf5f242d03d3542c,backend/app/builder2/__pycache__/builder_parity_adapter.cpython-310.pyc,keep,Integration Architect,P2-G0,Canonical base asset
repo_b,backend/app/builder2/__pycache__/calibrator.cpython-310.pyc,3573b9d7bcb6424667003f41b2d48f084b1e0621b42eed8de0de30eb1b874dd2,backend/app/builder2/__pycache__/calibrator.cpython-310.pyc,keep,Integration Architect,P2-G0,Canonical base asset
repo_b,backend/app/builder2/__pycache__/common_mode_detector.cpython-310.pyc,cb43cd96bd9edbd6d234915cb538daa676474faee7b370ffc795e3f73dfef0b3,backend/app/builder2/__pycache__/common_mode_detector.cpython-310.pyc,keep,Integration Architect,P2-G0,Canonical base asset
repo_b,backend/app/builder2/__pycache__/compound_hazard_engine.cpython-310.pyc,20d35cb953055a8d702697c368117449cd357fcf33e40696a12504199580643c,backend/app/builder2/__pycache__/compound_hazard_engine.cpython-310.pyc,quarantine_experimental,Integration Architect,P6-G8,Keep as experimental module; do not promote without empirical dataset
repo_b,backend/app/builder2/__pycache__/conditional_calibration_engine.cpython-310.pyc,757c3508e55d97a30cb1321014c3f56f4dd85e06b216954df814d064394d1845,backend/app/builder2/__pycache__/conditional_calibration_engine.cpython-310.pyc,keep,Integration Architect,P2-G0,Canonical base asset
repo_b,backend/app/builder2/__pycache__/counterfactual_engine.cpython-310.pyc,c7841eb37199e2681415d182af1aa4364cde17a86285d8ddbc90ef37421b2593,backend/app/builder2/__pycache__/counterfactual_engine.cpython-310.pyc,keep,Integration Architect,P2-G0,Canonical base asset
repo_b,backend/app/builder2/__pycache__/cross_system_transfer_engine.cpython-310.pyc,2e22a848b5835bd5676cdbe556343390a36e5d2f29555bedefd2f0d258df4302,backend/app/builder2/__pycache__/cross_system_transfer_engine.cpython-310.pyc,keep,Integration Architect,P2-G0,Canonical base asset
repo_b,backend/app/builder2/__pycache__/cyclone_specialist.cpython-310.pyc,161ef07e769326aaf9465c2e8c4565fef57856a0c7ac3a128e8a967c80043ff0,backend/app/builder2/__pycache__/cyclone_specialist.cpython-310.pyc,quarantine_experimental,Integration Architect,P6-G8,Keep as experimental module; do not promote without empirical dataset
repo_b,backend/app/builder2/__pycache__/digital_twin_engine.cpython-310.pyc,60de85b1f3e0842ce7f486e9aa2fa2593fa13d3afa66626f4ec1e00bc341088c,backend/app/builder2/__pycache__/digital_twin_engine.cpython-310.pyc,keep,Integration Architect,P2-G0,Canonical base asset
repo_b,backend/app/builder2/__pycache__/evidence_graph_engine.cpython-310.pyc,c3013b9bca0c20edda3d5c31821bfbc6f3a59e1fc0a9d81df01fb02931d0c42e,backend/app/builder2/__pycache__/evidence_graph_engine.cpython-310.pyc,keep,Integration Architect,P2-G0,Canonical base asset
repo_b,backend/app/builder2/__pycache__/explainer.cpython-310.pyc,e77385a4b049992eaf962397373fa819bf504454de7d4634584929f17477a4cd,backend/app/builder2/__pycache__/explainer.cpython-310.pyc,keep,Integration Architect,P2-G0,Canonical base asset
repo_b,backend/app/builder2/__pycache__/failure_memory.cpython-310.pyc,35805d86b6f72e58b9332e18406f6c82d67a3fb89c6145e842764d372cfbd56c,backend/app/builder2/__pycache__/failure_memory.cpython-310.pyc,keep,Integration Architect,P2-G0,Canonical base asset
repo_b,backend/app/builder2/__pycache__/failure_motifs.cpython-310.pyc,6f477dffbb762d941a153ec78104d86eaa210215d38cb8cdafe2bff5615c3a84,backend/app/builder2/__pycache__/failure_motifs.cpython-310.pyc,keep,Integration Architect,P2-G0,Canonical base asset
repo_b,backend/app/builder2/__pycache__/feature_adapter.cpython-310.pyc,7577475e2feb0b13afbd2abb66f6cf0608fe9cd8789df5d87581a5c0ab861d88,backend/app/builder2/__pycache__/feature_adapter.cpython-310.pyc,keep,Integration Architect,P2-G0,Canonical base asset
repo_b,backend/app/builder2/__pycache__/feature_pipeline.cpython-310.pyc,03dfd94d537d030562afd0276e0d6273a7401f69ad623c6b1745d3e2da278067,backend/app/builder2/__pycache__/feature_pipeline.cpython-310.pyc,keep,Integration Architect,P2-G0,Canonical base asset
repo_b,backend/app/builder2/__pycache__/frontier_engine.cpython-310.pyc,ff11b4e1ca3d5ce67fef06072873cc4084a65c8186664b2b2613a414e0cb6817,backend/app/builder2/__pycache__/frontier_engine.cpython-310.pyc,keep,Integration Architect,P2-G0,Canonical base asset
repo_b,backend/app/builder2/__pycache__/hazard_engine.cpython-310.pyc,560cbf1f468c08af09785eab17523bf5d4e0d93350729237bbbc081d123ee102,backend/app/builder2/__pycache__/hazard_engine.cpython-310.pyc,keep,Integration Architect,P2-G0,Canonical base asset
repo_b,backend/app/builder2/__pycache__/heatwave_specialist.cpython-310.pyc,eef92c59b87035ca2fe7dc1d139912f887683bc4a29d500a6fe42b1866bfd4bb,backend/app/builder2/__pycache__/heatwave_specialist.cpython-310.pyc,quarantine_experimental,Integration Architect,P6-G8,Keep as experimental module; do not promote without empirical dataset
repo_b,backend/app/builder2/__pycache__/independent_truth_audit.cpython-310.pyc,42d6289434ecb3f2dcaa625be8f3bfac877849f11b0d660cfe202e43652876f4,backend/app/builder2/__pycache__/independent_truth_audit.cpython-310.pyc,keep,Integration Architect,P2-G0,Canonical base asset
repo_b,backend/app/builder2/__pycache__/instability_fingerprint.cpython-310.pyc,4612f561aae0c1d6a701e4f4c990dde08822d84a81232d9d94515d5e7d922130,backend/app/builder2/__pycache__/instability_fingerprint.cpython-310.pyc,keep,Integration Architect,P2-G0,Canonical base asset
repo_b,backend/app/builder2/__pycache__/label_engine.cpython-310.pyc,8dc586fa9269012f6f44d711c22c4a30af0b3091d8aaac1078d13f51fa80f993,backend/app/builder2/__pycache__/label_engine.cpython-310.pyc,keep,Integration Architect,P2-G0,Canonical base asset
repo_b,backend/app/builder2/__pycache__/model_adapter.cpython-310.pyc,4ff50092fe401f45dafd0709f1ab1a3018e95a85d66b1070d59b862edb37ef0b,backend/app/builder2/__pycache__/model_adapter.cpython-310.pyc,keep,Integration Architect,P2-G0,Canonical base asset
repo_b,backend/app/builder2/__pycache__/model_service.cpython-310.pyc,09f82ed4071c63a4642f02f81454d66e6eeb0cfd355ad6d7d868892bee656769,backend/app/builder2/__pycache__/model_service.cpython-310.pyc,keep,Integration Architect,P2-G0,Canonical base asset
repo_b,backend/app/builder2/__pycache__/monsoon_specialist.cpython-310.pyc,bf0958d355a8706fde87d6d05e374f46f27aeabee47c12ab5cb0d7eff8a5ec9b,backend/app/builder2/__pycache__/monsoon_specialist.cpython-310.pyc,quarantine_experimental,Integration Architect,P6-G8,Keep as experimental module; do not promote without empirical dataset
repo_b,backend/app/builder2/__pycache__/precipitation_specialist.cpython-310.pyc,cd0b21da410415617a00ae1e4257af67485fe4f3c5cfdc3eb535d1d83d61b192,backend/app/builder2/__pycache__/precipitation_specialist.cpython-310.pyc,quarantine_experimental,Integration Architect,P6-G8,Keep as experimental module; do not promote without empirical dataset
repo_b,backend/app/builder2/__pycache__/schemas.cpython-310.pyc,082caf33034a5c846cc11ee5d926bf645c0aa60b8a076de13b9ac5eb5ecf1417,backend/app/builder2/__pycache__/schemas.cpython-310.pyc,keep,Integration Architect,P2-G0,Canonical base asset
repo_b,backend/app/builder2/__pycache__/spatial_reliability_engine.cpython-310.pyc,99033380bde22cc77722bbb00bef5b53d13fe9cf70f4d43688ef14e195fcd250,backend/app/builder2/__pycache__/spatial_reliability_engine.cpython-310.pyc,quarantine_experimental,Integration Architect,P6-G8,Keep as experimental module; do not promote without empirical dataset
repo_b,backend/app/builder2/__pycache__/tree_classifier.cpython-310.pyc,2a4609813aa65dbe1d0bdc7187a98192372bea1b5934cfcbe564193200118bf7,backend/app/builder2/__pycache__/tree_classifier.cpython-310.pyc,keep,Integration Architect,P2-G0,Canonical base asset
repo_b,backend/app/builder2/__pycache__/v3_feature_adapter.cpython-310.pyc,459b9c12871d0b31f2e0c44b756c3ff863bffacb698332b9ad1bebabf1992742,backend/app/builder2/__pycache__/v3_feature_adapter.cpython-310.pyc,keep,Integration Architect,P2-G0,Canonical base asset
repo_b,backend/app/builder2/__pycache__/v3_feature_pipeline.cpython-310.pyc,876aa2bbb7044a552b552ea1e3d44365074924fe64e1f3d4063c7efd708ebe90,backend/app/builder2/__pycache__/v3_feature_pipeline.cpython-310.pyc,keep,Integration Architect,P2-G0,Canonical base asset
repo_b,backend/app/builder2/__pycache__/v3_model_adapter.cpython-310.pyc,7a3f25d4d7162c81b8bfafa86b89f9e8b032b3e59d8df951bdd92b609ab1566a,backend/app/builder2/__pycache__/v3_model_adapter.cpython-310.pyc,keep,Integration Architect,P2-G0,Canonical base asset
repo_b,backend/app/builder2/__pycache__/weather_adapter.cpython-310.pyc,47c41ba50adbf8d0aa1f43e6cac04c5acf0abe66cea23d5b37b66d73b4b43879,backend/app/builder2/__pycache__/weather_adapter.cpython-310.pyc,keep,Integration Architect,P2-G0,Canonical base asset
repo_b,backend/app/builder2/__pycache__/western_disturbance_specialist.cpython-310.pyc,e0c37adfbf4aa4411a4823262947f19f4cc5a20f364c9380c2fb3a5365b60048,backend/app/builder2/__pycache__/western_disturbance_specialist.cpython-310.pyc,quarantine_experimental,Integration Architect,P6-G8,Keep as experimental module; do not promote without empirical dataset
repo_b,backend/app/builder2/__pycache__/__init__.cpython-310.pyc,62e617207f1faca18a2bf8aca33f4afff56020b512cefcbf8be616dd840c5415,backend/app/builder2/__pycache__/__init__.cpython-310.pyc,keep,Integration Architect,P2-G0,Canonical base asset
repo_b,backend/app/contracts/cyclone_contract.py,9110485ef2e3307804f37faa89063b896b75756eb610a8509d431e0a885b3c73,backend/app/contracts/cyclone_contract.py,keep,Integration Architect,P2-G0,Canonical base asset
repo_b,backend/app/contracts/hazard_contracts.py,899ffd2a923591bf08c61a62b502d463cec0a13dd32408ec842f73ef6238b46f,backend/app/contracts/hazard_contracts.py,keep,Integration Architect,P2-G0,Canonical base asset
repo_b,backend/app/contracts/heatwave_contract.py,240deb6a58c2af07dfc124a9da54428aac4f6cd6b87ef38e6b8a615b87694093,backend/app/contracts/heatwave_contract.py,keep,Integration Architect,P2-G0,Canonical base asset
repo_b,backend/app/contracts/monsoon_contract.py,f238a8450529f4a8ae56027924b7edf857cf856a6a90d6fe7ac3cb0268008318,backend/app/contracts/monsoon_contract.py,keep,Integration Architect,P2-G0,Canonical base asset
repo_b,backend/app/contracts/operational_watchlist_contract.py,ea9682b51e7eb08eb9c078152bccf21c3136b6919be6a779b8be7e88be8597c6,backend/app/contracts/operational_watchlist_contract.py,keep,Integration Architect,P2-G0,Canonical base asset
repo_b,backend/app/contracts/precipitation_contract.py,9c1ce2da809ce2bce07632c33f7d043761489d46474e654405fca7a2ec3e0914,backend/app/contracts/precipitation_contract.py,keep,Integration Architect,P2-G0,Canonical base asset
repo_b,backend/app/contracts/spatial_contract.py,123409e5915108a6053a6f804dc3c6dc4f546493dac1b83aa55c753ca35e5f03,backend/app/contracts/spatial_contract.py,keep,Integration Architect,P2-G0,Canonical base asset
repo_b,backend/app/contracts/western_disturbance_contract.py,fc99a82e3b05f26392b31189f8e9a6cc0fbdf0fa472153165cf0dcf439db2c37,backend/app/contracts/western_disturbance_contract.py,keep,Integration Architect,P2-G0,Canonical base asset
repo_b,backend/app/contracts/__pycache__/cyclone_contract.cpython-310.pyc,b790576c78fa5258b9e1a495be2ef88d479789db6212b5edd0eed2c0cd15f5d9,backend/app/contracts/__pycache__/cyclone_contract.cpython-310.pyc,keep,Integration Architect,P2-G0,Canonical base asset
repo_b,backend/app/contracts/__pycache__/hazard_contracts.cpython-310.pyc,22a95e65abcf620b9e4834ae4a590af265e6bac75d42fc590544544c89ed7347,backend/app/contracts/__pycache__/hazard_contracts.cpython-310.pyc,keep,Integration Architect,P2-G0,Canonical base asset
repo_b,backend/app/contracts/__pycache__/heatwave_contract.cpython-310.pyc,b36e12a9ae00669e11a70c39eddcfb9fee2a619505b42e9770bb1a6414bd1785,backend/app/contracts/__pycache__/heatwave_contract.cpython-310.pyc,keep,Integration Architect,P2-G0,Canonical base asset
repo_b,backend/app/contracts/__pycache__/monsoon_contract.cpython-310.pyc,bbb6b4c42ff2ef5297e1b74d95f3f8053914639d26bddfce2e598b2d0393e986,backend/app/contracts/__pycache__/monsoon_contract.cpython-310.pyc,keep,Integration Architect,P2-G0,Canonical base asset
repo_b,backend/app/contracts/__pycache__/operational_watchlist_contract.cpython-310.pyc,3a5f1e513937f1b26856b2d2de6b0f25ad92598bd85a50a7aa3a99076cbd95b9,backend/app/contracts/__pycache__/operational_watchlist_contract.cpython-310.pyc,keep,Integration Architect,P2-G0,Canonical base asset
repo_b,backend/app/contracts/__pycache__/precipitation_contract.cpython-310.pyc,dcf55c20dd97d04b69b5adde9f3795dd5232093bd2839fe65a673a82ec7ea5ae,backend/app/contracts/__pycache__/precipitation_contract.cpython-310.pyc,keep,Integration Architect,P2-G0,Canonical base asset
repo_b,backend/app/contracts/__pycache__/spatial_contract.cpython-310.pyc,53452926a707f54074b2f7b6ea84f9ebc501b2f44cf4c16a822a0506fdb0cfa4,backend/app/contracts/__pycache__/spatial_contract.cpython-310.pyc,keep,Integration Architect,P2-G0,Canonical base asset
repo_b,backend/app/contracts/__pycache__/western_disturbance_contract.cpython-310.pyc,b71469777321a8b89cff4f4a57a4ca466167d28adcfa3bffa411e82eb474771c,backend/app/contracts/__pycache__/western_disturbance_contract.cpython-310.pyc,keep,Integration Architect,P2-G0,Canonical base asset
repo_b,backend/app/core/audit_logger.py,d687b11b94d5267ded90881fee4b85a1d91e32b1755e0cf881113ecc2d1a8de3,backend/app/core/audit_logger.py,keep,Integration Architect,P2-G0,Canonical base asset
repo_b,backend/app/core/auth.py,b0c1db3a1563f85e6121da77af8b7f5aa929892d0cdce71a00047ed4aa97aa46,backend/app/core/auth.py,keep,Integration Architect,P2-G0,Canonical base asset
repo_b,backend/app/core/cache.py,56af96c9898961018f6cef772ebd23a576526bb4d4de0ca75cbd2bc3a9282cf9,backend/app/core/cache.py,keep,Integration Architect,P2-G0,Canonical base asset
repo_b,backend/app/core/config.py,284f9b91b6f4913435b8ddb8ea1253ee2527f8f610b856af9ab93d584a23fc4a,backend/app/core/config.py,keep,Integration Architect,P2-G0,Canonical base asset
repo_b,backend/app/core/error_handlers.py,7b37e48c1fb0a4b5fd16adcf942c550cfc794fef6d02114c3cc48d28e01a03ea,backend/app/core/error_handlers.py,keep,Integration Architect,P2-G0,Canonical base asset
repo_b,backend/app/core/http_retry.py,71e4d993332146a868286478a6f28adad704b24e853d6edf8d608c2bc6bc0202,backend/app/core/http_retry.py,keep,Integration Architect,P2-G0,Canonical base asset
repo_b,backend/app/core/metrics.py,ffa805f94b186114ba75f3c68c15500346aad747a1b7b47b219b7acf9bf13a5c,backend/app/core/metrics.py,keep,Integration Architect,P2-G0,Canonical base asset
repo_b,backend/app/core/middleware.py,d85e7fd4528501b2f975bd4d045d51717386972fbf0bf727adcc046babcd69cc,backend/app/core/middleware.py,keep,Integration Architect,P2-G0,Canonical base asset
repo_b,backend/app/core/rate_limiter.py,6d9661430d32ba44057f556b7c54a2a7abf24c8b982e39391e3968392d82e032,backend/app/core/rate_limiter.py,keep,Integration Architect,P2-G0,Canonical base asset
repo_b,backend/app/core/runtime_compat.py,011d8a29e1e1d84bd06ec5e20779a312ef1a859b2fcb6ff3af61a4ff66420fa5,backend/app/core/runtime_compat.py,keep,Integration Architect,P2-G0,Canonical base asset
repo_b,backend/app/core/__init__.py,3eb58774cbf95a45ee7f2168dce55ae413d27a2e3f073ad59ece0d2263f718b6,backend/app/core/__init__.py,keep,Integration Architect,P2-G0,Canonical base asset
repo_b,backend/app/core/__pycache__/audit_logger.cpython-310.pyc,ef85ad44ff7e9a4c6fbab47ccaec7a473e225ec9363b284b17d76d71d17b3a04,backend/app/core/__pycache__/audit_logger.cpython-310.pyc,keep,Integration Architect,P2-G0,Canonical base asset
repo_b,backend/app/core/__pycache__/auth.cpython-310.pyc,544998a48965f60a3e686cd7fe5b079419551b8b42a60c3a462174ecaae894a0,backend/app/core/__pycache__/auth.cpython-310.pyc,keep,Integration Architect,P2-G0,Canonical base asset
repo_b,backend/app/core/__pycache__/cache.cpython-310.pyc,c25060410f8538b266cd5718c13b3d9f6e03eaaabec3c47a9e69ec47792aa8b5,backend/app/core/__pycache__/cache.cpython-310.pyc,keep,Integration Architect,P2-G0,Canonical base asset
repo_b,backend/app/core/__pycache__/config.cpython-310.pyc,a87356e0b8f94425f61ee43a5181a01f138324656886696746fe3f024a43a388,backend/app/core/__pycache__/config.cpython-310.pyc,keep,Integration Architect,P2-G0,Canonical base asset
repo_b,backend/app/core/__pycache__/error_handlers.cpython-310.pyc,eda034943bc152a11f3aa72cec6c8e45eadd70afd3cce6befa531b84568f5688,backend/app/core/__pycache__/error_handlers.cpython-310.pyc,keep,Integration Architect,P2-G0,Canonical base asset
repo_b,backend/app/core/__pycache__/http_retry.cpython-310.pyc,25c2c6c316f1582262dff92db6f4343bde608bb117e7e84b4f3483bd8671a9c7,backend/app/core/__pycache__/http_retry.cpython-310.pyc,keep,Integration Architect,P2-G0,Canonical base asset
repo_b,backend/app/core/__pycache__/metrics.cpython-310.pyc,a8214d1eb8d2af4cf4d3717db6fe9d2f82b37f1bb58648a53fa674e0bb953771,backend/app/core/__pycache__/metrics.cpython-310.pyc,keep,Integration Architect,P2-G0,Canonical base asset
repo_b,backend/app/core/__pycache__/middleware.cpython-310.pyc,d4066e0aa16d7ac49b1d461027cf2826b798c59ebf207031ba8d1b7a820e5716,backend/app/core/__pycache__/middleware.cpython-310.pyc,keep,Integration Architect,P2-G0,Canonical base asset
repo_b,backend/app/core/__pycache__/rate_limiter.cpython-310.pyc,37f7967a71fc5c1925fea2078b67139b111161914994cb0c1acea5b31c17c208,backend/app/core/__pycache__/rate_limiter.cpython-310.pyc,keep,Integration Architect,P2-G0,Canonical base asset
repo_b,backend/app/core/__pycache__/runtime_compat.cpython-310.pyc,463d19abf5d7a52138383ec27b5cada326e1429d5bf3e0996c972885c80c7815,backend/app/core/__pycache__/runtime_compat.cpython-310.pyc,keep,Integration Architect,P2-G0,Canonical base asset
repo_b,backend/app/core/__pycache__/__init__.cpython-310.pyc,78b697123ae993e4f0daa137db42f64c2cd058dd653332ee2b63867836733687,backend/app/core/__pycache__/__init__.cpython-310.pyc,keep,Integration Architect,P2-G0,Canonical base asset
repo_b,backend/app/data/alignment.py,65a4881050a4dfe55f7279b342dd131668db1949852b2254198f2f120e80f763,backend/app/data/alignment.py,keep,Integration Architect,P2-G0,Canonical base asset
repo_b,backend/app/data/bust_labeling.py,edfd3f77c2fc796e51b70c8fa3da64c2a7042c3b4fc9e7da5092fe4d52a26eca,backend/app/data/bust_labeling.py,keep,Integration Architect,P2-G0,Canonical base asset
repo_b,backend/app/data/historical_pathway.py,f380ac614dd43275ef74f2e6aa4f9ec0c12847f817a90029edecc143a2f11a01,backend/app/data/historical_pathway.py,keep,Integration Architect,P2-G0,Canonical base asset
repo_b,backend/app/data/historical_qc.py,fee30c0d5cab796782b384cd6c045272ac1efae61917ef288e90fb490af8e681,backend/app/data/historical_qc.py,keep,Integration Architect,P2-G0,Canonical base asset
repo_b,backend/app/data/license_registry.py,0166eff30240f28f6c1486618acc589e7213d9ec5bcf0b9c2014497d863888ed,backend/app/data/license_registry.py,keep,Integration Architect,P2-G0,Canonical base asset
repo_b,backend/app/data/provenance_db.py,34d02b12bedcb99c55a8f4a48b96f705ab7cc16d895a22cf92216c1b866b4765,backend/app/data/provenance_db.py,keep,Integration Architect,P2-G0,Canonical base asset
repo_b,backend/app/data/qc.py,1d32ca804f4cce2995ca942cfa9f0e7770571de6c6c59bc624510392417be4d5,backend/app/data/qc.py,keep,Integration Architect,P2-G0,Canonical base asset
repo_b,backend/app/data/training_dataset.py,4fb26c809e10914e242909c634a9dba0e9a93e69519ba32ea2daaac10ca6fa1a,backend/app/data/training_dataset.py,keep,Integration Architect,P2-G0,Canonical base asset
repo_b,backend/app/data/unit_conversion.py,4c75da5869f4721c7184c1d2e443a80ffd4f6bff122dcdac458eac3a47761a62,backend/app/data/unit_conversion.py,keep,Integration Architect,P2-G0,Canonical base asset
repo_b,backend/app/data/weatherbench_adapter.py,5a7374976a3f23ea7e348a546a963f6de0af999fcf2ab1778e5fef82a34e6c98,backend/app/data/weatherbench_adapter.py,keep,Integration Architect,P2-G0,Canonical base asset
repo_b,backend/app/data/zarr_store.py,f2a81ce1c41693671327353e3bd6715f1ba9b8b36ae09d2f8b64200ed2f62b2e,backend/app/data/zarr_store.py,keep,Integration Architect,P2-G0,Canonical base asset
repo_b,backend/app/data/__init__.py,7e8a47524ac62ec37ef138186a2807a65d20e5ba03e56b8ee0a5932132bed0dd,backend/app/data/__init__.py,keep,Integration Architect,P2-G0,Canonical base asset
repo_b,backend/app/data/__pycache__/alignment.cpython-310.pyc,5ab85688b5d0acfe68834b7d1db2e46a7330b519ddae37b822e36b9e944ac1ba,backend/app/data/__pycache__/alignment.cpython-310.pyc,keep,Integration Architect,P2-G0,Canonical base asset
repo_b,backend/app/data/__pycache__/bust_labeling.cpython-310.pyc,ea295ab8845179d175ce4c2de7440960a4d847b95ca94afc518d99610ffb21e2,backend/app/data/__pycache__/bust_labeling.cpython-310.pyc,keep,Integration Architect,P2-G0,Canonical base asset
repo_b,backend/app/data/__pycache__/historical_pathway.cpython-310.pyc,0c0b72e7593b662886ef8a4314215a3515ef819627d22da58224042bea2dddea,backend/app/data/__pycache__/historical_pathway.cpython-310.pyc,keep,Integration Architect,P2-G0,Canonical base asset
repo_b,backend/app/data/__pycache__/historical_qc.cpython-310.pyc,2e94b3479bfa683615074690a45f36605e786436c45f38b3cebd6a4e829f58d9,backend/app/data/__pycache__/historical_qc.cpython-310.pyc,keep,Integration Architect,P2-G0,Canonical base asset
repo_b,backend/app/data/__pycache__/license_registry.cpython-310.pyc,96a6bd28bb15d76c92456c51fc0e231c571826021fc40394e11405c36a6c00b1,backend/app/data/__pycache__/license_registry.cpython-310.pyc,keep,Integration Architect,P2-G0,Canonical base asset
repo_b,backend/app/data/__pycache__/provenance_db.cpython-310.pyc,8eedfb2ad845f738102498f7e6e1440b84ed11b741c7d67584725c599f3f4afd,backend/app/data/__pycache__/provenance_db.cpython-310.pyc,keep,Integration Architect,P2-G0,Canonical base asset
repo_b,backend/app/data/__pycache__/qc.cpython-310.pyc,5e31a3afed9f105d4545e5232b2ddbd2e7f097e8b3ffb6bbe88b46452e0364fa,backend/app/data/__pycache__/qc.cpython-310.pyc,keep,Integration Architect,P2-G0,Canonical base asset
repo_b,backend/app/data/__pycache__/training_dataset.cpython-310.pyc,4a03bb44e53602c5b31473661a825bd99f24882c3f6fed93b9b6153e80eb34d8,backend/app/data/__pycache__/training_dataset.cpython-310.pyc,keep,Integration Architect,P2-G0,Canonical base asset
repo_b,backend/app/data/__pycache__/unit_conversion.cpython-310.pyc,91d45b9bc571b08869e36e0d6877d749636b680e7ab3bb274b6c221f224c92a9,backend/app/data/__pycache__/unit_conversion.cpython-310.pyc,keep,Integration Architect,P2-G0,Canonical base asset
repo_b,backend/app/data/__pycache__/weatherbench_adapter.cpython-310.pyc,56ae8ee3037fc029f30b05999692b7bed2304a4820fecadb26a73b0a8318c596,backend/app/data/__pycache__/weatherbench_adapter.cpython-310.pyc,keep,Integration Architect,P2-G0,Canonical base asset
repo_b,backend/app/data/__pycache__/zarr_store.cpython-310.pyc,a9bdd53735779bbf08d42ac7f4e62e4ce22cd828641b29bd8bae4e03f9be5886,backend/app/data/__pycache__/zarr_store.cpython-310.pyc,keep,Integration Architect,P2-G0,Canonical base asset
repo_b,backend/app/data/__pycache__/__init__.cpython-310.pyc,001d99c529147de8e8c831089789d27e4bd558e4d832950f3ed248281a08d525,backend/app/data/__pycache__/__init__.cpython-310.pyc,keep,Integration Architect,P2-G0,Canonical base asset
repo_b,backend/app/ml/artifacts.py,d78fbce63785f2866ef4ee97de2b3701ab4a2ffd4787af30528f73d43193c291,backend/app/ml/artifacts.py,keep,Integration Architect,P2-G0,Canonical base asset
repo_b,backend/app/ml/baseline_model.py,b0d04b1040e06ba5b5be24249e27d14b6937e3786526df37d9f0581f71920d3f,backend/app/ml/baseline_model.py,keep,Integration Architect,P2-G0,Canonical base asset
repo_b,backend/app/ml/conformal.py,37ae2e81eaa0b4388c7743ee26e1fc37aa5fe2b5516e3e153c54dad2b9562d1d,backend/app/ml/conformal.py,keep,Integration Architect,P2-G0,Canonical base asset
repo_b,backend/app/ml/evaluation.py,1e982f161667dc977034fdfd28b035c75c1380a9d23774b520a5b71d7b6811cd,backend/app/ml/evaluation.py,keep,Integration Architect,P2-G0,Canonical base asset
repo_b,backend/app/ml/evaluation_framework.py,a743c8aac722896b333a562b1afe590649822783ccb7f6e1f6b9a22a0c0144fe,backend/app/ml/evaluation_framework.py,keep,Integration Architect,P2-G0,Canonical base asset
repo_b,backend/app/ml/explanation_quality.py,8d43623280728072ca25789eb8dd99fd754ab237c80da023e86f4d1d45b4cc9e,backend/app/ml/explanation_quality.py,keep,Integration Architect,P2-G0,Canonical base asset
repo_b,backend/app/ml/features.py,fb55f07473ee0078e3b5a67e16daca44b0b2272af39e442e62515b8121fbd6fe,backend/app/ml/features.py,keep,Integration Architect,P2-G0,Canonical base asset
repo_b,backend/app/ml/feature_contract.py,c67190b9362fa49f3417ad49afeec4117a9b0ce6198d08cd992511c59be2506e,backend/app/ml/feature_contract.py,keep,Integration Architect,P2-G0,Canonical base asset
repo_b,backend/app/ml/label_engine.py,600b4b7c4c14b806c53ddcb38aa3d75684c36a37fb96075d93c217f0444d9db2,backend/app/ml/label_engine.py,keep,Integration Architect,P2-G0,Canonical base asset
repo_b,backend/app/ml/operational_burden.py,adc9fbbf656dc4686814b4a41503df92e159255a463be3dce977b9a3673218be,backend/app/ml/operational_burden.py,keep,Integration Architect,P2-G0,Canonical base asset
repo_b,backend/app/ml/regime_features.py,2ac07a38d016ad68173b818e246fb6c2f86db19743a43091e4a6e3d0b9ec48e6,backend/app/ml/regime_features.py,keep,Integration Architect,P2-G0,Canonical base asset
repo_b,backend/app/ml/spatial_labels.py,3c605a3f19d4b26d1c857a75ff5954fd7f198e8bbf826486ad8d646721430b05,backend/app/ml/spatial_labels.py,keep,Integration Architect,P2-G0,Canonical base asset
repo_b,backend/app/ml/spatial_metrics.py,e51c97b1ac19891a36f78c1f69a07ab4e116af02c43696d4248c63e10e60929a,backend/app/ml/spatial_metrics.py,keep,Integration Architect,P2-G0,Canonical base asset
repo_b,backend/app/ml/splitting.py,36fc3b3fcb44d670c984356b53069c57c9853e586ec4c3ed50ccfb7e706ae8f6,backend/app/ml/splitting.py,keep,Integration Architect,P2-G0,Canonical base asset
repo_b,backend/app/ml/stratified_eval.py,f8cdcb83a9c996bb33cf01fe176ed2f7ed4ce2341f5630672922bf6009ad66d0,backend/app/ml/stratified_eval.py,keep,Integration Architect,P2-G0,Canonical base asset
repo_b,backend/app/ml/__init__.py,87b92a069ce78f767920cd4bf410357e455fbba9e9bc28727080cddb0f12da66,backend/app/ml/__init__.py,keep,Integration Architect,P2-G0,Canonical base asset
repo_b,backend/app/ml/__pycache__/artifacts.cpython-310.pyc,03b2df222fe00dfba704569b978475304279ecc3ba24034a61bd1995431151d8,backend/app/ml/__pycache__/artifacts.cpython-310.pyc,keep,Integration Architect,P2-G0,Canonical base asset
repo_b,backend/app/ml/__pycache__/baseline_model.cpython-310.pyc,3d397af89bf81ef1a70b5357c3c341fab21ed4aa9066416139b09fb48e6c4010,backend/app/ml/__pycache__/baseline_model.cpython-310.pyc,keep,Integration Architect,P2-G0,Canonical base asset
repo_b,backend/app/ml/__pycache__/conformal.cpython-310.pyc,5f934981bb407437b27dcbec945a4ff60468ce4ab6fc73ceae92871364e87022,backend/app/ml/__pycache__/conformal.cpython-310.pyc,keep,Integration Architect,P2-G0,Canonical base asset
repo_b,backend/app/ml/__pycache__/evaluation.cpython-310.pyc,73dbb17fcef8b706972de42d3fd3c75bcd0cc7e43ea4b4530043c4e80d763551,backend/app/ml/__pycache__/evaluation.cpython-310.pyc,keep,Integration Architect,P2-G0,Canonical base asset
repo_b,backend/app/ml/__pycache__/evaluation_framework.cpython-310.pyc,80461af009c9e677951d677bdbf5a3a7a95a7910bf4fd98d24eda4fe36da25d8,backend/app/ml/__pycache__/evaluation_framework.cpython-310.pyc,keep,Integration Architect,P2-G0,Canonical base asset
repo_b,backend/app/ml/__pycache__/explanation_quality.cpython-310.pyc,27bb59126a7f078f517ecbf04c54632f9e66393863db8927b5d5b5dabc69ae05,backend/app/ml/__pycache__/explanation_quality.cpython-310.pyc,keep,Integration Architect,P2-G0,Canonical base asset
repo_b,backend/app/ml/__pycache__/features.cpython-310.pyc,f44819d44a86972f6d754ac954a7bdbc7e857c917f5ecfcba2f09dd79cd8c54f,backend/app/ml/__pycache__/features.cpython-310.pyc,keep,Integration Architect,P2-G0,Canonical base asset
repo_b,backend/app/ml/__pycache__/feature_contract.cpython-310.pyc,50711fb6a640bc88abd0c86e8c4ef4becaf5e5fbf1202575087ea0408227d1cd,backend/app/ml/__pycache__/feature_contract.cpython-310.pyc,keep,Integration Architect,P2-G0,Canonical base asset
repo_b,backend/app/ml/__pycache__/label_engine.cpython-310.pyc,da80fba85261cc2c00718ac6ef7c47a2211b2f946e7320822fc2c97162720c33,backend/app/ml/__pycache__/label_engine.cpython-310.pyc,keep,Integration Architect,P2-G0,Canonical base asset
repo_b,backend/app/ml/__pycache__/operational_burden.cpython-310.pyc,f3a073d58f944952ace1ad57de655f912eb9859eaa4ad5a14862aad3d89db7a1,backend/app/ml/__pycache__/operational_burden.cpython-310.pyc,keep,Integration Architect,P2-G0,Canonical base asset
repo_b,backend/app/ml/__pycache__/regime_features.cpython-310.pyc,728a0a438321e5feff40400c8c5bf060217cb742225fea2a64b0a37bb37c4814,backend/app/ml/__pycache__/regime_features.cpython-310.pyc,keep,Integration Architect,P2-G0,Canonical base asset
repo_b,backend/app/ml/__pycache__/spatial_labels.cpython-310.pyc,7da1e1fc280ca846285e13274403695b9b06aeae7def9ded00c0b72eda1cb25f,backend/app/ml/__pycache__/spatial_labels.cpython-310.pyc,keep,Integration Architect,P2-G0,Canonical base asset
repo_b,backend/app/ml/__pycache__/spatial_metrics.cpython-310.pyc,4cf55b26c5127909515106be9f5a8a43c669ba9c28070a50e0450a7d89068b0d,backend/app/ml/__pycache__/spatial_metrics.cpython-310.pyc,keep,Integration Architect,P2-G0,Canonical base asset
repo_b,backend/app/ml/__pycache__/splitting.cpython-310.pyc,7198990954c570f2e4065a53f792a0072250e9a15f8ef02cef697633d294609e,backend/app/ml/__pycache__/splitting.cpython-310.pyc,keep,Integration Architect,P2-G0,Canonical base asset
repo_b,backend/app/ml/__pycache__/stratified_eval.cpython-310.pyc,c4f6059d1f1936c82ff4e41292663aabe59ed38992b1ec96987af5a2146e8ea9,backend/app/ml/__pycache__/stratified_eval.cpython-310.pyc,keep,Integration Architect,P2-G0,Canonical base asset
repo_b,backend/app/ml/__pycache__/__init__.cpython-310.pyc,911861121e50b543d1e897adf670a2e5cee18b54d20750a5046afe987eaa0ebd,backend/app/ml/__pycache__/__init__.cpython-310.pyc,keep,Integration Architect,P2-G0,Canonical base asset
repo_b,backend/app/runtimes/libgomp.so.1,98b21ff32bb07b53f1fb266d887d2db0086ea66c8ad03696a1db53f65321cd94,backend/app/runtimes/libgomp.so.1,keep,Integration Architect,P2-G0,Canonical base asset
repo_b,backend/app/runtimes/LICENSE.txt,3b1e8d47d27ca358c75e08fab505c68a918d78c7ad353cc334688de54d641bb1,backend/app/runtimes/LICENSE.txt,keep,Integration Architect,P2-G0,Canonical base asset
repo_b,backend/app/safety/abstention.py,28ae7844d3f68d864954a417c0a5795c27558f8986af8a01c1d255a2ccf23187,backend/app/safety/abstention.py,keep,Integration Architect,P2-G0,Canonical base asset
repo_b,backend/app/safety/ood_detector.py,e0c286d3e90d264d28c66936e07d8933928cf05538c1274ac5df347466c33844,backend/app/safety/ood_detector.py,keep,Integration Architect,P2-G0,Canonical base asset
repo_b,backend/app/safety/ood_enforcement.py,37fef5d1f995f3e5d3b509493792915985e5347366e9933e55260c500a39cd14,backend/app/safety/ood_enforcement.py,keep,Integration Architect,P2-G0,Canonical base asset
repo_b,backend/app/safety/scope_enforcer.py,2f0297299252b55d93ca06e42e00f3faa92e5292ae2e55110cd202ca871cb155,backend/app/safety/scope_enforcer.py,keep,Integration Architect,P2-G0,Canonical base asset
repo_b,backend/app/safety/__init__.py,cd42f25d4151c5c33fe1a09c17e481758cb6c5aecd67a626242f7f6b993dfa94,backend/app/safety/__init__.py,keep,Integration Architect,P2-G0,Canonical base asset
repo_b,backend/app/safety/__pycache__/abstention.cpython-310.pyc,ec9253d9a6adaeb87ddd9d34bc3eba53ac66dabbe5fd57826920f9e5e4d88486,backend/app/safety/__pycache__/abstention.cpython-310.pyc,keep,Integration Architect,P2-G0,Canonical base asset
repo_b,backend/app/safety/__pycache__/ood_detector.cpython-310.pyc,0ac799cd501abb679d2bc34c34b5d061d221567f83ef470b5c2855c9c59de4fb,backend/app/safety/__pycache__/ood_detector.cpython-310.pyc,keep,Integration Architect,P2-G0,Canonical base asset
repo_b,backend/app/safety/__pycache__/ood_enforcement.cpython-310.pyc,2aef7e92af5af372ed959cde71ffd28d9f3857e40ca948d4be39229b018142ee,backend/app/safety/__pycache__/ood_enforcement.cpython-310.pyc,keep,Integration Architect,P2-G0,Canonical base asset
repo_b,backend/app/safety/__pycache__/scope_enforcer.cpython-310.pyc,24f7ecca71d769ddbb5cf1aec0e57d03b597cea3df64b0a3109f32c88cad61a4,backend/app/safety/__pycache__/scope_enforcer.cpython-310.pyc,keep,Integration Architect,P2-G0,Canonical base asset
repo_b,backend/app/safety/__pycache__/__init__.cpython-310.pyc,946efa7907ccf9aae544d078c4cacbe5f7691c00cc392341cb19646753a52b90,backend/app/safety/__pycache__/__init__.cpython-310.pyc,keep,Integration Architect,P2-G0,Canonical base asset
repo_b,backend/app/schemas/dashboard.py,ae9259ece0be58b564b9f07e3440c0083e7c60d61217f774d78d34fab9afd6bb,backend/app/schemas/dashboard.py,keep,Integration Architect,P2-G0,Canonical base asset
repo_b,backend/app/schemas/error_codes.py,840426a90a0ab6e91fb7247b34d6d18d784f78751ca373e15ae08f15f394f8a7,backend/app/schemas/error_codes.py,keep,Integration Architect,P2-G0,Canonical base asset
repo_b,backend/app/schemas/evaluation.py,6df77fbb70613df93926e666907851c6ace1e70d23a8819c48ef90e318bcc49b,backend/app/schemas/evaluation.py,keep,Integration Architect,P2-G0,Canonical base asset
repo_b,backend/app/schemas/evidence_provenance.py,cc3b97af3e286d8d00be6cb7564c24fb57c1eeef4f73ddfd593a0d625ae8c52e,backend/app/schemas/evidence_provenance.py,keep,Integration Architect,P2-G0,Canonical base asset
repo_b,backend/app/schemas/explainability.py,e8fe34640be4245ebef0c9a704705d3135d6a956a242437e3a4b366e487f49a0,backend/app/schemas/explainability.py,keep,Integration Architect,P2-G0,Canonical base asset
repo_b,backend/app/schemas/health.py,b2d5224a43bb76a679020e130a138c4884e0c72d005a740cb1776c80a3f4f05a,backend/app/schemas/health.py,keep,Integration Architect,P2-G0,Canonical base asset
repo_b,backend/app/schemas/historical.py,59ddb2396a5253183f2f36cbc1e26edc9b8a62353b7179560ab43d90a489f019,backend/app/schemas/historical.py,keep,Integration Architect,P2-G0,Canonical base asset
repo_b,backend/app/schemas/location.py,cad82afb5b19668ae8190a280867051740f12565f1c36010eb7925342873b39c,backend/app/schemas/location.py,keep,Integration Architect,P2-G0,Canonical base asset
repo_b,backend/app/schemas/model_integration.py,713e2f9ecf42150bc53a38fa26ae0a7d3772ea477ce248b59ab4724df3978622,backend/app/schemas/model_integration.py,keep,Integration Architect,P2-G0,Canonical base asset
repo_b,backend/app/schemas/multi_location.py,119440aeae6aa6377db42d14ff937af65f1cc8b55792072b5b97a0e28e6fcadb,backend/app/schemas/multi_location.py,keep,Integration Architect,P2-G0,Canonical base asset
repo_b,backend/app/schemas/prediction.py,5ce7524fcc69e1e6b1ba2cd0c5202af604a3795abb949f07d33c361bbe688e88,backend/app/schemas/prediction.py,keep,Integration Architect,P2-G0,Canonical base asset
repo_b,backend/app/schemas/prediction_envelope.py,161f9a5a50e6f4453fc8cc3d40ec297698c89b22b719eb419f1746ebad1154f9,backend/app/schemas/prediction_envelope.py,keep,Integration Architect,P2-G0,Canonical base asset
repo_b,backend/app/schemas/reference.py,282e18c4c6b5dab37631a3beeebf78ac642923bb36e2e7df5efc75b3f57fb6d9,backend/app/schemas/reference.py,keep,Integration Architect,P2-G0,Canonical base asset
repo_b,backend/app/schemas/reliability_state.py,3643663950dc8445243456b6066016e59a4556b7318e887f10311b503950333e,backend/app/schemas/reliability_state.py,keep,Integration Architect,P2-G0,Canonical base asset
repo_b,backend/app/schemas/risk_bands.py,c39da498fa9a92ecddd244a4e30c18d88557f4a5ea0d7cde36c37eac43def774,backend/app/schemas/risk_bands.py,keep,Integration Architect,P2-G0,Canonical base asset
repo_b,backend/app/schemas/weather.py,93d40723a451b01bac660f766971170ff799fe79a222d9772c2be63e5fba2628,backend/app/schemas/weather.py,keep,Integration Architect,P2-G0,Canonical base asset
repo_b,backend/app/schemas/__init__.py,398102cd73786b4ae90cb28656eb64ca0d2b2941d71a1166930d06932340b705,backend/app/schemas/__init__.py,keep,Integration Architect,P2-G0,Canonical base asset
repo_b,backend/app/schemas/__pycache__/dashboard.cpython-310.pyc,8ff4737a66f819577b359c33d96f7b6ffd3d11d8ce0216939fb5d6b6d3b54df8,backend/app/schemas/__pycache__/dashboard.cpython-310.pyc,keep,Integration Architect,P2-G0,Canonical base asset
repo_b,backend/app/schemas/__pycache__/error_codes.cpython-310.pyc,97ca7abc4477c5ba304a7e06ad0ab74eebf83f2d2fd50b66948c64bdac7ac62e,backend/app/schemas/__pycache__/error_codes.cpython-310.pyc,keep,Integration Architect,P2-G0,Canonical base asset
repo_b,backend/app/schemas/__pycache__/evaluation.cpython-310.pyc,7c1dc4f9074c1a6943404493e8f059ddb5ccb9bd3258064135d618e0a9fdd7d0,backend/app/schemas/__pycache__/evaluation.cpython-310.pyc,keep,Integration Architect,P2-G0,Canonical base asset
repo_b,backend/app/schemas/__pycache__/evidence_provenance.cpython-310.pyc,bcfb4887b4ad58dbe83261be12ce3e4d5c8ff8577702411a5161adbc11bf11f6,backend/app/schemas/__pycache__/evidence_provenance.cpython-310.pyc,keep,Integration Architect,P2-G0,Canonical base asset
repo_b,backend/app/schemas/__pycache__/explainability.cpython-310.pyc,3172a51169752eae6bb850e69c15df125c475a84af0bee8065976292f5383013,backend/app/schemas/__pycache__/explainability.cpython-310.pyc,keep,Integration Architect,P2-G0,Canonical base asset
repo_b,backend/app/schemas/__pycache__/health.cpython-310.pyc,7248fbe1663c480defaffe8716f3ca1ad29343ff9e2810af613f961279432a96,backend/app/schemas/__pycache__/health.cpython-310.pyc,keep,Integration Architect,P2-G0,Canonical base asset
repo_b,backend/app/schemas/__pycache__/historical.cpython-310.pyc,e2c1b2087ccbf1ca084d624b0b804ec7eccb217bd7610b5ed22c4103a5913a76,backend/app/schemas/__pycache__/historical.cpython-310.pyc,keep,Integration Architect,P2-G0,Canonical base asset
repo_b,backend/app/schemas/__pycache__/location.cpython-310.pyc,87026ea6106524abd5bae8f8b75233f55d071f14a4aac2dfeb71e430603fbf43,backend/app/schemas/__pycache__/location.cpython-310.pyc,keep,Integration Architect,P2-G0,Canonical base asset
repo_b,backend/app/schemas/__pycache__/model_integration.cpython-310.pyc,480f512afbcd616bcf4c2be9736abfdf2b3b41cc92e5a747ddcf44397ab4b54f,backend/app/schemas/__pycache__/model_integration.cpython-310.pyc,keep,Integration Architect,P2-G0,Canonical base asset
repo_b,backend/app/schemas/__pycache__/multi_location.cpython-310.pyc,1789216c8acebd69411f3dda3e693ae961d7474c42ea20c26ff725658d8d84c4,backend/app/schemas/__pycache__/multi_location.cpython-310.pyc,keep,Integration Architect,P2-G0,Canonical base asset
repo_b,backend/app/schemas/__pycache__/prediction.cpython-310.pyc,586b0a25684257f70b98cdc822e2a7c8ba6eeac76f8bfc1d5645aaf419f29be9,backend/app/schemas/__pycache__/prediction.cpython-310.pyc,keep,Integration Architect,P2-G0,Canonical base asset
repo_b,backend/app/schemas/__pycache__/prediction_envelope.cpython-310.pyc,d82614b59a5f9b0b8c69b22cce19f11958b57c48b5ff0c4f6088722a22115ecf,backend/app/schemas/__pycache__/prediction_envelope.cpython-310.pyc,keep,Integration Architect,P2-G0,Canonical base asset
repo_b,backend/app/schemas/__pycache__/reference.cpython-310.pyc,a63719bde5ec022ebc5189c853dda4de1206c73275b379fc5f00a803d1995060,backend/app/schemas/__pycache__/reference.cpython-310.pyc,keep,Integration Architect,P2-G0,Canonical base asset
repo_b,backend/app/schemas/__pycache__/reliability_state.cpython-310.pyc,9d1d29da22b26989c34e81f5001eb997edecc58608e0aac87939f5df7c5024a1,backend/app/schemas/__pycache__/reliability_state.cpython-310.pyc,keep,Integration Architect,P2-G0,Canonical base asset
repo_b,backend/app/schemas/__pycache__/risk_bands.cpython-310.pyc,72c8af2f35fa620fdb4596dc8e14359ba78343a100f07b0ffd7040f5d0adf56c,backend/app/schemas/__pycache__/risk_bands.cpython-310.pyc,keep,Integration Architect,P2-G0,Canonical base asset
repo_b,backend/app/schemas/__pycache__/weather.cpython-310.pyc,591accd60081df218a754619e03c105dc7d19bad6ef1064c7fe43cb515d51e69,backend/app/schemas/__pycache__/weather.cpython-310.pyc,keep,Integration Architect,P2-G0,Canonical base asset
repo_b,backend/app/schemas/__pycache__/__init__.cpython-310.pyc,36ef317520652ebdf4a79d6e90b049ef21a8f4f870907acd876a802a4b4364b9,backend/app/schemas/__pycache__/__init__.cpython-310.pyc,keep,Integration Architect,P2-G0,Canonical base asset
repo_b,backend/app/services/analog_service.py,e53e9b7ca2541da0a24feffda9a27a059e93fd09e59f43c62301eb7075e05554,backend/app/services/analog_service.py,keep,Integration Architect,P2-G0,Canonical base asset
repo_b,backend/app/services/base.py,97bedb9a83fe8b4477d6c3bd0a0cc71789a354930ccda1f1844cc4cd90c274aa,backend/app/services/base.py,keep,Integration Architect,P2-G0,Canonical base asset
repo_b,backend/app/services/dashboard_service.py,32945527042a9e4bda3f3325bfcb1904e899adea3b3ed8a853730ba8b65ebff8,backend/app/services/dashboard_service.py,keep,Integration Architect,P2-G0,Canonical base asset
repo_b,backend/app/services/drift_monitor.py,9374d018f1bfdd321643c51a0023856409b035720dacecf46d49a6a96c40737d,backend/app/services/drift_monitor.py,keep,Integration Architect,P2-G0,Canonical base asset
repo_b,backend/app/services/evaluation_service.py,2512f76abd6eb2b16662b1fae79d0d052af7a2a56ca6f4895a4654f84ddf4150,backend/app/services/evaluation_service.py,keep,Integration Architect,P2-G0,Canonical base asset
repo_b,backend/app/services/explainability_service.py,aae8dc890f2cb20735b3ba605cafee552d994e96ff4d9b8fde7f60409ba0c067,backend/app/services/explainability_service.py,keep,Integration Architect,P2-G0,Canonical base asset
repo_b,backend/app/services/fallback_service.py,a07ca33ecf75eb6c7f28cb77ea75a5109a9ed97782aa8fdc7aa5307e71752732,backend/app/services/fallback_service.py,keep,Integration Architect,P2-G0,Canonical base asset
repo_b,backend/app/services/feature_service.py,384768107bff6385912ca5011716528a1a321523be81275e151fb0da31f616d5,backend/app/services/feature_service.py,keep,Integration Architect,P2-G0,Canonical base asset
repo_b,backend/app/services/historical_service.py,7e2aa0ce6593772f8575321c78adc6ccea7d22fcbae248fdd4214b77a78d2a61,backend/app/services/historical_service.py,keep,Integration Architect,P2-G0,Canonical base asset
repo_b,backend/app/services/location_service.py,257caf012dff7310a6c65bda8514478f57a9094245a6b50e4f48b499db158a34,backend/app/services/location_service.py,keep,Integration Architect,P2-G0,Canonical base asset
repo_b,backend/app/services/model_integration_service.py,be8890c13391a3b0f5b3b89e3fb69c2a4dd5aa7bc1e09753f9beac64deb4f4d7,backend/app/services/model_integration_service.py,keep,Integration Architect,P2-G0,Canonical base asset
repo_b,backend/app/services/model_registry.py,0b7e3a9639bdaef50641ecb9399eabde690d9c6ba341ec55517017f249a07656,backend/app/services/model_registry.py,keep,Integration Architect,P2-G0,Canonical base asset
repo_b,backend/app/services/model_service.py,fbb74dc2994513eed1fd4e7d4a5be800e55ec3a98dec89b390ce636a36449a62,backend/app/services/model_service.py,keep,Integration Architect,P2-G0,Canonical base asset
repo_b,backend/app/services/multi_location_service.py,01cc0bafc7b267db3cb28d7e8ad8a666902740ac2e207ce016d1634f690fb279,backend/app/services/multi_location_service.py,keep,Integration Architect,P2-G0,Canonical base asset
repo_b,backend/app/services/openmeteo_service.py,55b5b0c454625c54db85f3658dca96dc43d9a4cb32764bc8e9ff7d6f91ea442e,backend/app/services/openmeteo_service.py,keep,Integration Architect,P2-G0,Canonical base asset
repo_b,backend/app/services/reference_service.py,1dd2ebc9f5da4fcd2bc2897a2e117fc3ef0825ea39644a70aa5dab9f616a8d5b,backend/app/services/reference_service.py,keep,Integration Architect,P2-G0,Canonical base asset
repo_b,backend/app/services/region_service.py,66d1b37e6d62738c69f28bd77bb9697bde0d644ec8dc613c7a21abb68dc19429,backend/app/services/region_service.py,keep,Integration Architect,P2-G0,Canonical base asset
repo_b,backend/app/services/shadow_scoring.py,d06c7ae161a4741b75931457bb7c006111a7da77e3e3247a961f99b382362008,backend/app/services/shadow_scoring.py,keep,Integration Architect,P2-G0,Canonical base asset
repo_b,backend/app/services/spatial_service.py,d9da407b1d21d65a6b63b4e1a8bbaa236f24483c050586f3202d389f6009008a,backend/app/services/spatial_service.py,keep,Integration Architect,P2-G0,Canonical base asset
repo_b,backend/app/services/weather_service.py,78ca165168f1d359810f836c4129413f403d45e49f9b9c27d07a7dbef689b8ab,backend/app/services/weather_service.py,keep,Integration Architect,P2-G0,Canonical base asset
repo_b,backend/app/services/__init__.py,2a2ee120a5ff426bd05e7f76a2d19348e2111c3a629e7205e8baba8bdf21ed0d,backend/app/services/__init__.py,keep,Integration Architect,P2-G0,Canonical base asset
repo_b,backend/app/services/__pycache__/analog_service.cpython-310.pyc,4e590dc9e0bd68f23df83376a916ac4f85d910ae461c110521099c5b843f69d4,backend/app/services/__pycache__/analog_service.cpython-310.pyc,keep,Integration Architect,P2-G0,Canonical base asset
repo_b,backend/app/services/__pycache__/base.cpython-310.pyc,92f32bb16b1186c7f7ad2bd29a583c09e87c85158bfe4adfc9e5931a696fc91f,backend/app/services/__pycache__/base.cpython-310.pyc,keep,Integration Architect,P2-G0,Canonical base asset
repo_b,backend/app/services/__pycache__/dashboard_service.cpython-310.pyc,12d2c1740b777347d3289fa002e52b096ac970d6933b4380da83e341205f6d06,backend/app/services/__pycache__/dashboard_service.cpython-310.pyc,keep,Integration Architect,P2-G0,Canonical base asset
repo_b,backend/app/services/__pycache__/drift_monitor.cpython-310.pyc,94d41e74febef6347dcad879e3bd8454dbca5d95bf60fadd42dcb9d3f79eb629,backend/app/services/__pycache__/drift_monitor.cpython-310.pyc,keep,Integration Architect,P2-G0,Canonical base asset
repo_b,backend/app/services/__pycache__/evaluation_service.cpython-310.pyc,12d5a5307f0fb5d10f9472780ed7b3b35ff5bc24b215d8013e50c22ffd83928a,backend/app/services/__pycache__/evaluation_service.cpython-310.pyc,keep,Integration Architect,P2-G0,Canonical base asset
repo_b,backend/app/services/__pycache__/explainability_service.cpython-310.pyc,54d38207ca73a2265f4498f8e6a9419e1770e8ad343f66b1cbf79cff6cd7cde2,backend/app/services/__pycache__/explainability_service.cpython-310.pyc,keep,Integration Architect,P2-G0,Canonical base asset
repo_b,backend/app/services/__pycache__/fallback_service.cpython-310.pyc,4acd3919505055f77327b4f9e227b85e97802f21f71db2f4d1a3ca4635f5f564,backend/app/services/__pycache__/fallback_service.cpython-310.pyc,keep,Integration Architect,P2-G0,Canonical base asset
repo_b,backend/app/services/__pycache__/feature_service.cpython-310.pyc,986e5fe73b4d994a9dc359fdbf4d51be881716de152040bd5176646c49011d2a,backend/app/services/__pycache__/feature_service.cpython-310.pyc,keep,Integration Architect,P2-G0,Canonical base asset
repo_b,backend/app/services/__pycache__/historical_service.cpython-310.pyc,8ca86b1040560f378e9997292bc2d2fbf33b9db43ee0b2fdf8b440b9d66033aa,backend/app/services/__pycache__/historical_service.cpython-310.pyc,keep,Integration Architect,P2-G0,Canonical base asset
repo_b,backend/app/services/__pycache__/location_service.cpython-310.pyc,80042ea6cffbeb3d9a32ace2906f4b002a65df40561ac0d467315419e8907cbc,backend/app/services/__pycache__/location_service.cpython-310.pyc,keep,Integration Architect,P2-G0,Canonical base asset
repo_b,backend/app/services/__pycache__/model_integration_service.cpython-310.pyc,7a8b2ff6c0058f760cf26298cad148ba0735919032cf47b25fed2750f4d69541,backend/app/services/__pycache__/model_integration_service.cpython-310.pyc,keep,Integration Architect,P2-G0,Canonical base asset
repo_b,backend/app/services/__pycache__/model_registry.cpython-310.pyc,d0dfee87f19eb23419ae60172027ad92d2e6310d43804cc01b78d6353100c0a4,backend/app/services/__pycache__/model_registry.cpython-310.pyc,keep,Integration Architect,P2-G0,Canonical base asset
repo_b,backend/app/services/__pycache__/model_service.cpython-310.pyc,5633a28cba0a101826c1513a6d2df7455de58cd592e82bd196cd9a05fc99106b,backend/app/services/__pycache__/model_service.cpython-310.pyc,keep,Integration Architect,P2-G0,Canonical base asset
repo_b,backend/app/services/__pycache__/multi_location_service.cpython-310.pyc,8eee2190f85478e17a8bcb6f39a26d5e8cd21b87a9dc58a94455658829c02792,backend/app/services/__pycache__/multi_location_service.cpython-310.pyc,keep,Integration Architect,P2-G0,Canonical base asset
repo_b,backend/app/services/__pycache__/openmeteo_service.cpython-310.pyc,2f9813f415a6355c2adcec5fcc6617fdb05f59d0f0b13e4c5405b3bd0deaddfc,backend/app/services/__pycache__/openmeteo_service.cpython-310.pyc,keep,Integration Architect,P2-G0,Canonical base asset
repo_b,backend/app/services/__pycache__/reference_service.cpython-310.pyc,2fc7ea74b104dfb6e4c31d7bd6275e5b68dc0e0546c7c7ab8e3415bcb48fc665,backend/app/services/__pycache__/reference_service.cpython-310.pyc,keep,Integration Architect,P2-G0,Canonical base asset
repo_b,backend/app/services/__pycache__/region_service.cpython-310.pyc,935dc7cc5e62a2cdfe09bcaaa7e6e26eefe62dfa599b41ff2ec119ebd3a3fdb1,backend/app/services/__pycache__/region_service.cpython-310.pyc,keep,Integration Architect,P2-G0,Canonical base asset
repo_b,backend/app/services/__pycache__/shadow_scoring.cpython-310.pyc,6adec58f71bb9133f0885a29a62438cd201cec243393fad1e66395578d7b96a2,backend/app/services/__pycache__/shadow_scoring.cpython-310.pyc,keep,Integration Architect,P2-G0,Canonical base asset
repo_b,backend/app/services/__pycache__/spatial_service.cpython-310.pyc,d103dc8f7ab33ecd91e29da0917d5e8a25c10cadbd79307b2c10ce15b0362046,backend/app/services/__pycache__/spatial_service.cpython-310.pyc,keep,Integration Architect,P2-G0,Canonical base asset
repo_b,backend/app/services/__pycache__/weather_service.cpython-310.pyc,a553ceccc1083e126425cf05d223b7999e59faa62087f255ea192716271b01ec,backend/app/services/__pycache__/weather_service.cpython-310.pyc,keep,Integration Architect,P2-G0,Canonical base asset
repo_b,backend/app/services/__pycache__/__init__.cpython-310.pyc,734ca441dbe7dcd221dde9bd3ef25b32ff5b831fdba3098c6ce12d83dd65beb0,backend/app/services/__pycache__/__init__.cpython-310.pyc,keep,Integration Architect,P2-G0,Canonical base asset
repo_b,backend/app/__pycache__/main.cpython-310.pyc,45f4b038069e93ffce02e1f2d49d0c77b1f5856b502be6f76c748e6b5db96d05,backend/app/__pycache__/main.cpython-310.pyc,keep,Integration Architect,P2-G0,Canonical base asset
repo_b,backend/app/__pycache__/__init__.cpython-310.pyc,480a1009c3a55a84fe501dff125a1c7be3a21047b0637891b0fe905d45d39f5e,backend/app/__pycache__/__init__.cpython-310.pyc,keep,Integration Architect,P2-G0,Canonical base asset
repo_b,backend/tests/conftest.py,a28f3a09d5c5455d1deaf8488582ecfc0df0c3b944a4c7fb8f959e05d27d73d4,backend/tests/conftest.py,keep,Integration Architect,P2-G0,Canonical base asset
repo_b,backend/tests/test_agent.py,7ea375f96f614d5a2036d6facd8bceaf3ecfb392cb6b450cc26a84473a795d3a,backend/tests/test_agent.py,keep,Integration Architect,P2-G0,Canonical base asset
repo_b,backend/tests/test_api_contract.py,8035607a0338401508a92dc27dfde48535e2c872bbecce0446ad7827d1434a69,backend/tests/test_api_contract.py,keep,Integration Architect,P2-G0,Canonical base asset
repo_b,backend/tests/test_builder2_integration.py,70337231ebd2935231abbde9e1f4aa9e156697bdf127eaef098bb86ad8a668cd,backend/tests/test_builder2_integration.py,keep,Integration Architect,P2-G0,Canonical base asset
repo_b,backend/tests/test_builder_parity.py,417c0c3aa593b5fa618f6ac02ae0aa5cab9ddf298ac0caf06324a58b3d84e9d6,backend/tests/test_builder_parity.py,keep,Integration Architect,P2-G0,Canonical base asset
repo_b,backend/tests/test_bust_labeling.py,35b4fff60ccf33b53dae46feb9b61196d36a1ecf88a4cad19b7fabfef79af7f2,backend/tests/test_bust_labeling.py,keep,Integration Architect,P2-G0,Canonical base asset
repo_b,backend/tests/test_common_mode_failure.py,4d1018e648558da2fbbe8df0b94c0dad48c3a3eb5e39f3ceb1e74c98b03b9e84,backend/tests/test_common_mode_failure.py,keep,Integration Architect,P2-G0,Canonical base asset
repo_b,backend/tests/test_compound_hazards.py,3db89acecbd2c4fa27dc8d5a4077565255819a6b9bfbf87675aeeb4b9d313cb2,backend/tests/test_compound_hazards.py,quarantine_experimental,Integration Architect,P6-G8,Keep as experimental module; do not promote without empirical dataset
repo_b,backend/tests/test_conditional_calibration.py,b8e1418e08cfff4dc6071d765fcb519217faa51d7048bffc3334962de5aa913f,backend/tests/test_conditional_calibration.py,keep,Integration Architect,P2-G0,Canonical base asset
repo_b,backend/tests/test_counterfactual_reliability.py,9b03eb25060286d1361694f1154caf7874979d4615344aa98c540e975ebe6f18,backend/tests/test_counterfactual_reliability.py,keep,Integration Architect,P2-G0,Canonical base asset
repo_b,backend/tests/test_cyclone_contract.py,041b85aa5c5fa4a6b5d8eeda49bf6484cb136509e8efe67ae0245960c0cdb42c,backend/tests/test_cyclone_contract.py,keep,Integration Architect,P2-G0,Canonical base asset
repo_b,backend/tests/test_cyclone_targets.py,7224e8ab0f8979bcc4a5e8b403ab497a538490d1250d1fc52e273a13134eafb1,backend/tests/test_cyclone_targets.py,keep,Integration Architect,P2-G0,Canonical base asset
repo_b,backend/tests/test_day21_post_merge_repairs.py,dbe23592b6f620b088cb0b779143a4b2ea1662cbb2e9c96607b10f3802787a93,backend/tests/test_day21_post_merge_repairs.py,keep,Integration Architect,P2-G0,Canonical base asset
repo_b,backend/tests/test_day21_repairs.py,eaa1eb8a07c0f717e8f9ab067af1b4fa3f274ed5cf877fe31146f425991d76ca,backend/tests/test_day21_repairs.py,keep,Integration Architect,P2-G0,Canonical base asset
repo_b,backend/tests/test_day24_probabilistic_intelligence.py,c4cca4c9f7374406564e480116d4b3ed85966d25da3316b12df08355a56c1562,backend/tests/test_day24_probabilistic_intelligence.py,keep,Integration Architect,P2-G0,Canonical base asset
repo_b,backend/tests/test_day25_dashboard_intelligence.py,a46f40a470f20acd3ffb3931c7682ad408ec52867a76c043d554a912e23874e6,backend/tests/test_day25_dashboard_intelligence.py,keep,Integration Architect,P2-G0,Canonical base asset
repo_b,backend/tests/test_deployment_readiness.py,e8dd833dab4344a51e9bac77bd902c419109a837678c29ae157339cac633b4a3,backend/tests/test_deployment_readiness.py,keep,Integration Architect,P2-G0,Canonical base asset
repo_b,backend/tests/test_dynamic_location.py,a078e9884814a3fcbfc5983cfbe438b82718a905ac06e92a85924fed5c75c867,backend/tests/test_dynamic_location.py,keep,Integration Architect,P2-G0,Canonical base asset
repo_b,backend/tests/test_evaluation_integration.py,f7d3168d5713f39e8e7aa5faefbfd34f6db3162035ade9d2c3c3b2d8aeb9d473,backend/tests/test_evaluation_integration.py,keep,Integration Architect,P2-G0,Canonical base asset
repo_b,backend/tests/test_evidence_graph.py,02fcf5facd71f3448bdc2e33ba9f602d0002f850bdfdafc1a64a047407be41d0,backend/tests/test_evidence_graph.py,keep,Integration Architect,P2-G0,Canonical base asset
repo_b,backend/tests/test_evidence_provenance.py,ac71fc2d37d781afc1d97dc099e73e987a68fb24b1efd7bb84b4fb9008772882,backend/tests/test_evidence_provenance.py,keep,Integration Architect,P2-G0,Canonical base asset
repo_b,backend/tests/test_explainability_integration.py,aaeb82c0e6ce9d49b323cff0b1dd08275c3e23f9c5f0f038425994072651a516,backend/tests/test_explainability_integration.py,keep,Integration Architect,P2-G0,Canonical base asset
repo_b,backend/tests/test_failure_episodes.py,4e155000b1c256141098e85a436268e9064a28db81918acf097afe7b5556107e,backend/tests/test_failure_episodes.py,keep,Integration Architect,P2-G0,Canonical base asset
repo_b,backend/tests/test_failure_motifs.py,d25537c70f596ddbe1c033287cca605e22507a6ba51ac64b76bfeab74ecdbf77,backend/tests/test_failure_motifs.py,keep,Integration Architect,P2-G0,Canonical base asset
repo_b,backend/tests/test_final_cross_phase_integration.py,b02773b178ef88d5a78168cd579d60b2a0566bc34f61ed6fb9a3416bbfd16ed5,backend/tests/test_final_cross_phase_integration.py,keep,Integration Architect,P2-G0,Canonical base asset
repo_b,backend/tests/test_final_readiness.py,98674ee57b6e508988034d46ded1cee6b63f5e60c010f3c16fc24450ef7a27b2,backend/tests/test_final_readiness.py,keep,Integration Architect,P2-G0,Canonical base asset
repo_b,backend/tests/test_forecast_cache_and_dedup.py,08fa0317107d51e0e453c3dc07631c0f271c1075178e616078ea6bc8b12d285f,backend/tests/test_forecast_cache_and_dedup.py,keep,Integration Architect,P2-G0,Canonical base asset
repo_b,backend/tests/test_frontier_challengers.py,7af4aa87c8501a7ac11d7e2d174261209a2cf8571b88ea70130cacc493719d02,backend/tests/test_frontier_challengers.py,keep,Integration Architect,P2-G0,Canonical base asset
repo_b,backend/tests/test_hazard_calibration_ood.py,8cd6dc26d85f8b925bb5118495950847e74fd5b98ea166d9fa1fcb3be6ada43c,backend/tests/test_hazard_calibration_ood.py,keep,Integration Architect,P2-G0,Canonical base asset
repo_b,backend/tests/test_hazard_contracts.py,04b947c32fbcfe8c6f800ba56cfb905c059b34dfd7dee5ca518642c0ae50fb0b,backend/tests/test_hazard_contracts.py,keep,Integration Architect,P2-G0,Canonical base asset
repo_b,backend/tests/test_hazard_engine.py,f0ea3f141b1766e6de67d61452eec4f815badc858fe7631b4a7c42276b2cbb4a,backend/tests/test_hazard_engine.py,keep,Integration Architect,P2-G0,Canonical base asset
repo_b,backend/tests/test_hazard_specific_engines.py,f145f61126d564b0b923644d88bbfbbef6edea08efee3ddd878fbfaf8cf8c6be,backend/tests/test_hazard_specific_engines.py,keep,Integration Architect,P2-G0,Canonical base asset
repo_b,backend/tests/test_health.py,d15bb22d60e14b42e8687f235ff2bbd940aac84acf723104ed86b81a6902bba3,backend/tests/test_health.py,keep,Integration Architect,P2-G0,Canonical base asset
repo_b,backend/tests/test_heatwave_contract.py,20ebc32b87ba71365a2e088fb7c32392383c05d848399e584fd191113ed16bae,backend/tests/test_heatwave_contract.py,keep,Integration Architect,P2-G0,Canonical base asset
repo_b,backend/tests/test_heatwave_targets.py,fabc4e1c1e3f47276612bdeae7e0a7056f533778cc46a1eba0e71126a559b3e8,backend/tests/test_heatwave_targets.py,keep,Integration Architect,P2-G0,Canonical base asset
repo_b,backend/tests/test_historical_alignment.py,6b72ae4c40d155f45298d8b4556207447ccc0bde93541c725d29c9ed23677ffc,backend/tests/test_historical_alignment.py,keep,Integration Architect,P2-G0,Canonical base asset
repo_b,backend/tests/test_historical_dataset.py,615858a81e98857109673a668c3db76b1da1a9beb608865ea10df32001a9acdb,backend/tests/test_historical_dataset.py,keep,Integration Architect,P2-G0,Canonical base asset
repo_b,backend/tests/test_historical_infrastructure.py,ed8c68968fff54534742fb7d2fc06914e41f7e787947287cb7df9e26be8575a4,backend/tests/test_historical_infrastructure.py,keep,Integration Architect,P2-G0,Canonical base asset
repo_b,backend/tests/test_horizon_contract.py,8198cb169c2adc86a7697df51dbf3b6ab0aab56cf75bbdef5024376c4ac25f4c,backend/tests/test_horizon_contract.py,keep,Integration Architect,P2-G0,Canonical base asset
repo_b,backend/tests/test_independent_truth.py,a6c18010808a65b57f2a813b98bbc17d9f46222652cb67078c0baa3aad238919,backend/tests/test_independent_truth.py,keep,Integration Architect,P2-G0,Canonical base asset
repo_b,backend/tests/test_leakage_integration.py,673ab211e9855d72740bdfbffd6bbd287cc15e41c1d9fdf7a1fe7a2cb025bf8f,backend/tests/test_leakage_integration.py,keep,Integration Architect,P2-G0,Canonical base asset
repo_b,backend/tests/test_live_serving.py,836f259d03c5db778f3002d18f50a748c847bec64dbb259a50b1ec6c89a96602,backend/tests/test_live_serving.py,keep,Integration Architect,P2-G0,Canonical base asset
repo_b,backend/tests/test_ml_features.py,add340ddbf8b976b22acd357a3cc50bde7d1cd3a4681be669f6a9daa6d90e2ff,backend/tests/test_ml_features.py,keep,Integration Architect,P2-G0,Canonical base asset
repo_b,backend/tests/test_ml_model_and_eval.py,28a5827c3d02b23a50f837e1fb5f387a3c2cd61d468b57582d37246c7f5a0820,backend/tests/test_ml_model_and_eval.py,keep,Integration Architect,P2-G0,Canonical base asset
repo_b,backend/tests/test_ml_splitting.py,b0f5813ce07b711904c57414b7bd4bc7cf119082841451a395eac6ec479a07b1,backend/tests/test_ml_splitting.py,keep,Integration Architect,P2-G0,Canonical base asset
repo_b,backend/tests/test_model_integration.py,67e4aa1089b762d4ddb614016ed665b46105e52e53ae064b45ee480ae665494c,backend/tests/test_model_integration.py,keep,Integration Architect,P2-G0,Canonical base asset
repo_b,backend/tests/test_model_version_shift.py,076542da788178f4efca30093346d40008128cc6aaced779c39961ac40dd1117,backend/tests/test_model_version_shift.py,keep,Integration Architect,P2-G0,Canonical base asset
repo_b,backend/tests/test_monsoon_contract.py,1dac133570400bb7469955d23b70cec8e9ddf82e746575f6f5e8fdda708e967b,backend/tests/test_monsoon_contract.py,keep,Integration Architect,P2-G0,Canonical base asset
repo_b,backend/tests/test_monsoon_targets.py,63d6059dabc0d0a4f513d3403feb25f5a3385d29a9a4af62856143529aed887b,backend/tests/test_monsoon_targets.py,keep,Integration Architect,P2-G0,Canonical base asset
repo_b,backend/tests/test_multi_location.py,7a10b9e516b2b7d11aaed17d0782c21483b1efe1000df1dfc5b888c9141acc08,backend/tests/test_multi_location.py,keep,Integration Architect,P2-G0,Canonical base asset
repo_b,backend/tests/test_multi_system.py,631f342c60dfb1bf75f085d9e368351791e21fbcef0733a824b63c7780913c08,backend/tests/test_multi_system.py,keep,Integration Architect,P2-G0,Canonical base asset
repo_b,backend/tests/test_observability.py,2215cefc69f55b4b975a013b2ea32d0423ba13f31802f032b8b1874a8b3fcce6,backend/tests/test_observability.py,keep,Integration Architect,P2-G0,Canonical base asset
repo_b,backend/tests/test_phase1_bust_labeling.py,60cc00e56809cba279b393199229c58a6cb58cfd4225741a6aa1bf99d2cd8e24,backend/tests/test_phase1_bust_labeling.py,keep,Integration Architect,P2-G0,Canonical base asset
repo_b,backend/tests/test_phase2_feature_engineering.py,e7d6d9d8d05e027c234bf85ff917115fc9bd1df805c7b9105ede1da7fcd66388,backend/tests/test_phase2_feature_engineering.py,keep,Integration Architect,P2-G0,Canonical base asset
repo_b,backend/tests/test_phase3_ood_calibration.py,b90b763a4019b508f94dad4a8ea42ad18fece1a64ad06270332ad6d24c4c5db7,backend/tests/test_phase3_ood_calibration.py,keep,Integration Architect,P2-G0,Canonical base asset
repo_b,backend/tests/test_phase4_prediction_schema.py,d9c6b4e2f7186d6dd8d25390b086694ac6413168de7bbd7263b182919fe2fd3c,backend/tests/test_phase4_prediction_schema.py,keep,Integration Architect,P2-G0,Canonical base asset
repo_b,backend/tests/test_phase5_api_contract.py,e272b54d735c277e8e001f255fa27bc792a1f588dc32c809cefcf71410f70261,backend/tests/test_phase5_api_contract.py,keep,Integration Architect,P2-G0,Canonical base asset
repo_b,backend/tests/test_phase6_data_pipeline.py,c11a7bdb048f10e701153fff5cf293bd3a1f2b4c28c49b0e3e647a997c35577c,backend/tests/test_phase6_data_pipeline.py,keep,Integration Architect,P2-G0,Canonical base asset
repo_b,backend/tests/test_phase7_evaluation_framework.py,ab0bf9e086d563ea84f5f687976f7b9dada40985996eb9588d7e568f2f3f5e22,backend/tests/test_phase7_evaluation_framework.py,keep,Integration Architect,P2-G0,Canonical base asset
repo_b,backend/tests/test_phase9_security_hardening.py,f3748c8b2fc07b4a817fc52056c3d8c16c051b6e6299e0eb156f3b0ff1871609,backend/tests/test_phase9_security_hardening.py,keep,Integration Architect,P2-G0,Canonical base asset
repo_b,backend/tests/test_precipitation_contract.py,dd1558163787dbd4a3b4fd0b458d90bb42d4729992d40d73e54ad6484b5604cf,backend/tests/test_precipitation_contract.py,keep,Integration Architect,P2-G0,Canonical base asset
repo_b,backend/tests/test_precipitation_targets.py,9f97c61d2af6c866da0cd4ade8c170e7f1c1fe4fda102efdb58a6fea47bb209f,backend/tests/test_precipitation_targets.py,keep,Integration Architect,P2-G0,Canonical base asset
repo_b,backend/tests/test_predict.py,70eb382b4d5616d28b5597558097ad31d15a8ad5901899312dee2234beabaa92,backend/tests/test_predict.py,keep,Integration Architect,P2-G0,Canonical base asset
repo_b,backend/tests/test_production_hardening.py,2d35e779f6add5e11851f940d7d710a85ba47ddc78c0c778c9ed9a5555d4efd5,backend/tests/test_production_hardening.py,keep,Integration Architect,P2-G0,Canonical base asset
repo_b,backend/tests/test_qc.py,ed3573c2d27789621863242ff469fbaeca3905d51c22a1b2d73dfc454b05420e,backend/tests/test_qc.py,keep,Integration Architect,P2-G0,Canonical base asset
repo_b,backend/tests/test_recovery_engine.py,32131db079fb5dc77122160a3cc0e6c3784f7f32af887a24b442927daf75e0c0,backend/tests/test_recovery_engine.py,keep,Integration Architect,P2-G0,Canonical base asset
repo_b,backend/tests/test_reference_uncertainty.py,1bd53fd084abf3955f5f1b61c80be974d9ecba6009367ec02d83106b424f61ae,backend/tests/test_reference_uncertainty.py,keep,Integration Architect,P2-G0,Canonical base asset
repo_b,backend/tests/test_reliability_state.py,f2a7a734581d12a71f0a069eb565e29245bbca5e4751620a76dbf64171137d50,backend/tests/test_reliability_state.py,keep,Integration Architect,P2-G0,Canonical base asset
repo_b,backend/tests/test_schemas.py,9342dde2206498c31801649bdacb85e5f0aa35ca102403d3dd51050a4db1f925,backend/tests/test_schemas.py,keep,Integration Architect,P2-G0,Canonical base asset
repo_b,backend/tests/test_services.py,82c8ac0390d92685285319257e583dd3bb6a654642475da93d2f07e69f5e5f3c,backend/tests/test_services.py,keep,Integration Architect,P2-G0,Canonical base asset
repo_b,backend/tests/test_spatial_graph.py,7fd1536f1801ffb8e3f62d0acac358fe93bd621bdab5a6f9b027f9c46b1902a9,backend/tests/test_spatial_graph.py,keep,Integration Architect,P2-G0,Canonical base asset
repo_b,backend/tests/test_spatial_leakage.py,048633ad75869a6dd5648ae754299ff5413bdfc754196a5664c949fad32c1a04,backend/tests/test_spatial_leakage.py,keep,Integration Architect,P2-G0,Canonical base asset
repo_b,backend/tests/test_spatial_propagation.py,f8980e814211510474a0e9535abc2535d7ef2fe54c497a4b6c3f1e6e96ce4519,backend/tests/test_spatial_propagation.py,keep,Integration Architect,P2-G0,Canonical base asset
repo_b,backend/tests/test_ui_reliability_fields.py,853302db282377251011ab5385c081a20cd894175fe0b12f9d07a6aff851aeae,backend/tests/test_ui_reliability_fields.py,keep,Integration Architect,P2-G0,Canonical base asset
repo_b,backend/tests/test_unit_conversion.py,890a6a80c71fe633d492d3e3b3b6ec9e2afe8639dc8aaf45196c8f6f8aec7676,backend/tests/test_unit_conversion.py,keep,Integration Architect,P2-G0,Canonical base asset
repo_b,backend/tests/test_v3_artifact_integrity.py,28d9f0b65cf7dec6710f6dca6c0211946c495f12b354742588d23cc4f707b774,backend/tests/test_v3_artifact_integrity.py,keep,Integration Architect,P2-G0,Canonical base asset
repo_b,backend/tests/test_v3_calibration.py,fb468a8d103c9b701237d56374a193ef17aafc778dc6622a48f0a1af8db3b2a4,backend/tests/test_v3_calibration.py,keep,Integration Architect,P2-G0,Canonical base asset
repo_b,backend/tests/test_v3_ensemble_contract.py,fad7b819ef7c7cde48f5629bd6c2b552e78f2ce580ca834adc39b930a1774764,backend/tests/test_v3_ensemble_contract.py,keep,Integration Architect,P2-G0,Canonical base asset
repo_b,backend/tests/test_v3_failure_safety.py,8dcd2e869ce5606c14302b9a96f27549afb91bf409b7a81f36127cdd661fe9e4,backend/tests/test_v3_failure_safety.py,keep,Integration Architect,P2-G0,Canonical base asset
repo_b,backend/tests/test_v3_feature_contract.py,ebdb07305aede823cbc7f4a80679097b1da78825091228e0b2633f1d54c0c0e7,backend/tests/test_v3_feature_contract.py,keep,Integration Architect,P2-G0,Canonical base asset
repo_b,backend/tests/test_v3_reference_parity.py,ec7308b0870e4aac52763e18bd51946c04516aaafffdf7c68bb932b313a24555,backend/tests/test_v3_reference_parity.py,keep,Integration Architect,P2-G0,Canonical base asset
repo_b,backend/tests/test_v3_unit_contract.py,db27fdb152060f5fc0d93a4193da882cc6551d446fc65b21bbbcb4112419d0c6,backend/tests/test_v3_unit_contract.py,keep,Integration Architect,P2-G0,Canonical base asset
repo_b,backend/tests/test_vercel_entrypoint.py,009414e4b9a9c25e34d004ddb15eaf53808a31408a057396b2193e0603767c5a,backend/tests/test_vercel_entrypoint.py,keep,Integration Architect,P2-G0,Canonical base asset
repo_b,backend/tests/test_weather_ingestion.py,58e24eb84c6cacd7ef6364e5fae12b2dead8d186cf5745a2c676105f80c3a57e,backend/tests/test_weather_ingestion.py,keep,Integration Architect,P2-G0,Canonical base asset
repo_b,backend/tests/test_western_disturbance_contract.py,ecdb6f0ed5365c92a3a71c4bc7d5fb864dd858a7b2fcb6793df868c29b5a17e9,backend/tests/test_western_disturbance_contract.py,keep,Integration Architect,P2-G0,Canonical base asset
repo_b,backend/tests/test_western_disturbance_targets.py,d5581ad8a259533b900b70e9eea5e1f0ccc04fae783b886f11c52adc1e7a53b8,backend/tests/test_western_disturbance_targets.py,keep,Integration Architect,P2-G0,Canonical base asset
repo_b,backend/tests/__init__.py,e2fb67507f0eccf6602bcfe3ea6e0af317674648b97918e6ae9144458162a976,backend/tests/__init__.py,keep,Integration Architect,P2-G0,Canonical base asset
repo_b,backend/tests/__pycache__/conftest.cpython-310-pytest-9.1.1.pyc,38ddbd4703acf0634dc45bc274b18edef3fa4ddb80c74c0dd50297369909013f,backend/tests/__pycache__/conftest.cpython-310-pytest-9.1.1.pyc,keep,Integration Architect,P2-G0,Canonical base asset
repo_b,backend/tests/__pycache__/test_agent.cpython-310-pytest-9.1.1.pyc,8431c3fbf2cc03aa547242ef8b81d5d09e5d3f6d85476daf949d5c53d8339f39,backend/tests/__pycache__/test_agent.cpython-310-pytest-9.1.1.pyc,keep,Integration Architect,P2-G0,Canonical base asset
repo_b,backend/tests/__pycache__/test_api_contract.cpython-310-pytest-9.1.1.pyc,f0bf0cc8cc57c5881536a7a0c6f7c8baf2bcc8acfcf60806a82a2ea24d3e61cd,backend/tests/__pycache__/test_api_contract.cpython-310-pytest-9.1.1.pyc,keep,Integration Architect,P2-G0,Canonical base asset
repo_b,backend/tests/__pycache__/test_builder2_integration.cpython-310-pytest-9.1.1.pyc,6ba9d2415e075863d67083d2c89faeddf5b76121926b67985f54c0f785c7730c,backend/tests/__pycache__/test_builder2_integration.cpython-310-pytest-9.1.1.pyc,keep,Integration Architect,P2-G0,Canonical base asset
repo_b,backend/tests/__pycache__/test_builder_parity.cpython-310-pytest-9.1.1.pyc,18342c6366c9c1246e28a7ef22fa7db9a7b81c064cb1fb1c88b7d4b0a794aeab,backend/tests/__pycache__/test_builder_parity.cpython-310-pytest-9.1.1.pyc,keep,Integration Architect,P2-G0,Canonical base asset
repo_b,backend/tests/__pycache__/test_bust_labeling.cpython-310-pytest-9.1.1.pyc,9952a7c94ee7c3adb78e32ff62d71160a75e2d4bb88cfd6d5eea3373520dd2bb,backend/tests/__pycache__/test_bust_labeling.cpython-310-pytest-9.1.1.pyc,keep,Integration Architect,P2-G0,Canonical base asset
repo_b,backend/tests/__pycache__/test_common_mode_failure.cpython-310-pytest-9.1.1.pyc,b8db75ffa44541f9bbb1833830db962c06dbaefc6efc3c1ba60d0bac85637f5b,backend/tests/__pycache__/test_common_mode_failure.cpython-310-pytest-9.1.1.pyc,keep,Integration Architect,P2-G0,Canonical base asset
repo_b,backend/tests/__pycache__/test_compound_hazards.cpython-310-pytest-9.1.1.pyc,55781b076786c5ac975a09de9a5d030686e50f0419b6e1dcb86fd935949892c0,backend/tests/__pycache__/test_compound_hazards.cpython-310-pytest-9.1.1.pyc,quarantine_experimental,Integration Architect,P6-G8,Keep as experimental module; do not promote without empirical dataset
repo_b,backend/tests/__pycache__/test_conditional_calibration.cpython-310-pytest-9.1.1.pyc,a3f6ea1b95333a070608916f75bcc165f6bdfc1de1b404bf79b3dbc766b675fb,backend/tests/__pycache__/test_conditional_calibration.cpython-310-pytest-9.1.1.pyc,keep,Integration Architect,P2-G0,Canonical base asset
repo_b,backend/tests/__pycache__/test_counterfactual_reliability.cpython-310-pytest-9.1.1.pyc,da7a137c03d1b2b008abbafd83508773312af4c39152d730358ab6d57f6d2321,backend/tests/__pycache__/test_counterfactual_reliability.cpython-310-pytest-9.1.1.pyc,keep,Integration Architect,P2-G0,Canonical base asset
repo_b,backend/tests/__pycache__/test_cyclone_contract.cpython-310-pytest-9.1.1.pyc,788c9382a163b41acd1eb4596636cf17cfb42271a48667e260a58a7dceaaa562,backend/tests/__pycache__/test_cyclone_contract.cpython-310-pytest-9.1.1.pyc,keep,Integration Architect,P2-G0,Canonical base asset
repo_b,backend/tests/__pycache__/test_cyclone_targets.cpython-310-pytest-9.1.1.pyc,0fb7990bd308a8704d7f7f1f21facf83a4751f0432fdcc8dfe91a937e8acdc88,backend/tests/__pycache__/test_cyclone_targets.cpython-310-pytest-9.1.1.pyc,keep,Integration Architect,P2-G0,Canonical base asset
repo_b,backend/tests/__pycache__/test_day21_post_merge_repairs.cpython-310-pytest-9.1.1.pyc,8156a93e27311fa40442ecd1683defe21bcf93a8dc6ea00bd1476e030c7f5343,backend/tests/__pycache__/test_day21_post_merge_repairs.cpython-310-pytest-9.1.1.pyc,keep,Integration Architect,P2-G0,Canonical base asset
repo_b,backend/tests/__pycache__/test_day21_repairs.cpython-310-pytest-9.1.1.pyc,854e34a0cc9dd80f329460ea61d4f22371d757b43f465ef2bd63d840196f247c,backend/tests/__pycache__/test_day21_repairs.cpython-310-pytest-9.1.1.pyc,keep,Integration Architect,P2-G0,Canonical base asset
repo_b,backend/tests/__pycache__/test_day24_probabilistic_intelligence.cpython-310-pytest-9.1.1.pyc,a9a60af9a12440ea4b8fd6b452f286bace62bd6d8e5e8d40c807e463f0ab4d7a,backend/tests/__pycache__/test_day24_probabilistic_intelligence.cpython-310-pytest-9.1.1.pyc,keep,Integration Architect,P2-G0,Canonical base asset
repo_b,backend/tests/__pycache__/test_day25_dashboard_intelligence.cpython-310-pytest-9.1.1.pyc,2c6ba11a777215992845f53c71fbd947a733708522536c0fae6dd432a3d7cf0c,backend/tests/__pycache__/test_day25_dashboard_intelligence.cpython-310-pytest-9.1.1.pyc,keep,Integration Architect,P2-G0,Canonical base asset
repo_b,backend/tests/__pycache__/test_deployment_readiness.cpython-310-pytest-9.1.1.pyc,7f101695fc69191ffed199b113c8c3cce160b35c9733cb72fed0324496f241ec,backend/tests/__pycache__/test_deployment_readiness.cpython-310-pytest-9.1.1.pyc,keep,Integration Architect,P2-G0,Canonical base asset
repo_b,backend/tests/__pycache__/test_dynamic_location.cpython-310-pytest-9.1.1.pyc,05200be53511ba1fd30829a52c5f92fe530e8caa327db7cee24a247f6245aade,backend/tests/__pycache__/test_dynamic_location.cpython-310-pytest-9.1.1.pyc,keep,Integration Architect,P2-G0,Canonical base asset
repo_b,backend/tests/__pycache__/test_evaluation_integration.cpython-310-pytest-9.1.1.pyc,8752b5b9a690addf717d75c8e3e63448b3bb86cd3b07cda985e40c5b11969fd1,backend/tests/__pycache__/test_evaluation_integration.cpython-310-pytest-9.1.1.pyc,keep,Integration Architect,P2-G0,Canonical base asset
repo_b,backend/tests/__pycache__/test_evidence_graph.cpython-310-pytest-9.1.1.pyc,2c13fa1553b1d26ebb3abf74224b7a3daf9c1f6cc3631ee0afb87d80c440ffad,backend/tests/__pycache__/test_evidence_graph.cpython-310-pytest-9.1.1.pyc,keep,Integration Architect,P2-G0,Canonical base asset
repo_b,backend/tests/__pycache__/test_evidence_provenance.cpython-310-pytest-9.1.1.pyc,1999c7b82c4f4e7e052e6e8ac018ba745fb998dd7eeef053b84257ecd0ed3de2,backend/tests/__pycache__/test_evidence_provenance.cpython-310-pytest-9.1.1.pyc,keep,Integration Architect,P2-G0,Canonical base asset
repo_b,backend/tests/__pycache__/test_explainability_integration.cpython-310-pytest-9.1.1.pyc,c4022ef24ceccfc294a2628ca932b9a0621b6ef633c0f476dd0cbea7ef8b0e88,backend/tests/__pycache__/test_explainability_integration.cpython-310-pytest-9.1.1.pyc,keep,Integration Architect,P2-G0,Canonical base asset
repo_b,backend/tests/__pycache__/test_failure_episodes.cpython-310-pytest-9.1.1.pyc,5116cd34bd59f1d48966198730f688296440e97e533ee55977d09be1c4959bdb,backend/tests/__pycache__/test_failure_episodes.cpython-310-pytest-9.1.1.pyc,keep,Integration Architect,P2-G0,Canonical base asset
repo_b,backend/tests/__pycache__/test_failure_motifs.cpython-310-pytest-9.1.1.pyc,1281af5957fef99abecafa4d22639ab1a142845851d8bc6ad37d6fc35daff06f,backend/tests/__pycache__/test_failure_motifs.cpython-310-pytest-9.1.1.pyc,keep,Integration Architect,P2-G0,Canonical base asset
repo_b,backend/tests/__pycache__/test_final_cross_phase_integration.cpython-310-pytest-9.1.1.pyc,47910ce138af17942409e0f4aa0df8c4a9fed8abfd0a73db0d2ca9047120375a,backend/tests/__pycache__/test_final_cross_phase_integration.cpython-310-pytest-9.1.1.pyc,keep,Integration Architect,P2-G0,Canonical base asset
repo_b,backend/tests/__pycache__/test_final_readiness.cpython-310-pytest-9.1.1.pyc,c1740a4fb216ee76310676ac6dc7c4270d293c266d2c120b4094d32203a6a793,backend/tests/__pycache__/test_final_readiness.cpython-310-pytest-9.1.1.pyc,keep,Integration Architect,P2-G0,Canonical base asset
repo_b,backend/tests/__pycache__/test_forecast_cache_and_dedup.cpython-310-pytest-9.1.1.pyc,c4a89b2f2a4b4713f7137dd9a2c24c001d2f33d8cdfc5ea20f528235b92617f4,backend/tests/__pycache__/test_forecast_cache_and_dedup.cpython-310-pytest-9.1.1.pyc,keep,Integration Architect,P2-G0,Canonical base asset
repo_b,backend/tests/__pycache__/test_frontier_challengers.cpython-310-pytest-9.1.1.pyc,44623af1a6f78fc4b9db10e74ff022ff89bebd20af3a26ef6a6a57c83ce734ed,backend/tests/__pycache__/test_frontier_challengers.cpython-310-pytest-9.1.1.pyc,keep,Integration Architect,P2-G0,Canonical base asset
repo_b,backend/tests/__pycache__/test_hazard_calibration_ood.cpython-310-pytest-9.1.1.pyc,4a917bb0f6050e94ab7e1548875808a5db42c58f7ff95b70a9e23a3c19ba5cbc,backend/tests/__pycache__/test_hazard_calibration_ood.cpython-310-pytest-9.1.1.pyc,keep,Integration Architect,P2-G0,Canonical base asset
repo_b,backend/tests/__pycache__/test_hazard_contracts.cpython-310-pytest-9.1.1.pyc,a1c6b0055a076a1c514cf14337a068f70dca96bddb93440476e5d6c412c9b5d1,backend/tests/__pycache__/test_hazard_contracts.cpython-310-pytest-9.1.1.pyc,keep,Integration Architect,P2-G0,Canonical base asset
repo_b,backend/tests/__pycache__/test_hazard_engine.cpython-310-pytest-9.1.1.pyc,f4ec69464e1f6651615668128ac595aef5edb5b6dd61a840ec9f15e08a00c832,backend/tests/__pycache__/test_hazard_engine.cpython-310-pytest-9.1.1.pyc,keep,Integration Architect,P2-G0,Canonical base asset
repo_b,backend/tests/__pycache__/test_hazard_specific_engines.cpython-310-pytest-9.1.1.pyc,b05d57d10f7062ce2cfe56b34da7e92f92357786dc9bb5c15fd393f45ab295bb,backend/tests/__pycache__/test_hazard_specific_engines.cpython-310-pytest-9.1.1.pyc,keep,Integration Architect,P2-G0,Canonical base asset
repo_b,backend/tests/__pycache__/test_health.cpython-310-pytest-9.1.1.pyc,ad000416a76c4798563e2f6e08208d3dba64f4079f37eeaa1ada52e53a1938a2,backend/tests/__pycache__/test_health.cpython-310-pytest-9.1.1.pyc,keep,Integration Architect,P2-G0,Canonical base asset
repo_b,backend/tests/__pycache__/test_heatwave_contract.cpython-310-pytest-9.1.1.pyc,5411f264cb47037f680187ac225ed5db79f7faafee0600d3254860d135de8084,backend/tests/__pycache__/test_heatwave_contract.cpython-310-pytest-9.1.1.pyc,keep,Integration Architect,P2-G0,Canonical base asset
repo_b,backend/tests/__pycache__/test_heatwave_targets.cpython-310-pytest-9.1.1.pyc,dd52120047a704de4ff052d2148b9bfe10e47dd83537ca7d06d96821818be6c4,backend/tests/__pycache__/test_heatwave_targets.cpython-310-pytest-9.1.1.pyc,keep,Integration Architect,P2-G0,Canonical base asset
repo_b,backend/tests/__pycache__/test_historical_alignment.cpython-310-pytest-9.1.1.pyc,f68b2c807024325d6808ae0fafd9f8c7c9b705eb47360122018484d48932f9a9,backend/tests/__pycache__/test_historical_alignment.cpython-310-pytest-9.1.1.pyc,keep,Integration Architect,P2-G0,Canonical base asset
repo_b,backend/tests/__pycache__/test_historical_dataset.cpython-310-pytest-9.1.1.pyc,80c53c153bad29c13fee349661702dab6ab3e0995ff361052e8cf24248a416b8,backend/tests/__pycache__/test_historical_dataset.cpython-310-pytest-9.1.1.pyc,keep,Integration Architect,P2-G0,Canonical base asset
repo_b,backend/tests/__pycache__/test_historical_infrastructure.cpython-310-pytest-9.1.1.pyc,d3fd1a19cd293671030d1974661d5e8a4152cc3682c992549447f41cf118134a,backend/tests/__pycache__/test_historical_infrastructure.cpython-310-pytest-9.1.1.pyc,keep,Integration Architect,P2-G0,Canonical base asset
repo_b,backend/tests/__pycache__/test_horizon_contract.cpython-310-pytest-9.1.1.pyc,62917e3df1f45aa211afa633f6bde556753ca25c4b23ff2cf1a5172b44703f02,backend/tests/__pycache__/test_horizon_contract.cpython-310-pytest-9.1.1.pyc,keep,Integration Architect,P2-G0,Canonical base asset
repo_b,backend/tests/__pycache__/test_independent_truth.cpython-310-pytest-9.1.1.pyc,3c051ea01c6d8748a55d73ef73916e8bc5711d69a142df3a2b319e5b972d7644,backend/tests/__pycache__/test_independent_truth.cpython-310-pytest-9.1.1.pyc,keep,Integration Architect,P2-G0,Canonical base asset
repo_b,backend/tests/__pycache__/test_leakage_integration.cpython-310-pytest-9.1.1.pyc,0c27faad45bb8e276dc2e6d9454e5521d3894afb6191c4d5eb4f98c94bfd3e1b,backend/tests/__pycache__/test_leakage_integration.cpython-310-pytest-9.1.1.pyc,keep,Integration Architect,P2-G0,Canonical base asset
repo_b,backend/tests/__pycache__/test_live_serving.cpython-310-pytest-9.1.1.pyc,7fbbfd5b55cf197132502699ab4008471ab2a41f3720b1f5d6f623850f025836,backend/tests/__pycache__/test_live_serving.cpython-310-pytest-9.1.1.pyc,keep,Integration Architect,P2-G0,Canonical base asset
repo_b,backend/tests/__pycache__/test_ml_features.cpython-310-pytest-9.1.1.pyc,e2f8bdb19658ebdb8963b980c5bd348a2b3cc71e02ad5abd9162dd99cf9e0770,backend/tests/__pycache__/test_ml_features.cpython-310-pytest-9.1.1.pyc,keep,Integration Architect,P2-G0,Canonical base asset
repo_b,backend/tests/__pycache__/test_ml_model_and_eval.cpython-310-pytest-9.1.1.pyc,5245c3b6fbe4d2827af10e8d24762f8c6f4fd0bb74f4657614846a30f0dad31a,backend/tests/__pycache__/test_ml_model_and_eval.cpython-310-pytest-9.1.1.pyc,keep,Integration Architect,P2-G0,Canonical base asset
repo_b,backend/tests/__pycache__/test_ml_splitting.cpython-310-pytest-9.1.1.pyc,e4d030f4a2976e703838c41037d9015863ee98e77591e347ec673775778abbfc,backend/tests/__pycache__/test_ml_splitting.cpython-310-pytest-9.1.1.pyc,keep,Integration Architect,P2-G0,Canonical base asset
repo_b,backend/tests/__pycache__/test_model_integration.cpython-310-pytest-9.1.1.pyc,ac8276608a5c61f4cdedd332977257ebf486c5ab2db1b92e5899d50cbe49ecc6,backend/tests/__pycache__/test_model_integration.cpython-310-pytest-9.1.1.pyc,keep,Integration Architect,P2-G0,Canonical base asset
repo_b,backend/tests/__pycache__/test_model_version_shift.cpython-310-pytest-9.1.1.pyc,6144acab01dd7d7993a76688d328b5067d12681534ccc2f244db0815660edaf5,backend/tests/__pycache__/test_model_version_shift.cpython-310-pytest-9.1.1.pyc,keep,Integration Architect,P2-G0,Canonical base asset
repo_b,backend/tests/__pycache__/test_monsoon_contract.cpython-310-pytest-9.1.1.pyc,45b132ef7126ae825045d7e49f3ae5568904f8a2a0a852e2c193d3be147763ce,backend/tests/__pycache__/test_monsoon_contract.cpython-310-pytest-9.1.1.pyc,keep,Integration Architect,P2-G0,Canonical base asset
repo_b,backend/tests/__pycache__/test_monsoon_targets.cpython-310-pytest-9.1.1.pyc,8b8bb9602985688944540ae5e8947c2ffbe0dbcab4977947a4b286c3cd402559,backend/tests/__pycache__/test_monsoon_targets.cpython-310-pytest-9.1.1.pyc,keep,Integration Architect,P2-G0,Canonical base asset
repo_b,backend/tests/__pycache__/test_multi_location.cpython-310-pytest-9.1.1.pyc,375a27b7458dc86474794b4178feccec4d0d2d5dc359ec948ad6d1ed52d55549,backend/tests/__pycache__/test_multi_location.cpython-310-pytest-9.1.1.pyc,keep,Integration Architect,P2-G0,Canonical base asset
repo_b,backend/tests/__pycache__/test_multi_system.cpython-310-pytest-9.1.1.pyc,4498bd767a5e03937a07864705964f353a36fbebcea94e2c70bdb8fa29086757,backend/tests/__pycache__/test_multi_system.cpython-310-pytest-9.1.1.pyc,keep,Integration Architect,P2-G0,Canonical base asset
repo_b,backend/tests/__pycache__/test_observability.cpython-310-pytest-9.1.1.pyc,b6e8ee292cb5de7bcbaf81e1ea0dd90e6f834af89516fe1a639f63f0eb9a3304,backend/tests/__pycache__/test_observability.cpython-310-pytest-9.1.1.pyc,keep,Integration Architect,P2-G0,Canonical base asset
repo_b,backend/tests/__pycache__/test_phase1_bust_labeling.cpython-310-pytest-9.1.1.pyc,4d3e5c0da4e35ae27bd957715ec5fa7a4c93a4637f9da16d5abe4df598a0f5af,backend/tests/__pycache__/test_phase1_bust_labeling.cpython-310-pytest-9.1.1.pyc,keep,Integration Architect,P2-G0,Canonical base asset
repo_b,backend/tests/__pycache__/test_phase2_feature_engineering.cpython-310-pytest-9.1.1.pyc,643296afe90e5426e892cd6e7c92bb4217ade7ca25f48ff0da09631b326c162e,backend/tests/__pycache__/test_phase2_feature_engineering.cpython-310-pytest-9.1.1.pyc,keep,Integration Architect,P2-G0,Canonical base asset
repo_b,backend/tests/__pycache__/test_phase3_ood_calibration.cpython-310-pytest-9.1.1.pyc,ec8f83c3ca570dba05f45d00bceaa2ed76b34abaa8b10656427638a7ea881354,backend/tests/__pycache__/test_phase3_ood_calibration.cpython-310-pytest-9.1.1.pyc,keep,Integration Architect,P2-G0,Canonical base asset
repo_b,backend/tests/__pycache__/test_phase4_prediction_schema.cpython-310-pytest-9.1.1.pyc,e35e6f4f1b3872a649581bda3f43c8304c8f22efc8b4886ee4d02c141652174e,backend/tests/__pycache__/test_phase4_prediction_schema.cpython-310-pytest-9.1.1.pyc,keep,Integration Architect,P2-G0,Canonical base asset
repo_b,backend/tests/__pycache__/test_phase5_api_contract.cpython-310-pytest-9.1.1.pyc,0f958021e6eb2d340ed840a7f90d1c2e14e0c8d4f470c91d01ac6943f3618945,backend/tests/__pycache__/test_phase5_api_contract.cpython-310-pytest-9.1.1.pyc,keep,Integration Architect,P2-G0,Canonical base asset
repo_b,backend/tests/__pycache__/test_phase6_data_pipeline.cpython-310-pytest-9.1.1.pyc,df427a81ba9de1462d0920ec014cd1f83f2cdb768807273de836e6df220c68c8,backend/tests/__pycache__/test_phase6_data_pipeline.cpython-310-pytest-9.1.1.pyc,keep,Integration Architect,P2-G0,Canonical base asset
repo_b,backend/tests/__pycache__/test_phase7_evaluation_framework.cpython-310-pytest-9.1.1.pyc,9db55efa0fedd45ed2717b5929b70b574c6b62b3519d2adbc0305ff0b56fc66d,backend/tests/__pycache__/test_phase7_evaluation_framework.cpython-310-pytest-9.1.1.pyc,keep,Integration Architect,P2-G0,Canonical base asset
repo_b,backend/tests/__pycache__/test_phase9_security_hardening.cpython-310-pytest-9.1.1.pyc,5d2909bbf335fd4f28cd1fc4990d9042cae11ba6c62fe51a8d99a060bdd2b859,backend/tests/__pycache__/test_phase9_security_hardening.cpython-310-pytest-9.1.1.pyc,keep,Integration Architect,P2-G0,Canonical base asset
repo_b,backend/tests/__pycache__/test_precipitation_contract.cpython-310-pytest-9.1.1.pyc,4097d1389de4d4b2089f15f8b6b4858c24f7cff35f68a65721d592e04e03c24e,backend/tests/__pycache__/test_precipitation_contract.cpython-310-pytest-9.1.1.pyc,keep,Integration Architect,P2-G0,Canonical base asset
repo_b,backend/tests/__pycache__/test_precipitation_targets.cpython-310-pytest-9.1.1.pyc,df7ecd57ca97ecd219dfebd305232ce1dbaf9ff7996031af37aad671f77c56b4,backend/tests/__pycache__/test_precipitation_targets.cpython-310-pytest-9.1.1.pyc,keep,Integration Architect,P2-G0,Canonical base asset
repo_b,backend/tests/__pycache__/test_predict.cpython-310-pytest-9.1.1.pyc,a7256a4a0d0c09fe67114c78984704a424a1ffdde1215de7a2bc9372076c4290,backend/tests/__pycache__/test_predict.cpython-310-pytest-9.1.1.pyc,keep,Integration Architect,P2-G0,Canonical base asset
repo_b,backend/tests/__pycache__/test_production_hardening.cpython-310-pytest-9.1.1.pyc,d3e03b389a12f4a53f4bec5c95f57916abec9a6e8d81fbadb4dabead6ce83c9f,backend/tests/__pycache__/test_production_hardening.cpython-310-pytest-9.1.1.pyc,keep,Integration Architect,P2-G0,Canonical base asset
repo_b,backend/tests/__pycache__/test_qc.cpython-310-pytest-9.1.1.pyc,575ab9853428ec4d5b2df887237f40816648d44af23edd57f69931b17a49e9b4,backend/tests/__pycache__/test_qc.cpython-310-pytest-9.1.1.pyc,keep,Integration Architect,P2-G0,Canonical base asset
repo_b,backend/tests/__pycache__/test_recovery_engine.cpython-310-pytest-9.1.1.pyc,6544cd6c61a8e4e5c6f83362864cf971984ac1e49145d64aed3f7007004c0ab7,backend/tests/__pycache__/test_recovery_engine.cpython-310-pytest-9.1.1.pyc,keep,Integration Architect,P2-G0,Canonical base asset
repo_b,backend/tests/__pycache__/test_reference_uncertainty.cpython-310-pytest-9.1.1.pyc,850b91f68800645ce1c151700e57e3f9a62e2f4b2ac2b084b0deda602e17353b,backend/tests/__pycache__/test_reference_uncertainty.cpython-310-pytest-9.1.1.pyc,keep,Integration Architect,P2-G0,Canonical base asset
repo_b,backend/tests/__pycache__/test_reliability_state.cpython-310-pytest-9.1.1.pyc,028ca8137c14aa275b58e06ef09f6b05a2d036d08a40ab3edd8c24b6399d749c,backend/tests/__pycache__/test_reliability_state.cpython-310-pytest-9.1.1.pyc,keep,Integration Architect,P2-G0,Canonical base asset
repo_b,backend/tests/__pycache__/test_schemas.cpython-310-pytest-9.1.1.pyc,d36183127fe2d18d9a41675bfe9ab2003af87b37a9f08035ef4657fcdd8064aa,backend/tests/__pycache__/test_schemas.cpython-310-pytest-9.1.1.pyc,keep,Integration Architect,P2-G0,Canonical base asset
repo_b,backend/tests/__pycache__/test_services.cpython-310-pytest-9.1.1.pyc,b1279545818aaa3929c9cc563698017ab9a3d5583be2e58ebd0f05982d2cf314,backend/tests/__pycache__/test_services.cpython-310-pytest-9.1.1.pyc,keep,Integration Architect,P2-G0,Canonical base asset
repo_b,backend/tests/__pycache__/test_spatial_graph.cpython-310-pytest-9.1.1.pyc,6430fad1a6c67398eb71177cef272a154792edec21942958a94a83d074cf9264,backend/tests/__pycache__/test_spatial_graph.cpython-310-pytest-9.1.1.pyc,keep,Integration Architect,P2-G0,Canonical base asset
repo_b,backend/tests/__pycache__/test_spatial_leakage.cpython-310-pytest-9.1.1.pyc,c38d006f4fddba3cf55788496748fc4eb5f8f7951e1a6631e2def9bc6629a8e3,backend/tests/__pycache__/test_spatial_leakage.cpython-310-pytest-9.1.1.pyc,keep,Integration Architect,P2-G0,Canonical base asset
repo_b,backend/tests/__pycache__/test_spatial_propagation.cpython-310-pytest-9.1.1.pyc,c65752f012c6773aeba9b00928c847a0f0a29e79f361057b4caf82c99c6186df,backend/tests/__pycache__/test_spatial_propagation.cpython-310-pytest-9.1.1.pyc,keep,Integration Architect,P2-G0,Canonical base asset
repo_b,backend/tests/__pycache__/test_ui_reliability_fields.cpython-310-pytest-9.1.1.pyc,070f0eecfd6f4564afaff9a10a11b943e69e4134f80e41ddbff725dcc1ee753c,backend/tests/__pycache__/test_ui_reliability_fields.cpython-310-pytest-9.1.1.pyc,keep,Integration Architect,P2-G0,Canonical base asset
repo_b,backend/tests/__pycache__/test_unit_conversion.cpython-310-pytest-9.1.1.pyc,71d4222192f498dbf04fd7eae475adf8b0dcfcdf0c14f4c05d2dfb2a8c24ae14,backend/tests/__pycache__/test_unit_conversion.cpython-310-pytest-9.1.1.pyc,keep,Integration Architect,P2-G0,Canonical base asset
repo_b,backend/tests/__pycache__/test_v3_artifact_integrity.cpython-310-pytest-9.1.1.pyc,4d583b5e57d23a62fce69969c01d9dc6eb115cf4f3c3fed884af384f0b57e330,backend/tests/__pycache__/test_v3_artifact_integrity.cpython-310-pytest-9.1.1.pyc,keep,Integration Architect,P2-G0,Canonical base asset
repo_b,backend/tests/__pycache__/test_v3_calibration.cpython-310-pytest-9.1.1.pyc,7eb1e8f477f5f1e5b5ad2e334a1663fca5b21f769dceb45190388eded2a99228,backend/tests/__pycache__/test_v3_calibration.cpython-310-pytest-9.1.1.pyc,keep,Integration Architect,P2-G0,Canonical base asset
repo_b,backend/tests/__pycache__/test_v3_ensemble_contract.cpython-310-pytest-9.1.1.pyc,dbd3e0807bbdf12987d6c30e88a1923f2922324b9a1311e9123b124d0dff1cd4,backend/tests/__pycache__/test_v3_ensemble_contract.cpython-310-pytest-9.1.1.pyc,keep,Integration Architect,P2-G0,Canonical base asset
repo_b,backend/tests/__pycache__/test_v3_failure_safety.cpython-310-pytest-9.1.1.pyc,6dbc258322e8c19d5d3f92a47157bdbbd35283e8996d7ca4d208275cecf1ca7f,backend/tests/__pycache__/test_v3_failure_safety.cpython-310-pytest-9.1.1.pyc,keep,Integration Architect,P2-G0,Canonical base asset
repo_b,backend/tests/__pycache__/test_v3_feature_contract.cpython-310-pytest-9.1.1.pyc,3ea9aa0a090875292a3c98493faf34090281af6edf838934021a23ad80dba884,backend/tests/__pycache__/test_v3_feature_contract.cpython-310-pytest-9.1.1.pyc,keep,Integration Architect,P2-G0,Canonical base asset
repo_b,backend/tests/__pycache__/test_v3_reference_parity.cpython-310-pytest-9.1.1.pyc,54fc5496335ffa0100f644f5c4704dd6a5f9d7f75dc8d21ead149869eedfa360,backend/tests/__pycache__/test_v3_reference_parity.cpython-310-pytest-9.1.1.pyc,keep,Integration Architect,P2-G0,Canonical base asset
repo_b,backend/tests/__pycache__/test_v3_unit_contract.cpython-310-pytest-9.1.1.pyc,37e545b4c4ed4311a5dda1317bb4261f62fa2c8f854f73ac779e1c4891e9c5a8,backend/tests/__pycache__/test_v3_unit_contract.cpython-310-pytest-9.1.1.pyc,keep,Integration Architect,P2-G0,Canonical base asset
repo_b,backend/tests/__pycache__/test_vercel_entrypoint.cpython-310-pytest-9.1.1.pyc,2071e4d489ef89c344747627cb90db4cd52cd386a9334504fbb80d1bc73c21c0,backend/tests/__pycache__/test_vercel_entrypoint.cpython-310-pytest-9.1.1.pyc,keep,Integration Architect,P2-G0,Canonical base asset
repo_b,backend/tests/__pycache__/test_weather_ingestion.cpython-310-pytest-9.1.1.pyc,5e2bb590964a8dbeb436799bf1d054f6cfcb67096347fd52b23f913da37ff2c0,backend/tests/__pycache__/test_weather_ingestion.cpython-310-pytest-9.1.1.pyc,keep,Integration Architect,P2-G0,Canonical base asset
repo_b,backend/tests/__pycache__/test_western_disturbance_contract.cpython-310-pytest-9.1.1.pyc,eec068f55f2d603bde5a919a42f08d576abb413dcd69f83105ca01c5b01bd916,backend/tests/__pycache__/test_western_disturbance_contract.cpython-310-pytest-9.1.1.pyc,keep,Integration Architect,P2-G0,Canonical base asset
repo_b,backend/tests/__pycache__/test_western_disturbance_targets.cpython-310-pytest-9.1.1.pyc,a8829702e2c797000d026263d2d3d1f29800fbe2ae32d1bbc0d00eed27f7b646,backend/tests/__pycache__/test_western_disturbance_targets.cpython-310-pytest-9.1.1.pyc,keep,Integration Architect,P2-G0,Canonical base asset
repo_b,backend/tests/__pycache__/__init__.cpython-310.pyc,453cd83b0f7a245c0871b4c1fa2ddce47de2ee1e86c1930747426085605f7af4,backend/tests/__pycache__/__init__.cpython-310.pyc,keep,Integration Architect,P2-G0,Canonical base asset
repo_b,configs/benchmark_ladder.yaml,6522f8f5db419fe57eba4addb1c1e9593906af10db57aff4fe3efa94dd7c5029,configs/benchmark_ladder.yaml,keep,Integration Architect,P2-G0,Canonical base asset
repo_b,data/alert_watchlist_contract.json,9ef4a63e852faa7632d3bf8ad3e56bda03fbcc7d590fca4e31fa53e7db24346d,data/alert_watchlist_contract.json,keep,Integration Architect,P2-G0,Canonical base asset
repo_b,data/counterfactual_crash_test_report.json,7a591b23eb913e3577d2a9cc8b381bc04ede86cd62ec0d7424617db3fea821d7,data/counterfactual_crash_test_report.json,keep,Integration Architect,P2-G0,Canonical base asset
repo_b,data/cross_system_evidence.json,f517ecf23140876b44bdc2089fabdf0e11366949687607889dbb70dea85cfd2e,data/cross_system_evidence.json,keep,Integration Architect,P2-G0,Canonical base asset
repo_b,data/cyclone_event_catalogue.json,56e9930d2e6f091046c4390eaab8ebcf91fdeebbeb50654418d3410126c8fb7a,data/cyclone_event_catalogue.json,keep,Integration Architect,P2-G0,Canonical base asset
repo_b,data/cyclone_target_manifest.json,58f61000924a65b06ad8e595c03c16cc3fafc902ccc4147c353ae004759392d9,data/cyclone_target_manifest.json,keep,Integration Architect,P2-G0,Canonical base asset
repo_b,data/data_manifest.json,9e4059d6fcf3f571a44ddf29cdd9f85a982658d5b7b09bc232e728f0a7e51d61,data/data_manifest.json,keep,Integration Architect,P2-G0,Canonical base asset
repo_b,data/frontier_challenger_report.json,5724607aa527f742f2b38492cfb99b4d066ca87dd0eb3f031968a4e7d63bbf80,data/frontier_challenger_report.json,keep,Integration Architect,P2-G0,Canonical base asset
repo_b,data/hazard_availability_matrix.json,d27ce1577da902f90b8158a991f16f4ce12f7e6c8e8ac0f9a024859ec30bf188,data/hazard_availability_matrix.json,keep,Integration Architect,P2-G0,Canonical base asset
repo_b,data/hazard_calibration_registry.json,2ad517e971de42299353789a2dec309cbcd42811fe9209140aa9c73a74e5ff6f,data/hazard_calibration_registry.json,keep,Integration Architect,P2-G0,Canonical base asset
repo_b,data/heatwave_event_catalogue.json,5a311249aebab2e6819b93185892f4a616d6515aabe1d15b266ec21684a604b4,data/heatwave_event_catalogue.json,keep,Integration Architect,P2-G0,Canonical base asset
repo_b,data/heatwave_target_manifest.json,abb7df1b512cee34bf22a37123632c5cafebc165387782c6eb932baa05ab3c4a,data/heatwave_target_manifest.json,keep,Integration Architect,P2-G0,Canonical base asset
repo_b,data/monsoon_event_catalogue.json,366775328592acd7252f7366638cbf0a6e2ea7f9ae18ea4a09bbc846233ae243,data/monsoon_event_catalogue.json,keep,Integration Architect,P2-G0,Canonical base asset
repo_b,data/monsoon_target_manifest.json,9fab9212c7fc45e346b23450f2089b71815ef1d56680901231ec2684a0c38663,data/monsoon_target_manifest.json,keep,Integration Architect,P2-G0,Canonical base asset
repo_b,data/ood_drift_ledger.json,b0c2d7541f43036217f543b431ec3819e1ef72f66df5e839a30625e4b90b44f3,data/ood_drift_ledger.json,keep,Integration Architect,P2-G0,Canonical base asset
repo_b,data/operational_hazard_registry.json,00fdab3c868c7bad699263ce95409e675a99f38e1585eace04523107d4820731,data/operational_hazard_registry.json,keep,Integration Architect,P2-G0,Canonical base asset
repo_b,data/precipitation_target_manifest.json,3ddf23f11c5fe20476ca21c82b3bebfecbafb90a058da5832b11feb34b9dfd51,data/precipitation_target_manifest.json,keep,Integration Architect,P2-G0,Canonical base asset
repo_b,data/reference_audit_manifest.json,20929f2fa6f6293a7a03c093e680c6fbf0b0be53a51b91f852a4067a5cc27194,data/reference_audit_manifest.json,keep,Integration Architect,P2-G0,Canonical base asset
repo_b,data/reference_manifest.json,659989c5cc4d597bf2283b8fb7249734a7d478235003fe5e1f509854e6e1083d,data/reference_manifest.json,keep,Integration Architect,P2-G0,Canonical base asset
repo_b,data/spatial_network_topology.json,1a976612b5279773a62d282b70d64a002f36120b30f583ea9771926897e59bc4,data/spatial_network_topology.json,keep,Integration Architect,P2-G0,Canonical base asset
repo_b,data/spatial_target_manifest.json,60cfe223a0a76799af9a93f245c78435bacae82b07a15fe1fec620ede7d24d12,data/spatial_target_manifest.json,keep,Integration Architect,P2-G0,Canonical base asset
repo_b,data/target_manifest.json,b1b30005496ab11e6377fc0a2d4e5e9ddec251d2ed7afec527ae750825f0e405,data/target_manifest.json,keep,Integration Architect,P2-G0,Canonical base asset
repo_b,data/western_disturbance_event_catalogue.json,d400a676ab838794f43130df0ad5e37b1f210fbef3c38f3de0e51c8960ff3dd3,data/western_disturbance_event_catalogue.json,keep,Integration Architect,P2-G0,Canonical base asset
repo_b,data/western_disturbance_target_manifest.json,abd28f4c1e60de6f6a3ee49169c6cfa91499aec4ada02ed8ff6c4b434e50e6b4,data/western_disturbance_target_manifest.json,keep,Integration Architect,P2-G0,Canonical base asset
repo_b,data/evaluation/benchmark_ladder_results.json,6be939ca383e79ea6b687de04d41d5eb009d76d8d604de3c33419d0c4dbdd4ab,data/evaluation/benchmark_ladder_results.json,keep,Integration Architect,P2-G0,Canonical base asset
repo_b,data/evaluation/benchmark_summary.json,f240b9c6f794899d0d84bf424ae93b77a93f81d9687ae09dd0d017a77df0d424,data/evaluation/benchmark_summary.json,keep,Integration Architect,P2-G0,Canonical base asset
repo_b,data/evaluation/trajectory_evaluation_results.json,b608c4a37000a9ce557491d9b0b2c6171bd3aa8635eae4f85ad92d7fa3356ce8,data/evaluation/trajectory_evaluation_results.json,keep,Integration Architect,P2-G0,Canonical base asset
repo_b,data/historical/.gitkeep,baee4b1126cae23cb240be2335eb61d2f34a3c7045ff6627292a9e1ff59adbad,data/historical/.gitkeep,keep,Integration Architect,P2-G0,Canonical base asset
repo_b,data/labels/label_metadata_v2.0.json,a01ad5698a2e1364b436dd3ed9f04b1003bfb08070961782679d3f8cac85da5a,data/labels/label_metadata_v2.0.json,keep,Integration Architect,P2-G0,Canonical base asset
repo_b,data/motifs/motif_catalog.json,d9b49d852e4e2bc09fde2135f4aa55091b609bde11b1bf5c3d0c9349a85af06f,data/motifs/motif_catalog.json,keep,Integration Architect,P2-G0,Canonical base asset
repo_b,data/processed/.gitkeep,8a813ff9bbb9020738870ef49e1b924c33ffd20d0a83e5bc606b99d5c761ce31,data/processed/.gitkeep,keep,Integration Architect,P2-G0,Canonical base asset
repo_b,data/raw/.gitkeep,cfcc139a81e1cf724326d7ba69bfb5ff463cb7f32ba8abaeace8a70a0599a050,data/raw/.gitkeep,keep,Integration Architect,P2-G0,Canonical base asset
repo_b,data/training/.gitkeep,c119de19a71317ff4b005d4f8027d45c721ef39681d2d7afac9f4e0da6c56f19,data/training/.gitkeep,keep,Integration Architect,P2-G0,Canonical base asset
repo_b,demo/replay_case/cyclone_tauktae_may2021.json,f9aa2bbede07b90a6d98c13ba263c4faeffaa0ebaaeaab35acd72d9ced8c24fb,demo/replay_case/cyclone_tauktae_may2021.json,keep,Integration Architect,P2-G0,Canonical base asset
repo_b,demo/replay_case/REPLAY_INSTRUCTIONS.md,6a8f7e00db4614a42a820ff871550bb382ea2545a805cddf80e336c0bc694d4c,demo/replay_case/REPLAY_INSTRUCTIONS.md,keep,Integration Architect,P2-G0,Canonical base asset
repo_b,docs/HORIZON_REQUEST_CONTRACT.md,64acc492bdba51cbbf2a833e71e6559d1be45c3ba7288fbed27ada2f50774ed8,docs/HORIZON_REQUEST_CONTRACT.md,keep,Integration Architect,P2-G0,Canonical base asset
repo_b,docs/IMD_INTEGRATION_ARTIFACT.md,6303b3a5e527041a4a5db09cd316f7ae790e3cca12adb74d066608fbaae6fe51,docs/IMD_INTEGRATION_ARTIFACT.md,keep,Integration Architect,P2-G0,Canonical base asset
repo_b,docs/leakage_report.md,dfc868ecc3f99c4bc69fe618b7ed083e4a987d3bd36ea65f3b28d64a2073f055,docs/leakage_report.md,keep,Integration Architect,P2-G0,Canonical base asset
repo_b,docs/phase-a-report.md,63e1e77f024702d4eed6609fac6c457e873c9f1003c9b9ce1ddc70bd8ac1817a,docs/phase-a-report.md,keep,Integration Architect,P2-G0,Canonical base asset
repo_b,docs/phase-b-report.md,d15d47241e0267bc94784ed4d67ab34999be5a963e75dc16c53e01bebcce369f,docs/phase-b-report.md,keep,Integration Architect,P2-G0,Canonical base asset
repo_b,docs/phase-c-report.md,7fe433e42f3837df9a8200e130cd166119af74fb7570e19a8540e7ec9b9cb987,docs/phase-c-report.md,keep,Integration Architect,P2-G0,Canonical base asset
repo_b,docs/phase-d-report.md,b7a7d6e12ebefb534b21a98fd4b351e910f4a2bc72ff27036c8453fddc2febc4,docs/phase-d-report.md,keep,Integration Architect,P2-G0,Canonical base asset
repo_b,docs/phase-e-report.md,54b668d2764d3dd288ff96ada2bb23845d33e74dd293cbcf094082ca71f0f221,docs/phase-e-report.md,keep,Integration Architect,P2-G0,Canonical base asset
repo_b,docs/phase-f-report.md,e02ed78332dda71612c3b0580747cc340755c5abd1d33c53c6185c6d9b215974,docs/phase-f-report.md,keep,Integration Architect,P2-G0,Canonical base asset
repo_b,docs/phase-g-report.md,deaf4678a64ef64c1b86ee2ac728a6efa2e921ab63bc90f56b1eb671b9f6f183,docs/phase-g-report.md,keep,Integration Architect,P2-G0,Canonical base asset
repo_b,docs/phase-h-report.md,d31524162d14f89cecb8df51c82a2b02e85aa988cc907f58b5b4acd3dddef275,docs/phase-h-report.md,keep,Integration Architect,P2-G0,Canonical base asset
repo_b,docs/phase-i-report.md,52dead2061eb5d6b5816f71580af3e628dadbadef4d4b0f6c9133f2a189599d5,docs/phase-i-report.md,keep,Integration Architect,P2-G0,Canonical base asset
repo_b,docs/phase-j-report.md,b4d0028e7c3c12cafae9c4f6a0aa98296d50e76c7bd43096704ad2ccf3507c09,docs/phase-j-report.md,keep,Integration Architect,P2-G0,Canonical base asset
repo_b,docs/phase-k-report.md,4dc5bd1fee861dcbe030b52f95272fff59cf9c0f590cc39d2ca2bd7da9ec30c4,docs/phase-k-report.md,keep,Integration Architect,P2-G0,Canonical base asset
repo_b,docs/phase-l-report.md,b5a84b1085f11154b34dcb5bc8a64d28d558855b9ce6de4be90516c59f67d7f5,docs/phase-l-report.md,keep,Integration Architect,P2-G0,Canonical base asset
repo_b,docs/phase-1/BUILDER_1.md,092db6e47a33a9641f93b1c8bdb5bc07f51a041bdf310b3741e3ac915e01afe6,docs/phase-1/BUILDER_1.md,keep,Integration Architect,P2-G0,Canonical base asset
repo_b,docs/phase-1/BUILDER_2.md,cd675db23549a209c17dde0524027cdae6b7da58925367f6f2495f6dfcac96c8,docs/phase-1/BUILDER_2.md,keep,Integration Architect,P2-G0,Canonical base asset
repo_b,docs/phase-1/MERGE.md,5e367707dfd4a3cba8103c9f361c78a0953304bd762d7576d8d6ecbe59a727f4,docs/phase-1/MERGE.md,keep,Integration Architect,P2-G0,Canonical base asset
repo_b,docs/phase-2/PHASE_2_DAY_8.md,40a7a9b42fdff2562c047e01fb05c952bd726ba25d51a410960660dc63fd91ba,docs/phase-2/PHASE_2_DAY_8.md,keep,Integration Architect,P2-G0,Canonical base asset
repo_b,docs/phase-2/PHASE_2_DAY_9.md,fae32d79f97268d7f3dee79914ff36a6bc39687868103813768efc372f1b6ea6,docs/phase-2/PHASE_2_DAY_9.md,keep,Integration Architect,P2-G0,Canonical base asset
repo_b,frontend/index.html,e3ffe04658b990e130bd65906b663dbe7963a44d73a6532b4158928ef318425f,frontend/index.html,keep,Integration Architect,P2-G0,Canonical base asset
repo_b,frontend/package-lock.json,cf46d618326eadb5366f6135a102b87d11aaa7575f7f8ec010dc22bd76064512,frontend/package-lock.json,keep,Integration Architect,P2-G0,Canonical base asset
repo_b,frontend/package.json,bb8447de5415a96553e4546542edbd8669d137fcde6101153a06d9b53e93f1ef,frontend/package.json,keep,Integration Architect,P2-G0,Canonical base asset
repo_b,frontend/tsconfig.json,ba766f6b2e67661e74ef260ee7adec78dd7e2b1f3e90bf1d03d01f364732a9ce,frontend/tsconfig.json,keep,Integration Architect,P2-G0,Canonical base asset
repo_b,frontend/vite.config.ts,36245e79e73a520a42899aa41aac498558ebc389ef5bd1a363cf3092065d8327,frontend/vite.config.ts,keep,Integration Architect,P2-G0,Canonical base asset
repo_b,frontend/src/App.tsx,31f19b857b795ec540a8c89536b55d11e5294e85dd279d25a97a7f46b33c7d1d,frontend/src/App.tsx,keep,Integration Architect,P2-G0,Canonical base asset
repo_b,frontend/src/main.tsx,c0af2a18d2d6459b4addbd7957f8f32997bd3cca84c17b91fa420ac8f38803a4,frontend/src/main.tsx,keep,Integration Architect,P2-G0,Canonical base asset
repo_b,frontend/src/vite-env.d.ts,424faf9241dd699dda995b367ed36665732da1e6ec1f33b2fd40394488ecac92,frontend/src/vite-env.d.ts,keep,Integration Architect,P2-G0,Canonical base asset
repo_b,frontend/src/api/client.ts,ee5111c14c3d7b5fd215b9087a375b352ef5ae38536bc530e7fb4c15be138255,frontend/src/api/client.ts,keep,Integration Architect,P2-G0,Canonical base asset
repo_b,frontend/src/api/types.ts,c7b84f4ffd1afe1daef712723a61185b7e5f53fd04e9dcef1e36b3c0ab7c3736,frontend/src/api/types.ts,keep,Integration Architect,P2-G0,Canonical base asset
repo_b,frontend/src/components/AbstentionResult.tsx,d3121b93ac11a84381aea95cb4e786b2b06ab13d33e690e75bf9da5c50020947,frontend/src/components/AbstentionResult.tsx,keep,Integration Architect,P2-G0,Canonical base asset
repo_b,frontend/src/components/AgencyBanner.tsx,0bbb5625c6e1b89d601d3026b6825dca43d291f03e438b1f7ea94c720fb21684,frontend/src/components/AgencyBanner.tsx,keep,Integration Architect,P2-G0,Canonical base asset
repo_b,frontend/src/components/AnalogExplorer.tsx,573e6550c36e96aae54fbd07c6d0355ee06e6530605385104133b43d8ec855a2,frontend/src/components/AnalogExplorer.tsx,keep,Integration Architect,P2-G0,Canonical base asset
repo_b,frontend/src/components/ApiDocsView.tsx,90999f7838606064575ce6db7a4a26cfa414cccfe4d1e81ab8ead45da3806a64,frontend/src/components/ApiDocsView.tsx,keep,Integration Architect,P2-G0,Canonical base asset
repo_b,frontend/src/components/BaselineToggle.tsx,a94885b2888ce5bc3b0b3291648148fe474a117e989916a64e6b85f7991626de,frontend/src/components/BaselineToggle.tsx,keep,Integration Architect,P2-G0,Canonical base asset
repo_b,frontend/src/components/BatchPanel.tsx,59d63064d10b5af8dddfa3d68a0e2d9e0f97268dffe7a5f37db4ee6eb1b7ee4a,frontend/src/components/BatchPanel.tsx,keep,Integration Architect,P2-G0,Canonical base asset
repo_b,frontend/src/components/ErrorView.tsx,15946dcb5931e269d16c6e2082bf349247efa969620e723c1e10c3f03875f08e,frontend/src/components/ErrorView.tsx,keep,Integration Architect,P2-G0,Canonical base asset
repo_b,frontend/src/components/ExplainabilityView.tsx,e67f1ef2547954aa2dd0698124fa0c3297962cf959ae61437367680f7cc37d94,frontend/src/components/ExplainabilityView.tsx,keep,Integration Architect,P2-G0,Canonical base asset
repo_b,frontend/src/components/Footer.tsx,17604cfda4fe67c988a90212fa5f195d39c3ed5b67ecdea7df04e2e826a6bde2,frontend/src/components/Footer.tsx,keep,Integration Architect,P2-G0,Canonical base asset
repo_b,frontend/src/components/ForecastForm.tsx,234e698376976c97b9c579ab0e9e6790f7aa9c7101c9278da053b4d3ea508de4,frontend/src/components/ForecastForm.tsx,keep,Integration Architect,P2-G0,Canonical base asset
repo_b,frontend/src/components/ForecastMap.tsx,9fb7214466e72d661a9b56292eec5e092df151e92f4aedf939e0b0d24bc3cff0,frontend/src/components/ForecastMap.tsx,keep,Integration Architect,P2-G0,Canonical base asset
repo_b,frontend/src/components/ForecastRiskTimeline.tsx,5ee51f4186591460190767c7474faf8c3ec1ea303a6aabae0c83015099c36b9a,frontend/src/components/ForecastRiskTimeline.tsx,keep,Integration Architect,P2-G0,Canonical base asset
repo_b,frontend/src/components/Header.tsx,36818e8e1a2a03b5fc7bc575e5906bbb4adff8eae0fa30a462ceaa3c0a50b34d,frontend/src/components/Header.tsx,keep,Integration Architect,P2-G0,Canonical base asset
repo_b,frontend/src/components/HorizonRiskDetails.tsx,590224b8ad07cd031b474f3298a8985770c677dae81484bfe381345fe2554fc7,frontend/src/components/HorizonRiskDetails.tsx,keep,Integration Architect,P2-G0,Canonical base asset
repo_b,frontend/src/components/LocationForm.tsx,aa83817064592d2f9ce367ca7af1abc107b93a8e35c79039ba0001af090283ab,frontend/src/components/LocationForm.tsx,keep,Integration Architect,P2-G0,Canonical base asset
repo_b,frontend/src/components/ModelCatalog.tsx,194d7a6fe73db304187068718bca76eb5624678e92654713d0d7e8e00575cd1e,frontend/src/components/ModelCatalog.tsx,keep,Integration Architect,P2-G0,Canonical base asset
repo_b,frontend/src/components/ModelEvaluationView.tsx,26aca16784815e99dd4b1e59a3e085b3f166988515a8ff3a4820aa3be51bc806,frontend/src/components/ModelEvaluationView.tsx,keep,Integration Architect,P2-G0,Canonical base asset
repo_b,frontend/src/components/Navigation.tsx,7c791b16d0a89d5090bc0b48c10c45604b9af43933bfd91acf3c62c7ead15516,frontend/src/components/Navigation.tsx,keep,Integration Architect,P2-G0,Canonical base asset
repo_b,frontend/src/components/PredictionResult.tsx,7cf581d4818ba996678c716a5a4f7fc9d9cb71f5c5bcafac54dcd21917bda8b3,frontend/src/components/PredictionResult.tsx,keep,Integration Architect,P2-G0,Canonical base asset
repo_b,frontend/src/components/ProvenanceDrawer.tsx,e669e0617509355aa52391ca229c44f1d9f0b431f0bfa7c8cdd648c30fe1fa2f,frontend/src/components/ProvenanceDrawer.tsx,keep,Integration Architect,P2-G0,Canonical base asset
repo_b,frontend/src/components/ReplayView.tsx,bf81e43add8f544f23438e827bfe33db6f9de1548fb6f9f6871e680c18bbfca1,frontend/src/components/ReplayView.tsx,keep,Integration Architect,P2-G0,Canonical base asset
repo_b,frontend/src/components/ResearchMetrics.tsx,d874c3610bcd31a31a52a15bd025406115500eba4a720106cdbeeb0020906a73,frontend/src/components/ResearchMetrics.tsx,keep,Integration Architect,P2-G0,Canonical base asset
repo_b,frontend/src/components/TimelineChart.tsx,e608c1119dcdbe2b70a014eea767406c1a6ad35a38eae52c976f4b613dcdb695,frontend/src/components/TimelineChart.tsx,keep,Integration Architect,P2-G0,Canonical base asset
repo_b,frontend/src/components/VerificationPanel.tsx,ff31019852a37233297207d65868a164583646efa4962fefa960a0e09b55e216,frontend/src/components/VerificationPanel.tsx,keep,Integration Architect,P2-G0,Canonical base asset
repo_b,frontend/src/data/locations.ts,aa8680e75dfcf173e76797f7c4e2a4e88a526d81476e7a2d355e1157a020eec3,frontend/src/data/locations.ts,keep,Integration Architect,P2-G0,Canonical base asset
repo_b,frontend/src/styles/index.css,b0a8a332563d6a7d45f4a39af57e1975d8f0227dbddc8dc2401aafc2a19057d9,frontend/src/styles/index.css,keep,Integration Architect,P2-G0,Canonical base asset
repo_b,frontend/src/test/Dashboard.test.tsx,069648bb6007e77f060c3f7b443a4aa6451abf02e4a0f4f66d95854c34dd6989,frontend/src/test/Dashboard.test.tsx,keep,Integration Architect,P2-G0,Canonical base asset
repo_b,frontend/src/test/Day24ProbabilisticIntelligence.test.tsx,055cdfa56ffe22bb4f22e6e318dd2a9f2e1bfacf8a7f6af4322fa5d88f3baedb,frontend/src/test/Day24ProbabilisticIntelligence.test.tsx,keep,Integration Architect,P2-G0,Canonical base asset
repo_b,frontend/src/test/ParityVerification.test.tsx,596f96748c221a03f1ab6ffcb3e14fe2e07d1f7bfd0a2eb99407b379732a82bf,frontend/src/test/ParityVerification.test.tsx,keep,Integration Architect,P2-G0,Canonical base asset
repo_b,frontend/src/test/RiskTimeline.test.tsx,a0495419db8defe6a3817582f99da0ddbf815e1b97fa967a35e67c5f059d4205,frontend/src/test/RiskTimeline.test.tsx,keep,Integration Architect,P2-G0,Canonical base asset
repo_b,frontend/src/test/setup.ts,8e24e983e7b516bdcffcc181dfae22281990797d9014e50f51e452ea553819f9,frontend/src/test/setup.ts,keep,Integration Architect,P2-G0,Canonical base asset
repo_b,lib/libgomp.so.1,98b21ff32bb07b53f1fb266d887d2db0086ea66c8ad03696a1db53f65321cd94,lib/libgomp.so.1,keep,Integration Architect,P2-G0,Canonical base asset
repo_b,lib/LICENSE.txt,97db64f15d5585c6fed24d1c1bda9e8ca980b1fd0c32bf37920ad5c075ad5459,lib/LICENSE.txt,keep,Integration Architect,P2-G0,Canonical base asset
repo_b,models/.gitkeep,4c7df2174b08eeb8504447bfa64573e6effab36f4036e5d25d43b016d0f13d5c,models/.gitkeep,keep,Integration Architect,P2-G0,Canonical base asset
repo_b,models/baseline_logistic_v1.joblib,b0d948bbf70104860a81b66bea355148e446430a8363e1a6e376299d34a873e7,models/baseline_logistic_v1.joblib,keep_baseline,Integration Architect,P3-G3,Legacy comparison baseline only; do not deploy as active model
repo_b,models/baseline_logistic_v1_metadata.json,1b56193df966196ee94a13e3244b6c9e73280e0e8227e69123dca055627f64ec,models/baseline_logistic_v1_metadata.json,keep_baseline,Integration Architect,P3-G3,Legacy comparison baseline only; do not deploy as active model
repo_b,models/day4/lightgbm_bust_model.joblib,510818e3c843735fd7b7e813f0c7a70074443f4c15d4c0201036c25b29b0a8ca,models/day4/lightgbm_bust_model.joblib,keep_baseline,Integration Architect,P3-G3,Legacy comparison baseline only; do not deploy as active model
repo_b,models/day4/model_metadata.json,3f3263a0af4dc4682b00bffa79a8a7d690ba3abd9827123d564ca317c1097614,models/day4/model_metadata.json,keep_baseline,Integration Architect,P3-G3,Legacy comparison baseline only; do not deploy as active model
repo_b,models/day4/probability_calibrator.joblib,98c53a14f04356688427a352a609e34f07ada42b46bcdc055c5d84a84c7f1b76,models/day4/probability_calibrator.joblib,keep_baseline,Integration Architect,P3-G3,Legacy comparison baseline only; do not deploy as active model
repo_b,models/v3/artifact_manifest.json,9d4d7690a95444324f592e487de4ce32480f537d06f5c5914dfb686e81f1cc60,models/v3/artifact_manifest.json,keep,Integration Architect,P2-G0,Canonical base asset
repo_b,models/v3/CYCLONE_RELIABILITY_V1.json,a044f4c4187aa2f423ec1509c1e589478a42c2260f4a81464a83fb455242a1d4,models/v3/CYCLONE_RELIABILITY_V1.json,keep,Integration Architect,P2-G0,Canonical base asset
repo_b,models/v3/feature_names.json,265cffbbd157a2b8b8b46d3702438050980043b5ed3a6a646a7969cdb9853355,models/v3/feature_names.json,repair,Integration Architect,P3-G2,Feature checksum mismatch repair required in Phase 3
repo_b,models/v3/HEATWAVE_RELIABILITY_V1.json,1d30c15e1f2f210fe547ffc9958b89c27fa5171cf9debd10ab8500a3da0f5c81,models/v3/HEATWAVE_RELIABILITY_V1.json,keep,Integration Architect,P2-G0,Canonical base asset
repo_b,models/v3/lightgbm_v3_challenger.joblib,00a8410746f4a0eecbf7e76aaa0565143fc948d0e06aea65e7bcc4ce28a1c660,models/v3/lightgbm_v3_challenger.joblib,keep,Integration Architect,P2-G0,Canonical base asset
repo_b,models/v3/MONSOON_RELIABILITY_V1.json,8be4f0136be113c7011a6bb1321e6aef739782c4fca413a34d36fe29ee342190,models/v3/MONSOON_RELIABILITY_V1.json,keep,Integration Architect,P2-G0,Canonical base asset
repo_b,models/v3/PRECIP_RELIABILITY_V1.json,c5cba5eb0bff1972aa707dc2fe3ff3fcea6444c9c49f5a4ddb4034874986c08c,models/v3/PRECIP_RELIABILITY_V1.json,keep,Integration Architect,P2-G0,Canonical base asset
repo_b,models/v3/probability_calibrator_v3.joblib,9f448606ce4338ded92f238a551b3a9d8e6d2cb5902e8bc687bce5f5850af531,models/v3/probability_calibrator_v3.joblib,keep,Integration Architect,P2-G0,Canonical base asset
repo_b,models/v3/SPATIAL_RELIABILITY_V1.json,193b44ebd83744b3f458aba60108a239365da365d9e986c7083b42bb8fe8b129,models/v3/SPATIAL_RELIABILITY_V1.json,keep,Integration Architect,P2-G0,Canonical base asset
repo_b,models/v3/training_manifest.json,b90492a546e03966f8734191545375819fe7ae9aae4bff765733ef0d83d58c11,models/v3/training_manifest.json,keep,Integration Architect,P2-G0,Canonical base asset
repo_b,models/v3/V3_CERTIFIED.json,efd14410b2b3d19a10c73bbbf34d49b9b884915e5c7cf02352abf9883dd1ef23,models/v3/V3_CERTIFIED.json,keep,Integration Architect,P2-G0,Canonical base asset
repo_b,models/v3/v3_comprehensive_evaluation.json,85e8f87f3b43402381537a048830ae176316e4bda5479590d48b1be1e907b2ac,models/v3/v3_comprehensive_evaluation.json,keep,Integration Architect,P2-G0,Canonical base asset
repo_b,models/v3/v3_evaluation_manifest.json,542a026533e4d9e6311b7032b2bda796377e7c6573b9582d6bed3b086d82e52d,models/v3/v3_evaluation_manifest.json,keep,Integration Architect,P2-G0,Canonical base asset
repo_b,models/v3/WD_RELIABILITY_V1.json,1b8c966205662871f52ea6b1ad099a859e70db220ca94cc97110acdd543e8688,models/v3/WD_RELIABILITY_V1.json,keep,Integration Architect,P2-G0,Canonical base asset
repo_b,round2-report/phase10_completion_report.md,749090129c4284510aec682beeaa27bbd4ab8eb78956312ba89f22195fe0ebf9,round2-report/phase10_completion_report.md,keep,Integration Architect,P2-G0,Canonical base asset
repo_b,round2-report/phase1_completion_report.md,47fd61ac4fe4674d5de0c0b5a4db594fca7b589406f8682758439e4972d53692,round2-report/phase1_completion_report.md,keep,Integration Architect,P2-G0,Canonical base asset
repo_b,round2-report/phase2_completion_report.md,00b09e73249ed73bcf7d4efb5063cb1eaf5224d183e6ddd7eab892bd2bfd5112,round2-report/phase2_completion_report.md,keep,Integration Architect,P2-G0,Canonical base asset
repo_b,round2-report/phase3_completion_report.md,5728a175368a64aa652fb0f45afd59fabea2b717bbb7c58fa2c28ba8d22337aa,round2-report/phase3_completion_report.md,keep,Integration Architect,P2-G0,Canonical base asset
repo_b,round2-report/phase4_completion_report.md,69e22df8af722a779e2402f073c6a827d7c9d6ff6ca852df59b030e82fead3de,round2-report/phase4_completion_report.md,keep,Integration Architect,P2-G0,Canonical base asset
repo_b,round2-report/phase5_completion_report.md,e3c772ab7e70fda1d6a72caf535f3df26c8b9ef37d20c1e020a10ec33fcf1d3a,round2-report/phase5_completion_report.md,keep,Integration Architect,P2-G0,Canonical base asset
repo_b,round2-report/phase6_completion_report.md,d5dd03b3dea0a62787887819584996e942bc7d7957d33e0c9c864895de5483d0,round2-report/phase6_completion_report.md,keep,Integration Architect,P2-G0,Canonical base asset
repo_b,round2-report/phase7_completion_report.md,9ee5388c36e7fec8ba93d077ac360cdf929137e5c1403e6812662fbb8e1ca906,round2-report/phase7_completion_report.md,keep,Integration Architect,P2-G0,Canonical base asset
repo_b,round2-report/phase8_completion_report.md,d625c0f06c59d760d63806a4d864ed3b107c0f8932a6e7f0e6cfd44857b9683a,round2-report/phase8_completion_report.md,keep,Integration Architect,P2-G0,Canonical base asset
repo_b,round2-report/phase9_completion_report.md,849d2510e0fcf2016476a8b8d7e40beac288bf777ca672647e411905011df53c,round2-report/phase9_completion_report.md,keep,Integration Architect,P2-G0,Canonical base asset
repo_b,scripts/banner.py,1f77e4a95b1e60c47048a6b56a327d13ffdf1acc31e98e36cefbcca0dab7973d,scripts/banner.py,keep,Integration Architect,P2-G0,Canonical base asset
repo_b,scripts/evaluate_conditional_coverage.py,7fb103bd147a61ef238e7dec965d86d7d68fea8966c39be58150aadaac8737f8,scripts/evaluate_conditional_coverage.py,keep,Integration Architect,P2-G0,Canonical base asset
repo_b,scripts/evaluate_cross_system.py,b8d5772ac38fa39cfba6bbc740561898026fba1e4ea527e2a17b9f3377821ec0,scripts/evaluate_cross_system.py,keep,Integration Architect,P2-G0,Canonical base asset
repo_b,scripts/evaluate_hazard_engines.py,bf864aecaf88cc7db437853f1f10e5d4d93df85d44a6ac6cbaf4aabfe6ce5037,scripts/evaluate_hazard_engines.py,keep,Integration Architect,P2-G0,Canonical base asset
repo_b,scripts/evaluate_reference_challenge.py,c6f2f6a12073a420555b019007fdeec7542831e7483bf16127a5ea8e7aec4b8c,scripts/evaluate_reference_challenge.py,keep,Integration Architect,P2-G0,Canonical base asset
repo_b,scripts/evaluate_regime_slices.py,02a18a34cc290d28916dabdc3413760df49bdafe41c3d05a6e7c2770fefe5d64,scripts/evaluate_regime_slices.py,keep,Integration Architect,P2-G0,Canonical base asset
repo_b,scripts/evaluate_spatial_propagation.py,48ff4b0ef011f6095c77a3d9c504cf392e757eb49aefa3fbb3031471c6454113,scripts/evaluate_spatial_propagation.py,keep,Integration Architect,P2-G0,Canonical base asset
repo_b,scripts/evaluate_trajectory_models.py,3ca810cfa8e191ad2a2b22dbae79f80196c30308bbe106bb9faf67fc78dc1125,scripts/evaluate_trajectory_models.py,keep,Integration Architect,P2-G0,Canonical base asset
repo_b,scripts/replay_digital_twin.py,a27aacd9d2cdef707c477af706e0aac311479729929dc063da2733661fc1ed3f,scripts/replay_digital_twin.py,keep,Integration Architect,P2-G0,Canonical base asset
repo_b,scripts/run_benchmark_ladder.py,a6177f57bb56b1158634f152019f8fffdc49b7315f8a61f06f515862ecbbd6d7,scripts/run_benchmark_ladder.py,keep,Integration Architect,P2-G0,Canonical base asset
repo_b,scripts/run_frontier_ablation.py,ea34f090ba3694c41f2facff8539ea5fe1001307e1e58a35bef7cd338e67b1c0,scripts/run_frontier_ablation.py,keep,Integration Architect,P2-G0,Canonical base asset
repo_b,scripts/run_operational_gate.py,f6a8be66e2eb5c1186e24c8279051836cb5eab9ba41592498dd2f30af06797f2,scripts/run_operational_gate.py,keep,Integration Architect,P2-G0,Canonical base asset
repo_b,scripts/smoke_test_builder2.py,68b90d05d59996c51d0b06e8097aa7c91d91c81317ad5ab3e28bf77da67968c8,scripts/smoke_test_builder2.py,keep,Integration Architect,P2-G0,Canonical base asset
repo_b,scripts/smoke_test_final.py,560acca3498dcde55861e97e3bf93fe995ce8f61b1ca89c99b2f9316c854f047,scripts/smoke_test_final.py,keep,Integration Architect,P2-G0,Canonical base asset
repo_b,scripts/smoke_test_historical.py,1f0fd80eea9e9c0af3ae9faa19223e76297ae2509077204279098f8e3a2dbacb,scripts/smoke_test_historical.py,keep,Integration Architect,P2-G0,Canonical base asset
repo_b,scripts/smoke_test_ml.py,d07850e0108e3502ccb833ed532f3d296d4a59290ba5e026f2c851f18f4c927b,scripts/smoke_test_ml.py,keep,Integration Architect,P2-G0,Canonical base asset
repo_b,scripts/smoke_test_serving.py,6df1e190f776969fe51fa2eef2f382884e6d5741dd9fae492f178d10924b15d7,scripts/smoke_test_serving.py,keep,Integration Architect,P2-G0,Canonical base asset
repo_b,scripts/smoke_test_weather.py,0d6c58821f29fd0361dbaee999bf5852aec4c87f018eac2d4132857ba1b11cfd,scripts/smoke_test_weather.py,keep,Integration Architect,P2-G0,Canonical base asset
repo_b,scripts/test_live_system.py,c75c53dcab545d2669ea18395f7bd3ea316a6a0d9f217e4cada9b0f77223ea7f,scripts/test_live_system.py,keep,Integration Architect,P2-G0,Canonical base asset
repo_b,scripts/train_builder2_model.py,2b8de6c94339b432543b139d5d2c308d8707bc17264747fe915ba14b4e2bc6b8,scripts/train_builder2_model.py,keep,Integration Architect,P2-G0,Canonical base asset
repo_b,scripts/verify_16day_trajectory.ps1,bbf139b6643bc60987081a1c82587cda62380ce96339b653fe6cdfd3dc0a5991,scripts/verify_16day_trajectory.ps1,keep,Integration Architect,P2-G0,Canonical base asset
repo_b,scripts/verify_artifacts.py,dd7b91abe644c3abdf20b0d983707f26b0d7b9f49cebceb33a9a11354218bbf3,scripts/verify_artifacts.py,keep,Integration Architect,P2-G0,Canonical base asset
repo_b,scripts/verify_environment.py,eb4ad0cb683522794bb863acbb91feeada9df3b7e2f64fb4fbadeac6eaff16df,scripts/verify_environment.py,keep,Integration Architect,P2-G0,Canonical base asset
repo_b,scripts/verify_frontend_backend_parity.ps1,94dda1ff4209c7cb36315cea73f971e49daa47a6517eb0b2abeed9001eaa27d8,scripts/verify_frontend_backend_parity.ps1,keep,Integration Architect,P2-G0,Canonical base asset
repo_b,scripts/verify_live_http_api.py,768195ed0fabd106146bb948cd6bf84d27210deda26f774820346c8e813b45c1,scripts/verify_live_http_api.py,keep,Integration Architect,P2-G0,Canonical base asset
